experiment,cycle,start_peak_temp_c,end_peak_temp_c,old_frequencies_mhz,new_frequencies_mhz,active_cores,predicted_core_temps_c,predicted_temp_errors_c,start_core_temps_c,end_core_temps_c,start_core_powers_w,end_core_powers_w,start_core_utilizations,end_core_utilizations,start_core_cpis,end_core_cpis,start_core_rel_nuca_cpis,end_core_rel_nuca_cpis,start_core_ips,end_core_ips,start_core_task_ids,end_core_task_ids,start_core_thread_ids,end_core_thread_ids
"parsec-streamcluster-simsmall-3",0,80.83,73.97,"4000;4000;4000;4000","1500;2500;2500;1000","1;1;1;1","nan;nan;nan;nan","nan;nan;nan;nan","72.45;51.38;64.45;80.83","47.46;73.91;73.97;47.94","3.105619894;0.7612299175;2.168527662;3.688551374","0.513987028;3.420001494;3.422744554;0.6755148447","0.2979737783;0.127420999;0.3644314869;0.3731343284","0;0.3457814661;0.346740638;0.3918495298","0.839;1.962;0.686;0.67","1500000.6;0.723;0.721;0.638","0;0;0;0","0;0;0;0","-1191895.113;-509683.9959;-1457725.948;-1492537.313","999.9996;3457814661;3467406380;1567398119","0;0;0;0","0;0;0;0","0;1;2;3","0;1;2;3"
"parsec-streamcluster-simsmall-3",1,73.97,71.45,"1500;2500;2500;1000","2000;2000;1000;1500","1;1;1;1","nan;nan;nan;nan","nan;nan;nan;nan","47.46;73.91;73.97;47.94","62.7;71.45;52.32;55.45","0.513987028;3.420001494;3.422744554;0.6755148447","2.288906452;2.435471672;0.4027583522;1.426593191","0;0.3457814661;0.346740638;0.3918495298","0.3147914033;0.3453038674;0;0.3770739065","1500000.6;0.723;0.721;0.638","0.791;0.724;1000050.178;0.663","0;0;0;0","0;0;0;0","999.9996;3457814661;3467406380;1567398119","2528445006;2762430939;999.9498245;2262443439","0;0;0;0","0;0;0;0","0;1;2;3","1;2;0;3"
"parsec-streamcluster-simsmall-3",2,71.45,69.95,"2000;2000;1000;1500","1500;2000;1000;2000","1;1;1;1","nan;nan;nan;nan","nan;nan;nan;nan","62.7;71.45;52.32;55.45","58.67;69.95;51.28;48.84","2.288906452;2.435471672;0.4027583522;1.426593191","1.365872831;2.250470302;0.7410911427;0.6399895837","0.3147914033;0.3453038674;0;0.3770739065","0.3581661891;0.314861461;0.3924646782;0","0.791;0.724;1000050.178;0.663","0.698;0.794;0.637;2000116.715","0;0;0;0","0;0;0;0","2528445006;2762430939;999.9498245;2262443439","2148997135;2518891688;1569858713;999.9416459","0;0;0;0","0;0;0;0","1;2;0;3","2;1;3;0"
"parsec-streamcluster-simsmall-3",3,69.95,79.98,"1500;2000;1000;2000","2500;2500;1000;1000","1;1;1;1","nan;nan;nan;nan","nan;nan;nan;nan","58.67;69.95;51.28;48.84","78.2;79.98;50.17;47.8","1.365872831;2.250470302;0.7410911427;0.6399895837","3.442560654;3.296274014;0.6808544597;0.4027583553","0.3581661891;0.314861461;0.3924646782;0","0.350140056;0.3306878307;0.4032258065;0","0.698;0.794;0.637;2000116.715","0.714;0.756;0.62;1000037.439","0;0;0;0","0;0;0;0","2148997135;2518891688;1569858713;999.9416459","3501400560;3306878307;1612903226;999.9625624","0;0;0;0","0;0;0;0","2;1;3;0","2;1;3;0"
"parsec-streamcluster-simsmall-3",4,79.98,64.55,"2500;2500;1000;1000","1000;2000;1500;2000","1;1;1;1","nan;nan;nan;nan","nan;nan;nan;nan","78.2;79.98;50.17;47.8","57.57;55.12;55.56;64.55","3.442560654;3.296274014;0.6808544597;0.4027583553","0.7428515257;0.6399895837;1.325974101;2.377384112","0.350140056;0.3306878307;0.4032258065;0","0.3949447077;0;0.3410641201;0.3410641201","0.714;0.756;0.62;1000037.439","0.633;2000000.262;0.733;0.733","0;0;0;0","0;0;0;0","3501400560;3306878307;1612903226;999.9625624","1579778831;999.999869;2046384720;2728512960","0;0;0;0","0;0;0;0","2;1;3;0","3;0;1;2"
"parsec-streamcluster-simsmall-3",5,64.55,69.14,"1000;2000;1500;2000","2000;2000;1500;1000","1;1;1;1","nan;nan;nan;nan","nan;nan;nan;nan","57.57;55.12;55.56;64.55","69.14;67.4;48.32;53.79","0.7428515257;0.6399895837;1.325974101;2.377384112","2.448877712;2.318161442;0.5139870221;0.7513806527","0.3949447077;0;0.3410641201;0.3410641201","0.3546099291;0.3285151117;0;0.4045307443","0.633;2000000.262;0.733;0.733","0.705;0.761;1500051;0.618","0;0;0;0","0;0;0;0","1579778831;999.999869;2046384720;2728512960","2836879433;2628120894;999.9660012;1618122977","0;0;0;0","0;0;0;0","3;0;1;2","2;1;0;3"
"parsec-streamcluster-simsmall-3",6,69.14,75.57,"2000;2000;1500;1000","1500;1000;2500;2000","1;1;1;1","nan;nan;nan;nan","nan;nan;nan;nan","69.14;67.4;48.32;53.79","59.61;54.34;75.57;48.87","2.448877712;2.318161442;0.5139870221;0.7513806527","1.213454012;0.6536986537;3.431638604;0.6399895934","0.3546099291;0.3285151117;0;0.4045307443","0.3687315634;0.3619186047;0.350140056;0","0.705;0.761;1500051;0.618","0.678;0.688;0.714;2000000.398","0;0;0;0","0;0;0;0","2836879433;2628120894;999.9660012;1618122977","2212389381;1453488372;3501400560;999.999801","0;0;0;0","0;0;0;0","2;1;0;3","2;1;3;0"
"parsec-streamcluster-simsmall-3",7,75.57,82.46,"1500;1000;2500;2000","1500;1000;2500;2000","1;1;1;1","nan;nan;nan;nan","nan;nan;nan;nan","59.61;54.34;75.57;48.87","49.95;51.62;82.46;62.92","1.213454012;0.6536986537;3.431638604;0.6399895934","0.513987028;0.6939534747;3.463107014;2.156057012","0.3687315634;0.3619186047;0.350140056;0","0;0.4215851602;0.3531073446;0.3714710253","0.678;0.688;0.714;2000000.398","1500000.695;0.593;0.708;0.673","0;0;0;0","0;0;0;0","2212389381;1453488372;3501400560;999.999801","999.9995367;1686340641;3531073446;2971768202","0;0;0;0","0;0;0;0","2;1;3;0","0;2;1;3"
"parsec-streamcluster-simsmall-3",8,82.46,86.48,"1500;1000;2500;2000","2500;2500;2500;2000","1;1;1;1","nan;nan;nan;nan","nan;nan;nan;nan","49.95;51.62;82.46;62.92","78.29;49.41;86.48;67.21","0.513987028;0.6939534747;3.463107014;2.156057012","3.685508844;0.7811186458;3.688827424;2.281582202","0;0.4215851602;0.3531073446;0.3714710253","0.3720238095;0;0.3725782414;0.3894080997","1500000.695;0.593;0.708;0.673","0.672;2500000.408;0.671;0.642","0;0;0;0","0;0;0;0","999.9995367;1686340641;3531073446;2971768202","3720238095;999.9998368;3725782414;3115264798","0;0;0;0","0;0;0;0","0;2;1;3","3;0;2;1"
"parsec-streamcluster-simsmall-3",9,86.48,66.25,"2500;2500;2500;2000","1000;2000;1000;1500","1;1;1;1","nan;nan;nan;nan","nan;nan;nan;nan","78.29;49.41;86.48;67.21","57.8;66.25;56.96;60.81","3.685508844;0.7811186458;3.688827424;2.281582202","0.7615667877;2.459737122;0.4027583522;1.397423122","0.3720238095;0;0.3725782414;0.3894080997","0.4173622705;0.3576537911;0;0.3720238095","0.672;2500000.408;0.671;0.642","0.599;0.699;1000000.311;0.672","0;0;0;0","0;0;0;0","3720238095;999.9998368;3725782414;3115264798","1669449082;2861230329;999.999689;2232142857","0;0;0;0","0;0;0;0","3;0;2;1","3;2;0;1"
"parsec-streamcluster-simsmall-3",10,66.25,57.35,"1000;2000;1000;1500","1000;1000;2500;1500","1;1;1;1","nan;nan;nan;nan","nan;nan;nan;nan","57.8;66.25;56.96;60.81","52.53;53.68;50.16;57.35","0.7615667877;2.459737122;0.4027583522;1.397423122","0.6832793857;0.6744733387;0.7811186458;1.195493452","0.4173622705;0.3576537911;0;0.3720238095","0.4091653028;0.3961965135;0;0.3602305476","0.599;0.699;1000000.311;0.672","0.611;0.631;2500001.632;0.694","0;0;0;0","0;0;0;0","1669449082;2861230329;999.999689;2232142857","1636661211;1584786054;999.9993472;2161383285","0;0;0;0","0;0;0;0","3;2;0;1","3;1;0;2"
"parsec-streamcluster-simsmall-3",11,57.35,80.53,"1000;1000;2500;1500","2500;2500;2000;2500","1;1;1;1","nan;nan;nan;nan","nan;nan;nan;nan","52.53;53.68;50.16;57.35","79.33;79.94;49.25;80.53","0.6832793857;0.6744733387;0.7811186458;1.195493452","3.742551814;3.789088884;0.6399895934;3.752258084","0.4091653028;0.3961965135;0;0.3602305476","0.3765060241;0.3822629969;0;0.3776435045","0.611;0.631;2500001.632;0.694","0.664;0.654;2000000.506;0.662","0;0;0;0","0;0;0;0","1636661211;1584786054;999.9993472;2161383285","3765060241;3822629969;999.999747;3776435045","0;0;0;0","0;0;0;0","3;1;0;2","1;3;0;2"
"parsec-streamcluster-simsmall-3",12,80.53,84.09,"2500;2500;2000;2500","2500;1500;2500;1500","1;1;1;1","nan;nan;nan;nan","nan;nan;nan;nan","79.33;79.94;49.25;80.53","84.09;62.8;49.81;62.88","3.742551814;3.789088884;0.6399895934;3.752258084","3.524273924;1.303304771;0.7811186458;1.287083631","0.3765060241;0.3822629969;0;0.3776435045","0.3566333809;0.408496732;0;0.3993610224","0.664;0.654;2000000.506;0.662","0.701;0.612;2500000.931;0.626","0;0;0;0","0;0;0;0","3765060241;3822629969;999.999747;3776435045","3566333809;2450980392;999.9996276;2396166134","0;0;0;0","0;0;0;0","1;3;0;2","1;3;0;2"
"parsec-streamcluster-simsmall-3",13,84.09,72.88,"2500;1500;2500;1500","2000;2000;2500;1500","1;1;1;1","nan;nan;nan;nan","nan;nan;nan;nan","84.09;62.8;49.81;62.88","72.88;67.97;49.9;59.31","3.524273924;1.303304771;0.7811186458;1.287083631","2.203033952;2.240259542;0.7811186458;1.311213331","0.3566333809;0.408496732;0;0.3993610224","0.3759398496;0.3858024691;0;0.4105090312","0.701;0.612;2500000.931;0.626","0.665;0.648;2500001.605;0.609","0;0;0;0","0;0;0;0","3566333809;2450980392;999.9996276;2396166134","3007518797;3086419753;999.999358;2463054187","0;0;0;0","0;0;0;0","1;3;0;2","1;3;0;2"
"parsec-streamcluster-simsmall-3",14,72.88,80.39,"2000;2000;2500;1500","1000;2000;1000;2500","1;1;1;1","nan;nan;nan;nan","nan;nan;nan;nan","72.88;67.97;49.9;59.31","56.93;69.09;48.1;80.39","2.203033952;2.240259542;0.7811186458;1.311213331","0.7001335827;2.212213152;0.4027583553;3.566651334","0.3759398496;0.3858024691;0;0.4105090312","0.430292599;0.3858024691;0;0.3671071953","0.665;0.648;2500001.605;0.609","0.581;0.648;1000029.807;0.681","0;0;0;0","0;0;0;0","3007518797;3086419753;999.999358;2463054187","1721170396;3086419753;999.9701939;3671071953","0;0;0;0","0;0;0;0","1;3;0;2","1;3;0;2"
"parsec-streamcluster-simsmall-3",15,80.39,75.79,"1000;2000;1000;2500","1500;2000;1500;2000","1;1;1;1","nan;nan;nan;nan","nan;nan;nan;nan","56.93;69.09;48.1;80.39","60.1;73.75;48.29;75.79","0.7001335827;2.212213152;0.4027583553;3.566651334","1.499033011;2.643219572;0.5139870221;2.596598412","0.430292599;0.3858024691;0;0.3671071953","0.406504065;0.3863987635;0;0.3770739065","0.581;0.648;1000029.807;0.681","0.615;0.647;1500049.592;0.663","0;0;0;0","0;0;0;0","1721170396;3086419753;999.9701939;3671071953","2439024390;3091190108;999.9669398;3016591252","0;0;0;0","0;0;0;0","1;3;0;2","1;3;0;2"
"parsec-streamcluster-simsmall-3",16,75.79,78.97,"1500;2000;1500;2000","1500;2500;1500;2000","1;1;1;1","nan;nan;nan;nan","nan;nan;nan;nan","60.1;73.75;48.29;75.79","52.02;78.97;52.46;68.11","1.499033011;2.643219572;0.5139870221;2.596598412","0.6913920875;3.142728604;1.172945941;1.938493092","0.406504065;0.3863987635;0;0.3770739065","0.09389140271;0.3052503053;0.339673913;0.3125","0.615;0.647;1500049.592;0.663","2.652;0.819;0.736;0.8","0;0;0;0","0;0;0;0","2439024390;3091190108;999.9669398;3016591252","565610859.7;3052503053;2038043478;2500000000","0;0;0;0","0;0;0;0","1;3;0;2","0;4;5;6"
"parsec-streamcluster-simsmall-3",17,78.97,80.83,"1500;2500;1500;2000","1000;1000;1000;2500","1;1;1;1","nan;nan;nan;nan","nan;nan;nan;nan","52.02;78.97;52.46;68.11","47.93;57.6;49.85;80.83","0.6913920875;3.142728604;1.172945941;1.938493092","0.4027583553;0.6508411117;0.6582076677;3.360098024","0.09389140271;0.3052503053;0.339673913;0.3125","0;0.3586800574;0.3698224852;0.3410641201","2.652;0.819;0.736;0.8","1000000.774;0.697;0.676;0.733","0;0;0;0","0;0;0;0","565610859.7;3052503053;2038043478;2500000000","999.999226;1434720230;1479289941;3410641201","0;0;0;0","0;0;0;0","0;4;5;6","0;4;5;6"
"parsec-streamcluster-simsmall-3",18,80.83,59.93,"1000;1000;1000;2500","1500;1000;1500;1000","1;1;1;1","nan;nan;nan;nan","nan;nan;nan;nan","47.93;57.6;49.85;80.83","48.16;54.14;58.53;59.93","0.4027583553;0.6508411117;0.6582076677;3.360098024","0.5139870123;0.8045407637;1.611383821;0.8294784267","0;0.3586800574;0.3698224852;0.3410641201","0;0.350631136;0.3486750349;0.374251497","1000000.774;0.697;0.676;0.733","1500049.603;0.713;0.717;0.668","0;0;0;0","0;0;0;0","999.999226;1434720230;1479289941;3410641201","999.9669324;1402524544;2092050209;1497005988","0;0;0;0","0;0;0;0","0;4;5;6","0;4;5;6"
"parsec-streamcluster-simsmall-3",19,59.93,93.35,"1500;1000;1500;1000","2000;3000;3000;3000","1;1;1;1","nan;nan;nan;nan","nan;nan;nan;nan","48.16;54.14;58.53;59.93","48.79;86.31;90.05;93.35","0.5139870123;0.8045407637;1.611383821;0.8294784267","0.6399895998;4.50434876;4.8171574;4.95249725","0;0.350631136;0.3486750349;0.374251497","0;0.3176020408;0.3486750349;0.3623188406","1500049.603;0.713;0.717;0.668","2000042.832;0.784;0.717;0.69","0;0;0;0","0;0;0;0","999.9669324;1402524544;2092050209;1497005988","999.9785845;3826530612;4184100418;4347826087","0;0;0;0","0;0;0;0","0;4;5;6","0;4;5;6"
"parsec-streamcluster-simsmall-3",20,93.35,65.23,"2000;3000;3000;3000","1000;1000;1000;1000","1;1;1;1","nan;nan;nan;nan","nan;nan;nan;nan","48.79;86.31;90.05;93.35","47.78;62.26;63.66;65.23","0.6399895998;4.50434876;4.8171574;4.95249725","0.4027583368;0.9736797477;1.041413898;1.048766458","0;0.3176020408;0.3486750349;0.3623188406","0;0.3315579228;0.374251497;0.3799392097","2000042.832;0.784;0.717;0.69","1000000.745;0.751;0.668;0.658","0;0;0;0","0;0;0;0","999.9785845;3826530612;4184100418;4347826087","999.999255;1331557923;1497005988;1519756839","0;0;0;0","0;0;0;0","0;4;5;6","0;4;5;6"
"parsec-streamcluster-simsmall-3",21,65.23,62.46,"1000;1000;1000;1000","2000;1500;1500;1000","1;1;1;1","nan;nan;nan;nan","nan;nan;nan;nan","47.78;62.26;63.66;65.23","62.46;60.86;60.99;52.12","0.4027583368;0.9736797477;1.041413898;1.048766458","2.221085892;1.443652611;1.430902982;0.4027583522","0;0.3315579228;0.374251497;0.3799392097","0.302184466;0.3858024691;0.3787878788;0","1000000.745;0.751;0.668;0.658","0.824;0.648;0.66;1000017.681","0;0;0;0","0;0;0;0","999.999255;1331557923;1497005988;1519756839","2427184466;2314814815;2272727273;999.9823193","0;0;0;0","0;0;0;0","0;4;5;6","4;6;5;0"
"parsec-streamcluster-simsmall-3",22,62.46,71.16,"2000;1500;1500;1000","2000;2000;2000;2000","1;1;1;1","nan;nan;nan;nan","nan;nan;nan;nan","62.46;60.86;60.99;52.12","67.71;71.16;70.92;48.95","2.221085892;1.443652611;1.430902982;0.4027583522","2.343912382;2.592328472;2.571545762;0.6399895837","0.302184466;0.3858024691;0.3787878788;0","0.3233766234;0.3753753754;0.3703703704;0","0.824;0.648;0.66;1000017.681","0.77;0.666;0.675;2000000.834","0;0;0;0","0;0;0;0","2427184466;2314814815;2272727273;999.9823193","2597402597;3003003003;2962962963;999.999583","0;0;0;0","0;0;0;0","4;6;5;0","4;6;5;0"
"parsec-streamcluster-simsmall-3",23,71.16,71.08,"2000;2000;2000;2000","2000;1500;1500;1000","1;1;1;1","nan;nan;nan;nan","nan;nan;nan;nan","67.71;71.16;70.92;48.95","71.08;62.74;62.66;47.94","2.343912382;2.592328472;2.571545762;0.6399895837","2.474692622;1.462483902;1.461602232;0.4027583522","0.3233766234;0.3753753754;0.3703703704;0","0.3546099291;0.3924646782;0.3924646782;0","0.77;0.666;0.675;2000000.834","0.705;0.637;0.637;1000028.756","0;0;0;0","0;0;0;0","2597402597;3003003003;2962962963;999.999583","2836879433;2354788069;2354788069;999.9712448","0;0;0;0","0;0;0;0","4;6;5;0","4;6;5;0"
"parsec-streamcluster-simsmall-3",24,71.08,82.8,"2000;1500;1500;1000","2500;2500;2000;2000","1;1;1;1","nan;nan;nan;nan","nan;nan;nan;nan","71.08;62.74;62.66;47.94","82.8;82.04;68.46;48.87","2.474692622;1.462483902;1.461602232;0.4027583522","3.616568354;3.708684784;2.316292142;0.6399895934","0.3546099291;0.3924646782;0.3924646782;0","0.3628447025;0.3748125937;0.398089172;0","0.705;0.637;0.637;1000028.756","0.689;0.667;0.628;2000000.713","0;0;0;0","0;0;0;0","2836879433;2354788069;2354788069;999.9712448","3628447025;3748125937;3184713376;999.9996435","0;0;0;0","0;0;0;0","4;6;5;0","4;6;5;0"
"parsec-streamcluster-simsmall-3",25,82.8,65.43,"2500;2500;2000;2000","1500;1500;1000;2000","1;1;1;1","nan;nan;nan;nan","nan;nan;nan;nan","82.8;82.04;68.46;48.87","65.43;55.55;55.89;65.3","3.616568354;3.708684784;2.316292142;0.6399895934","1.413043951;0.5139870221;0.7648046087;2.425655192","0.3628447025;0.3748125937;0.398089172;0","0.3787878788;0;0.4201680672;0.350140056","0.689;0.667;0.628;2000000.713","0.66;1500046.093;0.595;0.714","0;0;0;0","0;0;0;0","3628447025;3748125937;3184713376;999.9996435","2272727273;999.9692723;1680672269;2801120448","0;0;0;0","0;0;0;0","4;6;5;0","5;0;6;4"
"parsec-streamcluster-simsmall-3",26,65.43,79.09,"1500;1500;1000;2000","1000;1000;1000;2500","1;1;1;1","nan;nan;nan;nan","nan;nan;nan;nan","65.43;55.55;55.89;65.3","51.91;52.42;52.06;79.09","1.413043951;0.5139870221;0.7648046087;2.425655192","0.4027583553;0.6909952277;0.6860571487;3.383307214","0.3787878788;0;0.4201680672;0.350140056","0;0.4194630872;0.4118616145;0.3434065934","0.66;1500046.093;0.595;0.714","1000026.8;0.596;0.607;0.728","0;0;0;0","0;0;0;0","2272727273;999.9692723;1680672269;2801120448","999.9732007;1677852349;1647446458;3434065934","0;0;0;0","0;0;0;0","5;0;6;4","0;6;4;5"
"parsec-streamcluster-simsmall-3",27,79.09,78.46,"1000;1000;1000;2500","2000;2500;1000;1000","1;1;1;1","nan;nan;nan;nan","nan;nan;nan;nan","51.91;52.42;52.06;79.09","65.28;78.46;50.93;54.37","0.4027583553;0.6909952277;0.6860571487;3.383307214","2.203736362;3.553532594;0.6993360377;0.4027583553","0;0.4194630872;0.4118616145;0.3434065934","0.382848392;0.3649635036;0.4295532646;0","1000026.8;0.596;0.607;0.728","0.653;0.685;0.582;1000032","0;0;0;0","0;0;0;0","999.9732007;1677852349;1647446458;3434065934","3062787136;3649635036;1718213058;999.968001","0;0;0;0","0;0;0;0","0;6;4;5","5;6;4;0"
"parsec-streamcluster-simsmall-3",28,78.46,83.12,"2000;2500;1000;1000","1000;2500;1000;2000","1;1;1;1","nan;nan;nan;nan","nan;nan;nan;nan","65.28;78.46;50.93;54.37","54.18;83.12;50.32;48.99","2.203736362;3.553532594;0.6993360377;0.4027583553","0.6946729057;3.408252724;0.6895320877;0.6399895934","0.382848392;0.3649635036;0.4295532646;0","0.425170068;0.346740638;0.4159733777;0","0.653;0.685;0.582;1000032","0.588;0.721;0.601;2000000.6","0;0;0;0","0;0;0;0","3062787136;3649635036;1718213058;999.968001","1700680272;3467406380;1663893511;999.9997","0;0;0;0","0;0;0;0","5;6;4;0","5;6;4;0"
"parsec-streamcluster-simsmall-3",29,83.12,86.62,"1000;2500;1000;2000","1000;2500;2500;2000","1;1;1;1","nan;nan;nan;nan","nan;nan;nan;nan","54.18;83.12;50.32;48.99","51.66;86.62;78.01;49.07","0.6946729057;3.408252724;0.6895320877;0.6399895934","0.7047043037;3.578844814;3.608666034;0.6399895934","0.425170068;0.346740638;0.4159733777;0","0.4370629371;0.3681885125;0.3725782414;0","0.588;0.721;0.601;2000000.6","0.572;0.679;0.671;2000005.4","0;0;0;0","0;0;0;0","1700680272;3467406380;1663893511;999.9997","1748251748;3681885125;3725782414;999.9973","0;0;0;0","0;0;0;0","5;6;4;0","4;6;5;0"
"parsec-streamcluster-simsmall-3",30,86.62,77.43,"1000;2500;2500;2000","1500;2000;1000;1000","1;1;1;1","nan;nan;nan;nan","nan;nan;nan;nan","51.66;86.62;78.01;49.07","57.48;77.43;57.77;47.94","0.7047043037;3.578844814;3.608666034;0.6399895934","1.433124142;2.502321302;0.7817490307;0.4027583522","0.4370629371;0.3681885125;0.3725782414;0","0.3863987635;0.3644314869;0.4393673111;0","0.572;0.679;0.671;2000005.4","0.647;0.686;0.569;1000013.49","0;0;0;0","0;0;0;0","1748251748;3681885125;3725782414;999.9973","2318392581;2915451895;1757469244;999.9865102","0;0;0;0","0;0;0;0","4;6;5;0","4;6;5;0"
"parsec-streamcluster-simsmall-3",31,77.43,79.36,"1500;2000;1000;1000","2500;2000;1500;2500","1;1;1;1","nan;nan;nan;nan","nan;nan;nan;nan","57.48;77.43;57.77;47.94","79.36;72.36;58.13;49.52","1.433124142;2.502321302;0.7817490307;0.4027583522","3.601620964;2.244418462;1.335162761;0.7811186458","0.3863987635;0.3644314869;0.4393673111;0","0.3660322108;0.3863987635;0.4237288136;0","0.647;0.686;0.569;1000013.49","0.683;0.647;0.59;2500021.509","0;0;0;0","0;0;0;0","2318392581;2915451895;1757469244;999.9865102","3660322108;3091190108;2542372881;999.9913965","0;0;0;0","0;0;0;0","4;6;5;0","4;6;5;0"
"parsec-streamcluster-simsmall-3",32,79.36,79.28,"2500;2000;1500;2500","1500;1500;2500;1000","1;1;1;1","nan;nan;nan;nan","nan;nan;nan;nan","79.36;72.36;58.13;49.52","54.47;62.01;79.28;48.76","3.601620964;2.244418462;1.335162761;0.7811186458","0.513987028;1.273683832;3.510168834;0.6965552727","0.3660322108;0.3863987635;0.4237288136;0","0;0.4006410256;0.3597122302;0.425170068","0.683;0.647;0.59;2500021.509","1500000.779;0.624;0.695;0.588","0;0;0;0","0;0;0;0","3660322108;3091190108;2542372881;999.9913965","999.9994807;2403846154;3597122302;1700680272","0;0;0;0","0;0;0;0","4;6;5;0","0;5;6;4"
"parsec-streamcluster-simsmall-3",33,79.28,80.62,"1500;1500;2500;1000","2500;1500;2500;1500","1;1;1;1","nan;nan;nan;nan","nan;nan;nan;nan","54.47;62.01;79.28;48.76","53.63;58.63;80.62;53.32","0.513987028;1.273683832;3.510168834;0.6965552727","1.206802556;1.232793221;3.195505584;1.182892871","0;0.4006410256;0.3597122302;0.425170068","0.05518617021;0.3692762186;0.313283208;0.3443526171","1500000.779;0.624;0.695;0.588","4.512;0.677;0.798;0.726","0;0;0;0","0;0;0;0","999.9994807;2403846154;3597122302;1700680272","554078014.2;2215657312;3132832080;2066115702","0;0;0;0","0;0;0;0","0;5;6;4","0;7;8;9"
"parsec-streamcluster-simsmall-3",34,80.62,74.92,"2500;1500;2500;1500","1500;1000;2000;1000","1;1;1;1","nan;nan;nan;nan","nan;nan;nan;nan","53.63;58.63;80.62;53.32","57.63;49.89;74.92;50.98","1.206802556;1.232793221;3.195505584;1.182892871","1.391185192;0.4027583522;2.442374582;0.7412424557","0.05518617021;0.3692762186;0.313283208;0.3443526171","0.3671071953;0;0.3526093089;0.3888024883","4.512;0.677;0.798;0.726","0.681;1000036.964;0.709;0.643","0;0;0;0","0;0;0;0","554078014.2;2215657312;3132832080;2066115702","2202643172;999.9630374;2820874471;1555209953","0;0;0;0","0;0;0;0","0;7;8;9","9;0;8;7"
"parsec-streamcluster-simsmall-3",35,74.92,66.06,"1500;1000;2000;1000","1500;1000;2000;2000","1;1;1;1","nan;nan;nan;nan","nan;nan;nan;nan","57.63;49.89;74.92;50.98","58.44;51.05;54.36;66.06","1.391185192;0.4027583522;2.442374582;0.7412424557","1.388331771;0.7469141037;0.6399895837;2.390056992","0.3671071953;0;0.3526093089;0.3888024883","0.3681885125;0.3987240829;0;0.3434065934","0.681;1000036.964;0.709;0.643","0.679;0.627;2000071.508;0.728","0;0;0;0","0;0;0;0","2202643172;999.9630374;2820874471;1555209953","2209131075;1594896332;999.9642473;2747252747","0;0;0;0","0;0;0;0","9;0;8;7","8;9;0;7"
"parsec-streamcluster-simsmall-3",36,66.06,76.72,"1500;1000;2000;2000","1500;2500;1000;1500","1;1;1;1","nan;nan;nan;nan","nan;nan;nan;nan","58.44;51.05;54.36;66.06","56.98;76.72;52.14;50.81","1.388331771;0.7469141037;0.6399895837;2.390056992","1.231964181;3.456524294;0.6899859167;0.513987028","0.3681885125;0.3987240829;0;0.3434065934","0.3770739065;0.3521126761;0.4159733777;0","0.679;0.627;2000071.508;0.728","0.663;0.71;0.601;1500045.696","0;0;0;0","0;0;0;0","2209131075;1594896332;999.9642473;2747252747","2262443439;3521126761;1663893511;999.9695369","0;0;0;0","0;0;0;0","8;9;0;7","7;9;8;0"
"parsec-streamcluster-simsmall-3",37,76.72,83.01,"1500;2500;1000;1500","1500;2500;1000;1500","1;1;1;1","nan;nan;nan;nan","nan;nan;nan;nan","56.98;76.72;52.14;50.81","56.68;83.01;51;48.38","1.231964181;3.456524294;0.6899859167;0.513987028","1.234684151;3.458445714;0.6885491507;0.513987028","0.3770739065;0.3521126761;0.4159733777;0","0.3793626707;0.3531073446;0.4132231405;0","0.663;0.71;0.601;1500045.696","0.659;0.708;0.605;1500000.996","0;0;0;0","0;0;0;0","2262443439;3521126761;1663893511;999.9695369","2276176024;3531073446;1652892562;999.999336","0;0;0;0","0;0;0;0","7;9;8;0","7;9;8;0"
"parsec-streamcluster-simsmall-3",38,83.01,65.07,"1500;2500;1000;1500","2000;1500;1000;1000","1;1;1;1","nan;nan;nan;nan","nan;nan;nan;nan","56.68;83.01;51;48.38","48.95;65.07;50.97;49.81","1.234684151;3.458445714;0.6885491507;0.513987028","0.6399895837;1.372443912;0.7408657777;0.7344782107","0.3793626707;0.3531073446;0.4132231405;0","0;0.363372093;0.3943217666;0.386996904","0.659;0.708;0.605;1500000.996","2000119.106;0.688;0.634;0.646","0;0;0;0","0;0;0;0","2276176024;3531073446;1652892562;999.999336","999.9404505;2180232558;1577287066;1547987616","0;0;0;0","0;0;0;0","7;9;8;0","0;8;9;7"
"parsec-streamcluster-simsmall-3",39,65.07,67.39,"2000;1500;1000;1000","2000;1000;2000;1500","1;1;1;1","nan;nan;nan;nan","nan;nan;nan;nan","48.95;65.07;50.97;49.81","48.95;55.57;67.39;56.24","0.6399895837;1.372443912;0.7408657777;0.7344782107","0.6399895837;0.7612065847;2.494009922;1.402303071","0;0.363372093;0.3943217666;0.386996904","0;0.415282392;0.3639010189;0.3736920777","2000119.106;0.688;0.634;0.646","2000123.106;0.602;0.687;0.669","0;0;0;0","0;0;0;0","999.9404505;2180232558;1577287066;1547987616","999.9384508;1661129568;2911208151;2242152466","0;0;0;0","0;0;0;0","0;8;9;7","0;8;9;7"
"parsec-streamcluster-simsmall-3",40,67.39,71.71,"2000;1000;2000;1500","2000;1000;2000;2000","1;1;1;1","nan;nan;nan;nan","nan;nan;nan;nan","48.95;55.57;67.39;56.24","48.95;52.96;71.71;68.38","0.6399895837;0.7612065847;2.494009922;1.402303071","0.6399895837;0.7647886037;2.524850762;2.487462602","0;0.415282392;0.3639010189;0.3736920777","0;0.418760469;0.3698224852;0.3623188406","2000123.106;0.602;0.687;0.669","2000063.106;0.597;0.676;0.69","0;0;0;0","0;0;0;0","999.9384508;1661129568;2911208151;2242152466","999.968448;1675041876;2958579882;2898550725","0;0;0;0","0;0;0;0","0;8;9;7","0;8;9;7"
"parsec-streamcluster-simsmall-3",41,71.71,70.97,"2000;1000;2000;2000","1500;1000;1000;2000","1;1;1;1","nan;nan;nan;nan","nan;nan;nan;nan","48.95;52.96;71.71;68.38","55.46;51.94;52.71;70.97","0.6399895837;0.7647886037;2.524850762;2.487462602","1.406732221;0.7643560857;0.4027583522;2.433844092","0;0.418760469;0.3698224852;0.3623188406","0.3765060241;0.4201680672;0;0.3521126761","2000063.106;0.597;0.676;0.69","0.664;0.595;1000000.86;0.71","0;0;0;0","0;0;0;0","999.968448;1675041876;2958579882;2898550725","2259036145;1680672269;999.99914;2816901408","0;0;0;0","0;0;0;0","0;8;9;7","8;9;0;7"
"parsec-streamcluster-simsmall-3",42,70.97,82.08,"1500;1000;1000;2000","2000;1500;2000;2500","1;1;1;1","nan;nan;nan;nan","nan;nan;nan;nan","55.46;51.94;52.71;70.97","64.83;56.09;48.95;82.08","1.406732221;0.7643560857;0.4027583522;2.433844092","2.208695352;1.315091651;0.6399895934;3.517131454","0.3765060241;0.4201680672;0;0.3521126761","0.378214826;0.4139072848;0;0.3551136364","0.664;0.595;1000000.86;0.71","0.661;0.604;2000042.782;0.704","0;0;0;0","0;0;0;0","2259036145;1680672269;999.99914;2816901408","3025718608;2483443709;999.9786095;3551136364","0;0;0;0","0;0;0;0","8;9;0;7","8;9;0;7"
"parsec-streamcluster-simsmall-3",43,82.08,79.86,"2000;1500;2000;2500","2500;1000;1500;2000","1;1;1;1","nan;nan;nan;nan","nan;nan;nan;nan","64.83;56.09;48.95;82.08","79.86;51.67;48.46;71.8","2.208695352;1.315091651;0.6399895934;3.517131454","3.453302204;0.7028200177;0.513987028;2.135462512","0.378214826;0.4139072848;0;0.3551136364","0.3521126761;0.4355400697;0;0.366568915","0.661;0.604;2000042.782;0.704","0.71;0.574;1500000.941;0.682","0;0;0;0","0;0;0;0","3025718608;2483443709;999.9786095;3551136364","3521126761;1742160279;999.9993727;2932551320","0;0;0;0","0;0;0;0","8;9;0;7","8;9;0;7"
"parsec-streamcluster-simsmall-3",44,79.86,76.71,"2500;1000;1500;2000","1000;2500;2000;1500","1;1;1;1","nan;nan;nan;nan","nan;nan;nan;nan","79.86;51.67;48.46;71.8","57.74;76.71;62.31;53.45","3.453302204;0.7028200177;0.513987028;2.135462512","0.6992210407;3.449437834;2.123458902;0.513987028","0.3521126761;0.4355400697;0;0.366568915","0.4295532646;0.3511235955;0.363372093;0","0.71;0.574;1500000.941;0.682","0.582;0.712;0.688;1500000.941","0;0;0;0","0;0;0;0","3521126761;1742160279;999.9993727;2932551320","1718213058;3511235955;2906976744;999.9993727","0;0;0;0","0;0;0;0","8;9;0;7","9;8;7;0"
"parsec-streamcluster-simsmall-3",45,76.71,80.22,"1000;2500;2000;1500","2500;1000;1500;2000","1;1;1;1","nan;nan;nan;nan","nan;nan;nan;nan","57.74;76.71;62.31;53.45","80.22;53.59;58.25;65.61","0.6992210407;3.449437834;2.123458902;0.513987028","3.606227814;0.4027583553;1.314642572;2.216556722","0.4295532646;0.3511235955;0.363372093;0","0.366568915;0;0.4125412541;0.3793626707","0.582;0.712;0.688;1500000.941","0.682;1000000.552;0.606;0.659","0;0;0;0","0;0;0;0","1718213058;3511235955;2906976744;999.9993727","3665689150;999.999448;2475247525;3034901366","0;0;0;0","0;0;0;0","9;8;7;0","9;0;7;8"
"parsec-streamcluster-simsmall-3",46,80.22,81.56,"2500;1000;1500;2000","1500;2000;2500;2500","1;1;1;1","nan;nan;nan;nan","nan;nan;nan;nan","80.22;53.59;58.25;65.61","63.49;48.84;79.47;81.56","3.606227814;0.4027583553;1.314642572;2.216556722","1.323683172;0.6399895934;3.587932534;3.587890224","0.366568915;0;0.4125412541;0.3793626707","0.4180602007;0;0.3639010189;0.3639010189","0.682;1000000.552;0.606;0.659","0.598;2000050.169;0.687;0.687","0;0;0;0","0;0;0;0","3665689150;999.999448;2475247525;3034901366","2508361204;999.9749161;3639010189;3639010189","0;0;0;0","0;0;0;0","9;0;7;8","9;0;7;8"
"parsec-streamcluster-simsmall-3",47,81.56,60.75,"1500;2000;2500;2500","1500;2000;1000;1000","1;1;1;1","nan;nan;nan;nan","nan;nan;nan;nan","63.49;48.84;79.47;81.56","60.75;48.94;58.18;59","1.323683172;0.6399895934;3.587932534;3.587890224","1.395863182;0.6399895837;0.7550759117;0.7552978637","0.4180602007;0;0.3639010189;0.3639010189","0.3720238095;0;0.4098360656;0.4105090312","0.598;2000050.169;0.687;0.687","0.672;2000000.927;0.61;0.609","0;0;0;0","0;0;0;0","2508361204;999.9749161;3639010189;3639010189","2232142857;999.9995365;1639344262;1642036125","0;0;0;0","0;0;0;0","9;0;7;8","9;0;7;8"
"parsec-streamcluster-simsmall-3",48,60.75,80.1,"1500;2000;1000;1000","2500;2000;1500;1000","1;1;1;1","nan;nan;nan;nan","nan;nan;nan;nan","60.75;48.94;58.18;59","80.1;48.95;57.83;53.29","1.395863182;0.6399895837;0.7550759117;0.7552978637","3.495403214;0.6399895934;1.263462702;0.7009036597","0.3720238095;0;0.4098360656;0.4105090312","0.3571428571;0;0.3943217666;0.4317789292","0.672;2000000.927;0.61;0.609","0.7;2000040.927;0.634;0.579","0;0;0;0","0;0;0;0","2232142857;999.9995365;1639344262;1642036125","3571428571;999.9795369;2365930599;1727115717","0;0;0;0","0;0;0;0","9;0;7;8","9;0;8;7"
"parsec-streamcluster-simsmall-3",49,80.1,73.1,"2500;2000;1500;1000","2000;2000;1500;1000","1;1;1;1","nan;nan;nan;nan","nan;nan;nan;nan","80.1;48.95;57.83;53.29","73.1;49.8;57.8;51.57","3.495403214;0.6399895934;1.263462702;0.7009036597","2.314735422;0.9940855561;1.299383872;0.7114533927","0.3571428571;0;0.3943217666;0.4317789292","0.3267973856;0.06897506925;0.3293807642;0.3556187767","0.7;2000040.927;0.634;0.579","0.765;3.61;0.759;0.703","0;0;0;0","0;0;0;0","3571428571;999.9795369;2365930599;1727115717","2614379085;554016620.5;1976284585;1422475107","0;0;0;0","0;0;0;0","9;0;8;7","10;0;11;12"
"parsec-streamcluster-simsmall-3",50,73.1,74.99,"2000;2000;1500;1000","2500;2500;2000;1000","1;1;1;1","nan;nan;nan;nan","nan;nan;nan;nan","73.1;49.8;57.8;51.57","53.85;74.99;65.24;50.43","2.314735422;0.9940855561;1.299383872;0.7114533927","0.7811186458;3.375485324;2.112882002;0.6746804827","0.3267973856;0.06897506925;0.3293807642;0.3556187767","0;0.340599455;0.3602305476;0.3912363067","0.765;3.61;0.759;0.703","2500001.701;0.734;0.694;0.639","0;0;0;0","0;0;0;0","2614379085;554016620.5;1976284585;1422475107","999.9993196;3405994550;2881844380;1564945227","0;0;0;0","0;0;0;0","10;0;11;12","0;10;12;11"
"parsec-streamcluster-simsmall-3",51,74.99,81.38,"2500;2500;2000;1000","2500;2500;2500;2500","1;1;1;1","nan;nan;nan;nan","nan;nan;nan;nan","53.85;74.99;65.24;50.43","49.86;81.38;81.36;74.7","0.7811186458;3.375485324;2.112882002;0.6746804827","0.7811186458;3.463604414;3.628656674;3.388156144","0;0.340599455;0.3602305476;0.3912363067","0;0.3415300546;0.3644314869;0.3311258278","2500001.701;0.734;0.694;0.639","2500000.201;0.732;0.686;0.755","0;0;0;0","0;0;0;0","999.9993196;3405994550;2881844380;1564945227","999.9999196;3415300546;3644314869;3311258278","0;0;0;0","0;0;0;0","0;10;12;11","0;10;12;11"
"parsec-streamcluster-simsmall-3",52,81.38,82.41,"2500;2500;2500;2500","2500;2000;2500;1000","1;1;1;1","nan;nan;nan;nan","nan;nan;nan;nan","49.86;81.38;81.36;74.7","49.83;70.9;82.41;55.94","0.7811186458;3.463604414;3.628656674;3.388156144","0.7811186458;2.082587692;3.267650684;0.6828071767","0;0.3415300546;0.3644314869;0.3311258278","0;0.3531073446;0.3267973856;0.4058441558","2500000.201;0.732;0.686;0.755","2500004.75;0.708;0.765;0.616","0;0;0;0","0;0;0;0","999.9999196;3415300546;3644314869;3311258278","999.9981;2824858757;3267973856;1623376623","0;0;0;0","0;0;0;0","0;10;12;11","0;10;11;12"
"parsec-streamcluster-simsmall-3",53,82.41,71.84,"2500;2000;2500;1000","2000;2000;1000;1500","1;1;1;1","nan;nan;nan;nan","nan;nan;nan;nan","49.83;70.9;82.41;55.94","49.15;71.84;59.42;58.41","0.7811186458;2.082587692;3.267650684;0.6828071767","0.6399895837;2.360860312;0.7330632477;1.393383751","0;0.3531073446;0.3267973856;0.4058441558","0;0.3378378378;0.382848392;0.3709198813","2500004.75;0.708;0.765;0.616","2000001.133;0.74;0.653;0.674","0;0;0;0","0;0;0;0","999.9981;2824858757;3267973856;1623376623","999.9994335;2702702703;1531393568;2225519288","0;0;0;0","0;0;0;0","0;10;11;12","0;10;11;12"
"parsec-streamcluster-simsmall-3",54,71.84,79.6,"2000;2000;1000;1500","2000;2500;1000;1500","1;1;1;1","nan;nan;nan;nan","nan;nan;nan;nan","49.15;71.84;59.42;58.41","49.02;79.6;53.43;56.84","0.6399895837;2.360860312;0.7330632477;1.393383751","0.6399895934;3.184178344;0.6795405327;1.214552711","0;0.3378378378;0.382848392;0.3709198813","0;0.3156565657;0.4012841091;0.3681885125","2000001.133;0.74;0.653;0.674","2000000.139;0.792;0.623;0.679","0;0;0;0","0;0;0;0","999.9994335;2702702703;1531393568;2225519288","999.9999305;3156565657;1605136437;2209131075","0;0;0;0","0;0;0;0","0;10;11;12","0;11;12;10"
"parsec-streamcluster-simsmall-3",55,79.6,78.08,"2000;2500;1000;1500","1500;2000;2500;1000","1;1;1;1","nan;nan;nan;nan","nan;nan;nan;nan","49.02;79.6;53.43;56.84","48.39;69.85;78.08;51.77","0.6399895934;3.184178344;0.6795405327;1.214552711","0.513987028;1.985664582;3.470364154;0.6774311097","0;0.3156565657;0.4012841091;0.3681885125","0;0.3289473684;0.3546099291;0.3968253968","2000000.139;0.792;0.623;0.679","1500000.104;0.76;0.705;0.63","0;0;0;0","0;0;0;0","999.9999305;3156565657;1605136437;2209131075","999.9999307;2631578947;3546099291;1587301587","0;0;0;0","0;0;0;0","0;11;12;10","0;11;12;10"
"parsec-streamcluster-simsmall-3",56,78.08,66.87,"1500;2000;2500;1000","1000;1000;1500;1500","1;1;1;1","nan;nan;nan;nan","nan;nan;nan;nan","48.39;69.85;78.08;51.77","47.74;57.76;66.87;59.98","0.513987028;1.985664582;3.470364154;0.6774311097","0.4027583471;0.8543105277;1.686013442;1.668343352","0;0.3289473684;0.3546099291;0.3968253968","0;0.3924646782;0.3709198813;0.3649635036","1500000.104;0.76;0.705;0.63","1000051.068;0.637;0.674;0.685","0;0;0;0","0;0;0;0","999.9999307;2631578947;3546099291;1587301587","999.9489346;1569858713;2225519288;2189781022","0;0;0;0","0;0;0;0","0;11;12;10","0;11;12;10"
"parsec-streamcluster-simsmall-3",57,66.87,79.46,"1000;1000;1500;1500","1500;2000;2000;2500","1;1;1;1","nan;nan;nan;nan","nan;nan;nan;nan","47.74;57.76;66.87;59.98","48.14;66.69;68.99;79.46","0.4027583471;0.8543105277;1.686013442;1.668343352","0.513987028;2.232360142;2.247319692;3.584831694","0;0.3924646782;0.3709198813;0.3649635036","0;0.3793626707;0.382848392;0.3602305476","1000051.068;0.637;0.674;0.685","1500000.702;0.659;0.653;0.694","0;0;0;0","0;0;0;0","999.9489346;1569858713;2225519288;2189781022","999.999532;3034901366;3062787136;3602305476","0;0;0;0","0;0;0;0","0;11;12;10","0;11;12;10"
"parsec-streamcluster-simsmall-3",58,79.46,71.72,"1500;2000;2000;2500","1500;2000;2000;1000","1;1;1;1","nan;nan;nan;nan","nan;nan;nan;nan","48.14;66.69;68.99;79.46","55.22;71.72;52.55;58.17","0.513987028;2.232360142;2.247319692;3.584831694","1.417393731;2.482797032;0.6399895837;0.7597329347","0;0.3793626707;0.382848392;0.3602305476","0.3805175038;0.3617945007;0;0.4132231405","1500000.702;0.659;0.653;0.694","0.657;0.691;2000000.669;0.605","0;0;0;0","0;0;0;0","999.999532;3034901366;3062787136;3602305476","2283105023;2894356006;999.9996655;1652892562","0;0;0;0","0;0;0;0","0;11;12;10","12;10;0;11"
"parsec-streamcluster-simsmall-3",59,71.72,77.82,"1500;2000;2000;1000","1000;2000;2500;2500","1;1;1;1","nan;nan;nan;nan","nan;nan;nan;nan","55.22;71.72;52.55;58.17","50.97;69.48;77.82;49.92","1.417393731;2.482797032;0.6399895837;0.7597329347","0.6972362957;2.154024212;3.465071914;0.7811186458","0.3805175038;0.3617945007;0;0.4132231405","0.4266211604;0.3714710253;0.3536067893;0","0.657;0.691;2000000.669;0.605","0.586;0.673;0.707;2500001","0;0;0;0","0;0;0;0","2283105023;2894356006;999.9996655;1652892562","1706484642;2971768202;3536067893;999.9996","0;0;0;0","0;0;0;0","12;10;0;11","12;10;11;0"
"parsec-streamcluster-simsmall-3",60,77.82,82.31,"1000;2000;2500;2500","1500;2500;1500;2000","1;1;1;1","nan;nan;nan;nan","nan;nan;nan;nan","50.97;69.48;77.82;49.92","55.36;82.31;62.35;49.23","0.6972362957;2.154024212;3.465071914;0.7811186458","1.297303971;3.520738174;1.284593512;0.6399895934","0.4266211604;0.3714710253;0.3536067893;0","0.4058441558;0.3566333809;0.3987240829;0","0.586;0.673;0.707;2500001","0.616;0.701;0.627;2000001.259","0;0;0;0","0;0;0;0","1706484642;2971768202;3536067893;999.9996","2435064935;3566333809;2392344498;999.9993705","0;0;0;0","0;0;0;0","12;10;11;0","12;10;11;0"
"parsec-streamcluster-simsmall-3",61,82.31,81.13,"1500;2500;1500;2000","2000;1500;2500;1000","1;1;1;1","nan;nan;nan;nan","nan;nan;nan;nan","55.36;82.31;62.35;49.23","65.21;64.29;81.13;47.99","1.297303971;3.520738174;1.284593512;0.6399895934","2.235867882;1.321833191;3.585131054;0.4027583553","0.4058441558;0.3566333809;0.3987240829;0","0.3840245776;0.4159733777;0.363372093;0","0.616;0.701;0.627;2000001.259","0.651;0.601;0.688;1000000.2","0;0;0;0","0;0;0;0","2435064935;3566333809;2392344498;999.9993705","3072196621;2495840266;3633720930;999.9998","0;0;0;0","0;0;0;0","12;10;11;0","12;10;11;0"
"parsec-streamcluster-simsmall-3",62,81.13,75.79,"2000;1500;2500;1000","1500;1500;2000;1000","1;1;1;1","nan;nan;nan;nan","nan;nan;nan;nan","65.21;64.29;81.13;47.99","60.81;61.91;75.79;47.74","2.235867882;1.321833191;3.585131054;0.4027583553","1.470513452;1.482833592;2.551435162;0.4027583522","0.3840245776;0.4159733777;0.363372093;0","0.3955696203;0.4012841091;0.3692762186;0","0.651;0.601;0.688;1000000.2","0.632;0.623;0.677;1000000.282","0;0;0;0","0;0;0;0","3072196621;2495840266;3633720930;999.9998","2373417722;2407704655;2954209749;999.999718","0;0;0;0","0;0;0;0","12;10;11;0","12;10;11;0"
"parsec-streamcluster-simsmall-3",63,75.79,83.04,"1500;1500;2000;1000","1000;1000;2500;2500","1;1;1;1","nan;nan;nan;nan","nan;nan;nan;nan","60.81;61.91;75.79;47.74","52.98;53.82;83.04;49.48","1.470513452;1.482833592;2.551435162;0.4027583522","0.6903453787;0.6931263177;3.384777554;0.7811186458","0.3955696203;0.4012841091;0.3692762186;0","0.4180602007;0.4230118443;0.3438789546;0","0.632;0.623;0.677;1000000.282","0.598;0.591;0.727;2500001.75","0;0;0;0","0;0;0;0","2373417722;2407704655;2954209749;999.999718","1672240803;1692047377;3438789546;999.9993","0;0;0;0","0;0;0;0","12;10;11;0","12;10;11;0"
"parsec-streamcluster-simsmall-3",64,83.04,86.43,"1000;1000;2500;2500","1500;2500;2500;1500","1;1;1;1","nan;nan;nan;nan","nan;nan;nan;nan","52.98;53.82;83.04;49.48","56.35;49.52;86.43;53.88","0.6903453787;0.6931263177;3.384777554;0.7811186458","1.300993362;0.7811186458;3.564727524;1.298472701","0.4180602007;0.4230118443;0.3438789546;0","0.4071661238;0;0.3623188406;0.406504065","0.598;0.591;0.727;2500001.75","0.614;2500090.847;0.69;0.615","0;0;0;0","0;0;0;0","1672240803;1692047377;3438789546;999.9993","2442996743;999.9636625;3623188406;2439024390","0;0;0;0","0;0;0;0","12;10;11;0","12;0;11;10"
"parsec-streamcluster-simsmall-3",65,86.43,78.08,"1500;2500;2500;1500","1500;1500;2000;1500","1;1;1;1","nan;nan;nan;nan","nan;nan;nan;nan","56.35;49.52;86.43;53.88","59.02;48.48;78.08;57.81","1.300993362;0.7811186458;3.564727524;1.298472701","1.493523212;0.5139870221;2.574514152;1.487004292","0.4071661238;0;0.3623188406;0.406504065","0.4058441558;0;0.374251497;0.4032258065","0.614;2500090.847;0.69;0.615","0.616;1500060.265;0.668;0.62","0;0;0;0","0;0;0;0","2442996743;999.9636625;3623188406;2439024390","2435064935;999.9598249;2994011976;2419354839","0;0;0;0","0;0;0;0","12;0;11;10","12;0;11;10"
"parsec-streamcluster-simsmall-3",66,78.08,74.96,"1500;1500;2000;1500","2500;1000;1500;1500","1;1;1;1","nan;nan;nan;nan","nan;nan;nan;nan","59.02;48.48;78.08;57.81","74.96;48.86;62.16;50.63","1.493523212;0.5139870221;2.574514152;1.487004292","3.122245884;0.6526231277;1.138605832;0.6877474295","0.4058441558;0;0.374251497;0.4032258065","0.307503075;0.3607503608;0.3280839895;0.0919158361","0.616;1500060.265;0.668;0.62","0.813;0.693;0.762;2.709","0;0;0;0","0;0;0;0","2435064935;999.9598249;2994011976;2419354839","3075030750;1443001443;1968503937;553709856","0;0;0;0","0;0;0;0","12;0;11;10","13;14;15;0"
"parsec-streamcluster-simsmall-3",67,74.96,62.15,"2500;1000;1500;1500","1500;1000;1500;2000","1;1;1;1","nan;nan;nan;nan","nan;nan;nan;nan","74.96;48.86;62.16;50.63","62.15;49.95;60.63;48.98","3.122245884;0.6526231277;1.138605832;0.6877474295","1.335084431;0.7322773207;1.376303331;0.6399895837","0.307503075;0.3607503608;0.3280839895;0.0919158361","0.3448275862;0.3799392097;0.3628447025;0","0.813;0.693;0.762;2.709","0.725;0.658;0.689;2000001.875","0;0;0;0","0;0;0;0","3075030750;1443001443;1968503937;553709856","2068965517;1519756839;2177068215;999.9990625","0;0;0;0","0;0;0;0","13;14;15;0","13;14;15;0"
"parsec-streamcluster-simsmall-3",68,62.15,77.69,"1500;1000;1500;2000","2500;2000;2500;2000","1;1;1;1","nan;nan;nan;nan","nan;nan;nan;nan","62.15;49.95;60.63;48.98","77.69;62.99;50.68;61.82","1.335084431;0.7322773207;1.376303331;0.6399895837","3.313010904;2.171389392;0.7811186458;2.121539222","0.3448275862;0.3799392097;0.3628447025;0","0.3246753247;0.3660322108;0;0.3526093089","0.725;0.658;0.689;2000001.875","0.77;0.683;2500000.844;0.709","0;0;0;0","0;0;0;0","2068965517;1519756839;2177068215;999.9990625","3246753247;2928257687;999.9996624;2820874471","0;0;0;0","0;0;0;0","13;14;15;0","14;15;0;13"
"parsec-streamcluster-simsmall-3",69,77.69,57.33,"2500;2000;2500;2000","2500;1500;1000;1500","1;1;1;1","nan;nan;nan;nan","nan;nan;nan;nan","77.69;62.99;50.68;61.82","54.55;57.33;50.51;56.52","3.313010904;2.171389392;0.7811186458;2.121539222","0.7811186458;1.194492121;0.6636065497;1.154256931","0.3246753247;0.3660322108;0;0.3526093089","0;0.3591954023;0.3776435045;0.336473755","0.77;0.683;2500000.844;0.709","2500058.348;0.696;0.662;0.743","0;0;0;0","0;0;0;0","3246753247;2928257687;999.9996624;2820874471","999.9766613;2155172414;1510574018;2018842530","0;0;0;0","0;0;0;0","14;15;0;13","0;15;13;14"
"parsec-streamcluster-simsmall-3",70,57.33,90.31,"2500;1500;1000;1500","3000;3000;2000;3000","1;1;1;1","nan;nan;nan;nan","nan;nan;nan;nan","54.55;57.33;50.51;56.52","88.64;88.49;48.99;90.31","0.7811186458;1.194492121;0.6636065497;1.154256931","4.67092645;4.66522319;0.6399895998;4.8465284","0;0.3591954023;0.3776435045;0.336473755","0.3351206434;0.3342245989;0;0.3521126761","2500058.348;0.696;0.662;0.743","0.746;0.748;2000031.438;0.71","0;0;0;0","0;0;0;0","999.9766613;2155172414;1510574018;2018842530","4021447721;4010695187;999.9842812;4225352113","0;0;0;0","0;0;0;0","0;15;13;14","13;14;0;15"
"parsec-streamcluster-simsmall-3",71,90.31,63.68,"3000;3000;2000;3000","1000;1000;1000;1000","1;1;1;1","nan;nan;nan;nan","nan;nan;nan;nan","88.64;88.49;48.99;90.31","63.4;63.04;47.94;63.68","4.67092645;4.66522319;0.6399895998;4.8465284","1.007516268;1.005142518;0.4027583368;1.029228118","0.3351206434;0.3342245989;0;0.3521126761","0.3536067893;0.3521126761;0;0.3676470588","0.746;0.748;2000031.438;0.71","0.707;0.71;1000052.053;0.68","0;0;0;0","0;0;0;0","4021447721;4010695187;999.9842812;4225352113","1414427157;1408450704;999.9479497;1470588235","0;0;0;0","0;0;0;0","13;14;0;15","13;14;0;15"
"parsec-streamcluster-simsmall-3",72,63.68,77.94,"1000;1000;1000;1000","2500;1000;2000;1000","1;1;1;1","nan;nan;nan;nan","nan;nan;nan;nan","63.4;63.04;47.94;63.68","77.94;54.02;48.87;54.15","1.007516268;1.005142518;0.4027583368;1.029228118","3.186899124;0.6688027417;0.6399895934;0.6677065977","0.3536067893;0.3521126761;0;0.3676470588","0.3176620076;0.3863987635;0;0.3852080123","0.707;0.71;1000052.053;0.68","0.787;0.647;2000000.505;0.649","0;0;0;0","0;0;0;0","1414427157;1408450704;999.9479497;1470588235","3176620076;1545595054;999.9997475;1540832049","0;0;0;0","0;0;0;0","13;14;0;15","13;14;0;15"
"parsec-streamcluster-simsmall-3",73,77.94,59.71,"2500;1000;2000;1000","2500;1000;2000;1000","1;1;1;1","nan;nan;nan;nan","nan;nan;nan;nan","77.94;54.02;48.87;54.15","54.91;51.46;59.71;51.47","3.186899124;0.6688027417;0.6399895934;0.6677065977","0.7811186458;0.6674788537;1.916500462;0.6659510517","0.3176620076;0.3863987635;0;0.3852080123","0;0.3846153846;0.3136762861;0.382848392","0.787;0.647;2000000.505;0.649","2500001.381;0.65;0.797;0.653","0;0;0;0","0;0;0;0","3176620076;1545595054;999.9997475;1540832049","999.9994476;1538461538;2509410289;1531393568","0;0;0;0","0;0;0;0","13;14;0;15","0;14;13;15"
"parsec-streamcluster-simsmall-3",74,59.71,87.59,"2500;1000;2000;1000","3000;2500;2000;2500","1;1;1;1","nan;nan;nan;nan","nan;nan;nan;nan","54.91;51.46;59.71;51.47","87.59;71.52;62.99;49.56","0.7811186458;0.6674788537;1.916500462;0.6659510517","4.50757397;3.019569534;1.956701292;0.7811186556","0;0.3846153846;0.3136762861;0.382848392","0.3238341969;0.3434065934;0.3753753754;0","2500001.381;0.65;0.797;0.653","0.772;0.728;0.666;2500000.31","0;0;0;0","0;0;0;0","999.9994476;1538461538;2509410289;1531393568","3886010363;3434065934;3003003003;999.999876","0;0;0;0","0;0;0;0","0;14;13;15","14;13;15;0"
"parsec-streamcluster-simsmall-3",75,87.59,62.44,"3000;2500;2000;2500","1000;1000;1500;1000","1;1;1;1","nan;nan;nan;nan","nan;nan;nan;nan","87.59;71.52;62.99;49.56","61.35;56.98;62.44;48.02","4.50757397;3.019569534;1.956701292;0.7811186556","0.8305550537;0.8374825997;1.646073782;0.4027583471","0.3238341969;0.3434065934;0.3753753754;0","0.3736920777;0.3799392097;0.3597122302;0","0.772;0.728;0.666;2500000.31","0.669;0.658;0.695;1000000.982","0;0;0;0","0;0;0;0","3886010363;3434065934;3003003003;999.999876","1494768311;1519756839;2158273381;999.999018","0;0;0;0","0;0;0;0","14;13;15;0","14;13;15;0"
"parsec-streamcluster-simsmall-3",76,62.44,77.55,"1000;1000;1500;1000","1500;2500;2000;2500","1;1;1;1","nan;nan;nan;nan","nan;nan;nan;nan","61.35;56.98;62.44;48.02","59.06;77.55;66.52;49.55","0.8305550537;0.8374825997;1.646073782;0.4027583471","1.278463722;3.404813624;2.153924552;0.7811186458","0.3736920777;0.3799392097;0.3597122302;0","0.3949447077;0.3401360544;0.3644314869;0","0.669;0.658;0.695;1000000.982","0.633;0.735;0.686;2500070.877","0;0;0;0","0;0;0;0","1494768311;1519756839;2158273381;999.999018","2369668246;3401360544;2915451895;999.97165","0;0;0;0","0;0;0;0","14;13;15;0","15;14;13;0"
"parsec-streamcluster-simsmall-3",77,77.55,69.91,"1500;2500;2000;2500","1500;1500;2000;1000","1;1;1;1","nan;nan;nan;nan","nan;nan;nan;nan","59.06;77.55;66.52;49.55","59.74;63.61;69.91;48","1.278463722;3.404813624;2.153924552;0.7811186458","1.432893801;1.411952292;2.365488702;0.4027583522","0.3949447077;0.3401360544;0.3644314869;0","0.3816793893;0.3714710253;0.3333333333;0","0.633;0.735;0.686;2500070.877","0.655;0.673;0.75;1000000.475","0;0;0;0","0;0;0;0","2369668246;3401360544;2915451895;999.97165","2290076336;2228826152;2666666667;999.999525","0;0;0;0","0;0;0;0","15;14;13;0","15;14;13;0"
"parsec-streamcluster-simsmall-3",78,69.91,81.25,"1500;1500;2000;1000","2500;2500;1500;1000","1;1;1;1","nan;nan;nan;nan","nan;nan;nan;nan","59.74;63.61;69.91;48","80.3;81.25;60.9;47.72","1.432893801;1.411952292;2.365488702;0.4027583522","3.596508334;3.570479514;1.320752192;0.4027583553","0.3816793893;0.3714710253;0.3333333333;0","0.3644314869;0.3612716763;0.415282392;0","0.655;0.673;0.75;1000000.475","0.686;0.692;0.602;1000001.487","0;0;0;0","0;0;0;0","2290076336;2228826152;2666666667;999.999525","3644314869;3612716763;2491694352;999.998513","0;0;0;0","0;0;0;0","15;14;13;0","15;14;13;0"
"parsec-streamcluster-simsmall-3",79,81.25,79.66,"2500;2500;1500;1000","1500;1000;2500;1000","1;1;1;1","nan;nan;nan;nan","nan;nan;nan;nan","80.3;81.25;60.9;47.72","62.93;58.48;79.66;47.64","3.596508334;3.570479514;1.320752192;0.4027583553","1.257723432;0.7006708197;3.452021794;0.4027583553","0.3644314869;0.3612716763;0.415282392;0","0.3912363067;0.4310344828;0.3521126761;0","0.686;0.692;0.602;1000001.487","0.639;0.58;0.71;1000000.794","0;0;0;0","0;0;0;0","3644314869;3612716763;2491694352;999.998513","2347417840;1724137931;3521126761;999.999206","0;0;0;0","0;0;0;0","15;14;13;0","15;14;13;0"
"parsec-streamcluster-simsmall-3",80,79.66,75.42,"1500;1000;2500;1000","1500;2000;2000;2000","1;1;1;1","nan;nan;nan;nan","nan;nan;nan;nan","62.93;58.48;79.66;47.64","61.48;70.84;75.42;48.76","1.257723432;0.7006708197;3.452021794;0.4027583553","1.495103881;2.576436742;2.563822242;0.6399895837","0.3912363067;0.4310344828;0.3521126761;0","0.4051863857;0.3736920777;0.3714710253;0","0.639;0.58;0.71;1000000.794","0.617;0.669;0.673;2000000.456","0;0;0;0","0;0;0;0","2347417840;1724137931;3521126761;999.999206","2431118314;2989536622;2971768202;999.999772","0;0;0;0","0;0;0;0","15;14;13;0","15;14;13;0"
"parsec-streamcluster-simsmall-3",81,75.42,84.2,"1500;2000;2000;2000","1000;2500;2500;2000","1;1;1;1","nan;nan;nan;nan","nan;nan;nan;nan","61.48;70.84;75.42;48.76","53.72;52.94;84.2;61.98","1.495103881;2.576436742;2.563822242;0.6399895837","0.7056016687;0.7811186458;3.519863634;2.168691582","0.4051863857;0.3736920777;0.3714710253;0","0.4378283713;0;0.3602305476;0.3736920777","0.617;0.669;0.673;2000000.456","0.571;2500123.771;0.694;0.669","0;0;0;0","0;0;0;0","2431118314;2989536622;2971768202;999.999772","1751313485;999.9504941;3602305476;2989536622","0;0;0;0","0;0;0;0","15;14;13;0","14;0;13;15"
"parsec-streamcluster-simsmall-3",82,84.2,69.87,"1000;2500;2500;2000","1500;1500;1500;2000","1;1;1;1","nan;nan;nan;nan","nan;nan;nan;nan","53.72;52.94;84.2;61.98","58.68;58.75;56.55;69.87","0.7056016687;0.7811186458;3.519863634;2.168691582","1.481742741;1.488642902;0.5139870221;2.548151522","0.4378283713;0;0.3602305476;0.3736920777","0.4006410256;0.4032258065;0;0.3681885125","0.571;2500123.771;0.694;0.669","0.624;0.62;1500067.515;0.679","0;0;0;0","0;0;0;0","1751313485;999.9504941;3602305476;2989536622","2403846154;2419354839;999.954992;2945508100","0;0;0;0","0;0;0;0","14;0;13;15","13;14;0;15"
"parsec-streamcluster-simsmall-3",83,69.87,79.72,"1500;1500;1500;2000","1000;2500;1500;2000","1;1;1;1","nan;nan;nan;nan","nan;nan;nan;nan","58.68;58.75;56.55;69.87","49.44;79.72;58.42;68.83","1.481742741;1.488642902;0.5139870221;2.548151522","0.4027583553;3.581128534;1.321903422;2.227282662","0.4006410256;0.4032258065;0;0.3681885125","0;0.363372093;0.4166666667;0.3822629969","0.624;0.62;1500067.515;0.679","1000000.439;0.688;0.6;0.654","0;0;0;0","0;0;0;0","2403846154;2419354839;999.954992;2945508100","999.999561;3633720930;2500000000;3058103976","0;0;0;0","0;0;0;0","13;14;0;15","0;13;14;15"
"parsec-streamcluster-simsmall-3",84,79.72,67.38,"1000;2500;1500;2000","1000;1500;1500;1000","1;1;1;1","nan;nan;nan;nan","nan;nan;nan;nan","49.44;79.72;58.42;68.83","52.25;67.38;62.51;52.03","0.4027583553;3.581128534;1.321903422;2.227282662","0.8906143637;1.702202461;1.705183912;0.4027583471","0;0.363372093;0.4166666667;0.3822629969","0.4244482173;0.3753753754;0.3753753754;0","1000000.439;0.688;0.6;0.654","0.589;0.666;0.666;1000000.342","0;0;0;0","0;0;0;0","999.999561;3633720930;2500000000;3058103976","1697792869;2252252252;2252252252;999.999658","0;0;0;0","0;0;0;0","0;13;14;15","14;13;15;0"
"parsec-streamcluster-simsmall-3",85,67.38,75.65,"1000;1500;1500;1000","2500;1500;2000;2500","1;1;1;1","nan;nan;nan;nan","nan;nan;nan;nan","52.25;67.38;62.51;52.03","75.65;59.52;65.56;52.78","0.8906143637;1.702202461;1.705183912;0.4027583471","3.385243514;1.217994321;2.047610012;1.206481256","0.4244482173;0.3753753754;0.3753753754;0","0.3369272237;0.3612716763;0.3378378378;0.05518617021","0.589;0.666;0.666;1000000.342","0.742;0.692;0.74;4.512","0;0;0;0","0;0;0;0","1697792869;2252252252;2252252252;999.999658","3369272237;2167630058;2702702703;554078014.2","0;0;0;0","0;0;0;0","14;13;15;0","16;17;18;0"
"parsec-streamcluster-simsmall-3",86,75.65,73.26,"2500;1500;2000;2500","2000;2000;1500;2000","1;1;1;1","nan;nan;nan;nan","nan;nan;nan;nan","75.65;59.52;65.56;52.78","73.26;68.67;51.37;66.5","3.385243514;1.217994321;2.047610012;1.206481256","2.514945202;2.396818702;0.5139870221;2.405789782","0.3369272237;0.3612716763;0.3378378378;0.05518617021","0.3591954023;0.3351206434;0;0.336473755","0.742;0.692;0.74;4.512","0.696;0.746;1500063.799;0.743","0;0;0;0","0;0;0;0","3369272237;2167630058;2702702703;554078014.2","2873563218;2680965147;999.9574691;2691790040","0;0;0;0","0;0;0;0","16;17;18;0","18;16;0;17"
"parsec-streamcluster-simsmall-3",87,73.26,74.73,"2000;2000;1500;2000","1500;1000;2500;1000","1;1;1;1","nan;nan;nan;nan","nan;nan;nan;nan","73.26;68.67;51.37;66.5","60.69;55;74.73;51.1","2.514945202;2.396818702;0.5139870221;2.405789782","1.194833662;0.6772342217;3.229124534;0.4027583553","0.3591954023;0.3351206434;0;0.336473755","0.3581661891;0.3974562798;0.3221649485;0","0.696;0.746;1500063.799;0.743","0.698;0.629;0.776;1000000.985","0;0;0;0","0;0;0;0","2873563218;2680965147;999.9574691;2691790040","2148997135;1589825119;3221649485;999.999015","0;0;0;0","0;0;0;0","18;16;0;17","17;18;16;0"
"parsec-streamcluster-simsmall-3",88,74.73,59.98,"1500;1000;2500;1000","1000;1000;1500;2500","1;1;1;1","nan;nan;nan;nan","nan;nan;nan;nan","60.69;55;74.73;51.1","53.08;51.6;59.98;49.63","1.194833662;0.6772342217;3.229124534;0.4027583553","0.6511134117;0.6620738397;1.131312331;0.7811186458","0.3581661891;0.3974562798;0.3221649485;0","0.3607503608;0.3787878788;0.3255208333;0","0.698;0.629;0.776;1000000.985","0.693;0.66;0.768;2500048.898","0;0;0;0","0;0;0;0","2148997135;1589825119;3221649485;999.999015","1443001443;1515151515;1953125000;999.9804412","0;0;0;0","0;0;0;0","17;18;16;0","17;18;16;0"
"parsec-streamcluster-simsmall-3",89,59.98,66.25,"1000;1000;1500;2500","2000;2500;2000;2000","1;1;1;1","nan;nan;nan;nan","nan;nan;nan;nan","53.08;51.6;59.98;49.63","63.02;49.47;66.25;61.51","0.6511134117;0.6620738397;1.131312331;0.7811186458","2.025863142;0.7811186458;2.151191712;2.057817272","0.3607503608;0.3787878788;0.3255208333;0","0.3293650794;0;0.3628447025;0.3387533875","0.693;0.66;0.768;2500048.898","0.756;2500000.856;0.689;0.738","0;0;0;0","0;0;0;0","1443001443;1515151515;1953125000;999.9804412","2645502646;999.9996576;2902757620;2710027100","0;0;0;0","0;0;0;0","17;18;16;0","17;0;18;16"
"parsec-streamcluster-simsmall-3",90,66.25,69.29,"2000;2500;2000;2000","1000;1500;1500;2000","1;1;1;1","nan;nan;nan;nan","nan;nan;nan;nan","63.02;49.47;66.25;61.51","53.86;48.45;60.11;69.29","2.025863142;0.7811186458;2.151191712;2.057817272","0.7255924317;0.5139870221;1.316733421;2.438123732","0.3293650794;0;0.3628447025;0.3387533875","0.3736920777;0;0.3373819163;0.3541076487","0.756;2500000.856;0.689;0.738","0.669;1500066.089;0.741;0.706","0;0;0;0","0;0;0;0","2645502646;999.9996576;2902757620;2710027100","1494768311;999.9559426;2024291498;2832861190","0;0;0;0","0;0;0;0","17;0;18;16","17;0;16;18"
"parsec-streamcluster-simsmall-3",91,69.29,74.41,"1000;1500;1500;2000","2500;1000;1500;1500","1;1;1;1","nan;nan;nan;nan","nan;nan;nan;nan","53.86;48.45;60.11;69.29","74.41;47.75;57.4;59.57","0.7255924317;0.5139870221;1.316733421;2.438123732","3.192226344;0.4027583553;1.209131491;1.240284041","0.3736920777;0;0.3373819163;0.3541076487","0.3128911139;0;0.3586800574;0.3770739065","0.669;1500066.089;0.741;0.706","0.799;1000000.362;0.697;0.663","0;0;0;0","0;0;0;0","1494768311;999.9559426;2024291498;2832861190","3128911139;999.999638;2152080344;2262443439","0;0;0;0","0;0;0;0","17;0;16;18","17;0;16;18"
"parsec-streamcluster-simsmall-3",92,74.41,79.96,"2500;1000;1500;1500","2500;2000;2000;2500","1;1;1;1","nan;nan;nan;nan","nan;nan;nan;nan","74.41;47.75;57.4;59.57","79.96;48.74;65.21;79.94","3.192226344;0.4027583553;1.209131491;1.240284041","3.291343844;0.6399895934;2.152359412;3.593048724","0.3128911139;0;0.3586800574;0.3770739065","0.3196405648;0;0.3586800574;0.3623188406","0.799;1000000.362;0.697;0.663","0.779;2000052.724;0.697;0.69","0;0;0;0","0;0;0;0","3128911139;999.999638;2152080344;2262443439","3209242619;999.9736387;2869440459;3623188406","0;0;0;0","0;0;0;0","17;0;16;18","17;0;16;18"
"parsec-streamcluster-simsmall-3",93,79.96,73.72,"2500;2000;2000;2500","2000;1000;2000;1000","1;1;1;1","nan;nan;nan;nan","nan;nan;nan;nan","79.96;48.74;65.21;79.94","73.72;47.77;70.3;58.45","3.291343844;0.6399895934;2.152359412;3.593048724","2.358822692;0.4027583522;2.409983592;0.7575769297","0.3196405648;0;0.3586800574;0.3623188406","0.3360215054;0;0.346740638;0.4118616145","0.779;2000052.724;0.697;0.69","0.744;1000014.862;0.721;0.607","0;0;0;0","0;0;0;0","3209242619;999.9736387;2869440459;3623188406","2688172043;999.9851382;2773925104;1647446458","0;0;0;0","0;0;0;0","17;0;16;18","17;0;16;18"
"parsec-streamcluster-simsmall-3",94,73.72,81.99,"2000;1000;2000;1000","2500;1000;2500;2000","1;1;1;1","nan;nan;nan;nan","nan;nan;nan;nan","73.72;47.77;70.3;58.45","81.99;47.61;81.98;67.07","2.358822692;0.4027583522;2.409983592;0.7575769297","3.422737064;0.4027583553;3.547000074;2.263841302","0.3360215054;0;0.346740638;0.4118616145","0.3373819163;0;0.3541076487;0.3863987635","0.744;1000014.862;0.721;0.607","0.741;1000014.462;0.706;0.647","0;0;0;0","0;0;0;0","2688172043;999.9851382;2773925104;1647446458","3373819163;999.9855382;3541076487;3091190108","0;0;0;0","0;0;0;0","17;0;16;18","17;0;16;18"
"parsec-streamcluster-simsmall-3",95,81.99,85.61,"2500;1000;2500;2000","2500;2000;2000;1500","1;1;1;1","nan;nan;nan;nan","nan;nan;nan;nan","81.99;47.61;81.98;67.07","85.61;48.7;71.86;59.91","3.422737064;0.4027583553;3.547000074;2.263841302","3.521553204;0.6399895934;2.158768852;1.292433911","0.3373819163;0;0.3541076487;0.3863987635","0.3561253561;0;0.366568915;0.4025764895","0.741;1000014.462;0.706;0.647","0.702;2000051.524;0.682;0.621","0;0;0;0","0;0;0;0","3373819163;999.9855382;3541076487;3091190108","3561253561;999.9742387;2932551320;2415458937","0;0;0;0","0;0;0;0","17;0;16;18","17;0;16;18"
"parsec-streamcluster-simsmall-3",96,85.61,73.39,"2500;2000;2000;1500","1000;1500;2000;1500","1;1;1;1","nan;nan;nan;nan","nan;nan;nan;nan","85.61;48.7;71.86;59.91","60.83;48.29;73.39;59.77","3.521553204;0.6399895934;2.158768852;1.292433911","0.7608302527;0.5139870221;2.468649652;1.424522971","0.3561253561;0;0.366568915;0.4025764895","0.4145936982;0;0.3586800574;0.3834355828","0.702;2000051.524;0.682;0.621","0.603;1500000.693;0.697;0.652","0;0;0;0","0;0;0;0","3561253561;999.9742387;2932551320;2415458937","1658374793;999.999538;2869440459;2300613497","0;0;0;0","0;0;0;0","17;0;16;18","17;0;16;18"
"parsec-streamcluster-simsmall-3",97,73.39,84.65,"1000;1500;2000;1500","2000;1500;2500;2500","1;1;1;1","nan;nan;nan;nan","nan;nan;nan;nan","60.83;48.29;73.39;59.77","68.79;48.23;84.65;81.1","0.7608302527;0.5139870221;2.468649652;1.424522971","2.317840022;0.513987028;3.675806894;3.717100844","0.4145936982;0;0.3586800574;0.3834355828","0.398089172;0;0.3703703704;0.3759398496","0.603;1500000.693;0.697;0.652","0.628;1500000.393;0.675;0.665","0;0;0;0","0;0;0;0","1658374793;999.999538;2869440459;2300613497","3184713376;999.999738;3703703704;3759398496","0;0;0;0","0;0;0;0","17;0;16;18","17;0;16;18"
"parsec-streamcluster-simsmall-3",98,84.65,59.77,"2000;1500;2500;2500","1000;1000;1500;1000","1;1;1;1","nan;nan;nan;nan","nan;nan;nan;nan","68.79;48.23;84.65;81.1","57.36;50.09;56.66;59.77","2.317840022;0.513987028;3.675806894;3.717100844","0.8591310817;0.8483559567;0.5139870123;0.8521429407","0.398089172;0;0.3703703704;0.3759398496","0.4;0.3900156006;0;0.3937007874","0.628;1500000.393;0.675;0.665","0.625;0.641;1500000.243;0.635","0;0;0;0","0;0;0;0","3184713376;999.999738;3703703704;3759398496","1600000000;1560062402;999.999838;1574803150","0;0;0;0","0;0;0;0","17;0;16;18","18;17;0;16"
"parsec-streamcluster-simsmall-3",99,59.77,76.04,"1000;1000;1500;1000","2000;2500;3000;2500","1;1;1;1","nan;nan;nan;nan","nan;nan;nan;nan","57.36;50.09;56.66;59.77","64.6;72.04;50.66;76.04","0.8591310817;0.8483559567;0.5139870123;0.8521429407","2.053368522;3.171976074;0.93846836;3.193580594","0.4;0.3900156006;0;0.3937007874","0.4038772213;0.3671071953;0;0.3709198813","0.625;0.641;1500000.243;0.635","0.619;0.681;3000065.287;0.674","0;0;0;0","0;0;0;0","1600000000;1560062402;999.999838;1574803150","3231017771;3671071953;999.9782381;3709198813","0;0;0;0","0;0;0;0","18;17;0;16","18;17;0;16"
"parsec-streamcluster-simsmall-3",100,76.04,78.45,"2000;2500;3000;2500","1500;1500;2500;2000","1;1;1;1","nan;nan;nan;nan","nan;nan;nan;nan","64.6;72.04;50.66;76.04","51.19;60.54;78.45;71","2.053368522;3.171976074;0.93846836;3.193580594","0.513987028;1.317274642;3.620732034;2.231924232","0.4038772213;0.3671071953;0;0.3709198813","0;0.4132231405;0.3681885125;0.3834355828","0.619;0.681;3000065.287;0.674","1500000.543;0.605;0.679;0.652","0;0;0;0","0;0;0;0","3231017771;3671071953;999.9782381;3709198813","999.999638;2479338843;3681885125;3067484663","0;0;0;0","0;0;0;0","18;17;0;16","0;16;18;17"
"parsec-streamcluster-simsmall-3",101,78.45,75.09,"1500;1500;2500;2000","1500;1000;2000;2000","1;1;1;1","nan;nan;nan;nan","nan;nan;nan;nan","51.19;60.54;78.45;71","48.36;53.79;75.09;73.54","0.513987028;1.317274642;3.620732034;2.231924232","0.5139870221;0.7753163437;2.551583762;2.528161532","0;0.4132231405;0.3681885125;0.3834355828","0;0.4310344828;0.3748125937;0.3698224852","1500000.543;0.605;0.679;0.652","1500001.055;0.58;0.667;0.676","0;0;0;0","0;0;0;0","999.999638;2479338843;3681885125;3067484663","999.9992967;1724137931;2998500750;2958579882","0;0;0;0","0;0;0;0","0;16;18;17","0;16;18;17"
"parsec-streamcluster-simsmall-3",102,75.09,77.99,"1500;1000;2000;2000","2500;2500;1000;2000","1;1;1;1","nan;nan;nan;nan","nan;nan;nan;nan","48.36;53.79;75.09;73.54","49.55;77.99;57.24;70.26","0.5139870221;0.7753163437;2.551583762;2.528161532","0.7811186458;3.500044544;0.7065842227;2.165082282","0;0.4310344828;0.3748125937;0.3698224852","0;0.3576537911;0.4409171076;0.3736920777","1500001.055;0.58;0.667;0.676","2500050.009;0.699;0.567;0.669","0;0;0;0","0;0;0;0","999.9992967;1724137931;2998500750;2958579882","999.9799968;3576537911;1763668430;2989536622","0;0;0;0","0;0;0;0","0;16;18;17","0;16;18;17"
"parsec-streamcluster-simsmall-3",103,77.99,66.01,"2500;2500;1000;2000","2500;1500;2000;1000","1;1;1;1","nan;nan;nan;nan","nan;nan;nan;nan","49.55;77.99;57.24;70.26","49.74;61.91;66.01;56","0.7811186458;3.500044544;0.7065842227;2.165082282","0.7811186458;1.247263122;2.131479532;0.6967255127","0;0.3576537911;0.4409171076;0.3736920777","0;0.3858024691;0.365497076;0.425170068","2500050.009;0.699;0.567;0.669","2500001.022;0.648;0.684;0.588","0;0;0;0","0;0;0;0","999.9799968;3576537911;1763668430;2989536622","999.9995912;2314814815;2923976608;1700680272","0;0;0;0","0;0;0;0","0;16;18;17","0;16;18;17"
"parsec-streamcluster-simsmall-3",104,66.01,75.1,"2500;1500;2000;1000","2000;2500;2000;2500","1;1;1;1","nan;nan;nan;nan","nan;nan;nan;nan","49.74;61.91;66.01;56","60.58;75.1;54.7;74.59","0.7811186458;1.247263122;2.131479532;0.6967255127","2.036050322;3.084221864;0.9231568341;3.152727264","0;0.3858024691;0.365497076;0.425170068","0.3298153034;0.2937720329;0.06891779684;0.303030303","2500001.022;0.648;0.684;0.588","0.758;0.851;3.613;0.825","0;0;0;0","0;0;0;0","999.9995912;2314814815;2923976608;1700680272","2638522427;2937720329;553556601.2;3030303030","0;0;0;0","0;0;0;0","0;16;18;17","19;20;0;21"
"parsec-streamcluster-simsmall-3",105,75.1,83.56,"2000;2500;2000;2500","2500;2000;1500;2500","1;1;1;1","nan;nan;nan;nan","nan;nan;nan;nan","60.58;75.1;54.7;74.59","76.14;69.64;48.84;83.56","2.036050322;3.084221864;0.9231568341;3.152727264","3.296759924;2.151439562;0.513987028;3.582141384","0.3298153034;0.2937720329;0.06891779684;0.303030303","0.3213367609;0.3586800574;0;0.3607503608","0.758;0.851;3.613;0.825","0.778;0.697;1500000.605;0.693","0;0;0;0","0;0;0;0","2638522427;2937720329;553556601.2;3030303030","3213367609;2869440459;999.9995967;3607503608","0;0;0;0","0;0;0;0","19;20;0;21","19;20;0;21"
"parsec-streamcluster-simsmall-3",106,83.56,80.61,"2500;2000;1500;2500","2500;1000;1500;2000","1;1;1;1","nan;nan;nan;nan","nan;nan;nan;nan","76.14;69.64;48.84;83.56","80.61;55.52;48.44;72.46","3.296759924;2.151439562;0.513987028;3.582141384","3.250940774;0.6775789007;0.513987028;2.142185862","0.3213367609;0.3586800574;0;0.3607503608","0.3246753247;0.3968253968;0;0.3687315634","0.778;0.697;1500000.605;0.693","0.77;0.63;1500024.005;0.678","0;0;0;0","0;0;0;0","3213367609;2869440459;999.9995967;3607503608","3246753247;1587301587;999.9839969;2949852507","0;0;0;0","0;0;0;0","19;20;0;21","19;20;0;21"
"parsec-streamcluster-simsmall-3",107,80.61,81.55,"2500;1000;1500;2000","2500;1000;1000;1500","1;1;1;1","nan;nan;nan;nan","nan;nan;nan;nan","80.61;55.52;48.44;72.46","81.55;52;47.84;61.45","3.250940774;0.6775789007;0.513987028;2.142185862","3.179374634;0.6770605517;0.4027583553;1.231412962","0.3246753247;0.3968253968;0;0.3687315634","0.3156565657;0.3961965135;0;0.378214826","0.77;0.63;1500024.005;0.678","0.792;0.631;1000000.59;0.661","0;0;0;0","0;0;0;0","3246753247;1587301587;999.9839969;2949852507","3156565657;1584786054;999.99941;2269288956","0;0;0;0","0;0;0;0","19;20;0;21","19;20;0;21"
"parsec-streamcluster-simsmall-3",108,81.55,71.43,"2500;1000;1000;1500","2000;1500;2500;1500","1;1;1;1","nan;nan;nan;nan","nan;nan;nan;nan","81.55;52;47.84;61.45","55.99;55.76;71.43;58.53","3.179374634;0.6770605517;0.4027583553;1.231412962","0.6399895934;1.259953291;3.142736794;1.241803252","0.3156565657;0.3961965135;0;0.378214826","0;0.3863987635;0.305997552;0.3753753754","0.792;0.631;1000000.59;0.661","2000060.64;0.647;0.817;0.666","0;0;0;0","0;0;0;0","3156565657;1584786054;999.99941;2269288956","999.9696809;2318392581;3059975520;2252252252","0;0;0;0","0;0;0;0","19;20;0;21","0;21;19;20"
"parsec-streamcluster-simsmall-3",109,71.43,82.01,"2000;1500;2500;1500","1000;1000;2500;2500","1;1;1;1","nan;nan;nan;nan","nan;nan;nan;nan","55.99;55.76;71.43;58.53","52.68;48.54;82.01;77.81","0.6399895934;1.259953291;3.142736794;1.241803252","0.6836042957;0.4027583553;3.514534784;3.343118844","0;0.3863987635;0.305997552;0.3753753754","0.406504065;0;0.3597122302;0.336473755","2000060.64;0.647;0.817;0.666","0.615;1000050.81;0.695;0.743","0;0;0;0","0;0;0;0","999.9696809;2318392581;3059975520;2252252252","1626016260;999.9491926;3597122302;3364737550","0;0;0;0","0;0;0;0","0;21;19;20","19;0;21;20"
"parsec-streamcluster-simsmall-3",110,82.01,85.5,"1000;1000;2500;2500","2500;2000;2500;1500","1;1;1;1","nan;nan;nan;nan","nan;nan;nan;nan","52.68;48.54;82.01;77.81","79.24;64.07;85.5;54.39","0.6836042957;0.4027583553;3.514534784;3.343118844","3.681048864;2.287311262;3.615595264;0.513987028","0.406504065;0;0.3597122302;0.336473755","0.3714710253;0.3912363067;0.3628447025;0","0.615;1000050.81;0.695;0.743","0.673;0.639;0.689;1500000.45","0;0;0;0","0;0;0;0","1626016260;999.9491926;3597122302;3364737550","3714710253;3129890454;3628447025;999.9997","0;0;0;0","0;0;0;0","19;0;21;20","21;20;19;0"
"parsec-streamcluster-simsmall-3",111,85.5,69.11,"2500;2000;2500;1500","1000;1000;1500;1000","1;1;1;1","nan;nan;nan;nan","nan;nan;nan;nan","79.24;64.07;85.5;54.39","59.49;55.29;69.11;48.95","3.681048864;2.287311262;3.615595264;0.513987028","0.8723908927;0.8706153497;1.662762712;0.4027583471","0.3714710253;0.3912363067;0.3628447025;0","0.4111842105;0.4098360656;0.3639010189;0","0.673;0.639;0.689;1500000.45","0.608;0.61;0.687;1000051.2","0;0;0;0","0;0;0;0","3714710253;3129890454;3628447025;999.9997","1644736842;1639344262;2183406114;999.9488026","0;0;0;0","0;0;0;0","21;20;19;0","21;20;19;0"
"parsec-streamcluster-simsmall-3",112,69.11,83.01,"1000;1000;1500;1000","1000;2500;2500;2500","1;1;1;1","nan;nan;nan;nan","nan;nan;nan;nan","59.49;55.29;69.11;48.95","53.38;78.71;83.01;49.59","0.8723908927;0.8706153497;1.662762712;0.4027583471","0.7056829027;3.537236344;3.516669294;0.7811186458","0.4111842105;0.4098360656;0.3639010189;0","0.4393673111;0.3628447025;0.3602305476;0","0.608;0.61;0.687;1000051.2","0.569;0.689;0.694;2500177.145","0;0;0;0","0;0;0;0","1644736842;1639344262;2183406114;999.9488026","1757469244;3628447025;3602305476;999.929147","0;0;0;0","0;0;0;0","21;20;19;0","21;20;19;0"
"parsec-streamcluster-simsmall-3",113,83.01,86.22,"1000;2500;2500;2500","1000;1000;2500;1500","1;1;1;1","nan;nan;nan;nan","nan;nan;nan;nan","53.38;78.71;83.01;49.59","48.41;57.31;86.22;54.48","0.7056829027;3.537236344;3.516669294;0.7811186458","0.4027583553;0.6968710597;3.516895274;1.267143971","0.4393673111;0.3628447025;0.3602305476;0","0;0.4258943782;0.3607503608;0.3961965135","0.569;0.689;0.694;2500177.145","1000005.058;0.587;0.693;0.631","0;0;0;0","0;0;0;0","1757469244;3628447025;3602305476;999.929147","999.994942;1703577513;3607503608;2377179081","0;0;0;0","0;0;0;0","21;20;19;0","0;19;20;21"
"parsec-streamcluster-simsmall-3",114,86.22,78.1,"1000;1000;2500;1500","1500;2000;2000;1500","1;1;1;1","nan;nan;nan;nan","nan;nan;nan;nan","48.41;57.31;86.22;54.48","48.18;69.91;78.1;58.39","0.4027583553;0.6968710597;3.516895274;1.267143971","0.5139870221;2.546202252;2.586184442;1.503863182","0;0.4258943782;0.3607503608;0.3961965135","0;0.3676470588;0.3759398496;0.4098360656","1000005.058;0.587;0.693;0.631","1500004.313;0.68;0.665;0.61","0;0;0;0","0;0;0;0","999.994942;1703577513;3607503608;2377179081","999.9971247;2941176471;3007518797;2459016393","0;0;0;0","0;0;0;0","0;19;20;21","0;19;20;21"
"parsec-streamcluster-simsmall-3",115,78.1,82.42,"1500;2000;2000;1500","1000;2500;1000;2000","1;1;1;1","nan;nan;nan;nan","nan;nan;nan;nan","48.18;69.91;78.1;58.39","47.71;82.42;58.61;65.91","0.5139870221;2.546202252;2.586184442;1.503863182","0.4027583553;3.528970734;0.7046453917;2.195551922","0;0.3676470588;0.3759398496;0.4098360656","0;0.3612716763;0.4363001745;0.3805175038","1500004.313;0.68;0.665;0.61","1000000.375;0.692;0.573;0.657","0;0;0;0","0;0;0;0","999.9971247;2941176471;3007518797;2459016393","999.999625;3612716763;1745200698;3044140030","0;0;0;0","0;0;0;0","0;19;20;21","0;19;20;21"
"parsec-streamcluster-simsmall-3",116,82.42,86.47,"1000;2500;1000;2000","2000;2500;1000;2500","1;1;1;1","nan;nan;nan;nan","nan;nan;nan;nan","47.71;82.42;58.61;65.91","63.67;86.47;50.51;81.68","0.4027583553;3.528970734;0.7046453917;2.195551922","2.323503172;3.670652834;0.4027583553;3.656311314","0;0.3612716763;0.4363001745;0.3805175038","0.4006410256;0.3703703704;0;0.3681885125","1000000.375;0.692;0.573;0.657","0.624;0.675;1000000.245;0.679","0;0;0;0","0;0;0;0","999.999625;3612716763;1745200698;3044140030","3205128205;3703703704;999.999755;3681885125","0;0;0;0","0;0;0;0","0;19;20;21","21;19;0;20"
"parsec-streamcluster-simsmall-3",117,86.47,78.1,"2000;2500;1000;2500","1500;2000;2000;2000","1;1;1;1","nan;nan;nan;nan","nan;nan;nan;nan","63.67;86.47;50.51;81.68","60.72;78.1;68.73;55.32","2.323503172;3.670652834;0.4027583553;3.656311314","1.521393101;2.607964512;2.592992882;0.6399895837","0.4006410256;0.3703703704;0;0.3681885125","0.415282392;0.3787878788;0.3759398496;0","0.624;0.675;1000000.245;0.679","0.602;0.66;0.665;2000044.112","0;0;0;0","0;0;0;0","3205128205;3703703704;999.999755;3681885125","2491694352;3030303030;3007518797;999.9779445","0;0;0;0","0;0;0;0","21;19;0;20","20;19;21;0"
"parsec-streamcluster-simsmall-3",118,78.1,80.27,"1500;2000;2000;2000","2500;2000;1500;2500","1;1;1;1","nan;nan;nan;nan","nan;nan;nan;nan","60.72;78.1;68.73;55.32","80.27;72.41;60.42;49.96","1.521393101;2.607964512;2.592992882;0.6399895837","3.597812624;2.235346972;1.318672832;0.7811186458","0.415282392;0.3787878788;0.3759398496;0","0.365497076;0.3846153846;0.415282392;0","0.602;0.66;0.665;2000044.112","0.684;0.65;0.602;2500000.89","0;0;0;0","0;0;0;0","2491694352;3030303030;3007518797;999.9779445","3654970760;3076923077;2491694352;999.999644","0;0;0;0","0;0;0;0","20;19;21;0","20;19;21;0"
"parsec-streamcluster-simsmall-3",119,80.27,84.9,"2500;2000;1500;2500","2500;1000;2500;2500","1;1;1;1","nan;nan;nan;nan","nan;nan;nan;nan","80.27;72.41;60.42;49.96","84.9;57;80.2;50","3.597812624;2.235346972;1.318672832;0.7811186458","3.528201454;0.7041058567;3.523460984;0.8200384667","0.365497076;0.3846153846;0.415282392;0","0.3617945007;0.4355400697;0.3607503608;0","0.684;0.65;0.602;2500000.89","0.691;0.574;0.693;44.307","0;0;0;0","0;0;0;0","3654970760;3076923077;2491694352;999.999644","3617945007;1742160279;3607503608;56424492.74","0;0;0;0","0;0;0;0","20;19;21;0","-1;-1;-1;0"
"parsec-streamcluster-simsmall-3",120,84.9,59.65,"2500;1000;2500;2500","1000;1000;1000;2000","0;0;0;1","nan;nan;nan;nan","nan;nan;nan;nan","84.9;57;80.2;50","59.65;52.72;57.86;50.1","3.528201454;0.7041058567;3.523460984;0.8200384667","0.7029812737;0.6792443747;0.6815206947;0.9619108271","0.3617945007;0.4355400697;0.3607503608;0","0.3448275862;0.318877551;0.3213367609;0.06195571038","0.691;0.574;0.693;44.307","0.725;0.784;0.778;4.019","0;0;0;0","0;0;0;0","3617945007;1742160279;3607503608;56424492.74","1379310.345;1275510.204;1285347.044;497636227.9","0;0;0;0","0;0;0;0","-1;-1;-1;0","22;23;24;0"
"parsec-streamcluster-simsmall-3",121,59.65,91.26,"1000;1000;1000;2000","3000;2500;2500;3000","1;1;1;1","nan;nan;nan;nan","nan;nan;nan;nan","59.65;52.72;57.86;50.1","91.26;74.05;50.08;85.17","0.7029812737;0.6792443747;0.6815206947;0.9619108271","4.75257354;3.216960824;0.7811186556;4.54475915","0.3448275862;0.318877551;0.3213367609;0.06195571038","0.3434065934;0.3709198813;0;0.3234152652","0.725;0.784;0.778;4.019","0.728;0.674;2500000.59;0.773","0;0;0;0","0;0;0;0","1379310.345;1275510.204;1285347.044;497636227.9","4120879121;3709198813;999.999764;3880983182","0;0;0;0","0;0;0;0","22;23;24;0","22;24;0;23"
"parsec-streamcluster-simsmall-3",122,91.26,64.79,"3000;2500;2500;3000","1000;1000;1000;1000","1;1;1;1","nan;nan;nan;nan","nan;nan;nan;nan","91.26;74.05;50.08;85.17","64.79;59.45;54.03;55.56","4.75257354;3.216960824;0.7811186556;4.54475915","1.043659868;0.9940086377;1.012572828;0.4027583368","0.3434065934;0.3709198813;0;0.3234152652","0.3765060241;0.3448275862;0.3566333809;0","0.728;0.674;2500000.59;0.773","0.664;0.725;0.701;1000000.044","0;0;0;0","0;0;0;0","4120879121;3709198813;999.999764;3880983182","1506024096;1379310345;1426533524;999.999956","0;0;0;0","0;0;0;0","22;24;0;23","24;23;22;0"
"parsec-streamcluster-simsmall-3",123,64.79,58.59,"1000;1000;1000;1000","1000;1500;1500;2000","1;1;1;1","nan;nan;nan;nan","nan;nan;nan;nan","64.79;59.45;54.03;55.56","55.66;58.59;57.13;49.24","1.043659868;0.9940086377;1.012572828;0.4027583368","0.7446159347;1.313684551;1.348343161;0.6399895837","0.3765060241;0.3448275862;0.3566333809;0","0.3974562798;0.3360215054;0.3511235955;0","0.664;0.725;0.701;1000000.044","0.629;0.744;0.712;2000087.714","0;0;0;0","0;0;0;0","1506024096;1379310345;1426533524;999.999956","1589825119;2016129032;2106741573;999.9561449","0;0;0;0","0;0;0;0","24;23;22;0","24;23;22;0"
"parsec-streamcluster-simsmall-3",124,58.59,85.35,"1000;1500;1500;2000","2000;3000;2000;3000","1;1;1;1","nan;nan;nan;nan","nan;nan;nan;nan","55.66;58.59;57.13;49.24","63.38;85.35;62.72;50.56","0.7446159347;1.313684551;1.348343161;0.6399895837","1.963045822;4.27059536;1.950601612;0.93846836","0.3974562798;0.3360215054;0.3511235955;0","0.378214826;0.3019323671;0.3736920777;0","0.629;0.744;0.712;2000087.714","0.661;0.828;0.669;3000000.721","0;0;0;0","0;0;0;0","1589825119;2016129032;2106741573;999.9561449","3025718608;3623188406;2989536622;999.9997597","0;0;0;0","0;0;0;0","24;23;22;0","24;23;22;0"
"parsec-streamcluster-simsmall-3",125,85.35,68.14,"2000;3000;2000;3000","2000;2000;1500;1000","1;1;1;1","nan;nan;nan;nan","nan;nan;nan;nan","63.38;85.35;62.72;50.56","68.14;56.24;59.72;49.99","1.963045822;4.27059536;1.950601612;0.93846836","2.234963862;0.6399895837;1.389974092;0.7460452057","0.378214826;0.3019323671;0.3736920777;0","0.3117206983;0;0.3692762186;0.3968253968","0.661;0.828;0.669;3000000.721","0.802;2000108.26;0.677;0.63","0;0;0;0","0;0;0;0","3025718608;3623188406;2989536622;999.9997597","2493765586;999.9458729;2215657312;1587301587","0;0;0;0","0;0;0;0","24;23;22;0","23;0;24;22"
"parsec-streamcluster-simsmall-3",126,68.14,65.33,"2000;2000;1500;1000","1000;2500;2000;1000","1;1;1;1","nan;nan;nan;nan","nan;nan;nan;nan","68.14;56.24;59.72;49.99","54.82;49.84;65.33;49.7","2.234963862;0.6399895837;1.389974092;0.7460452057","0.6664283227;0.7811186458;2.066204512;0.6759762467","0.3117206983;0;0.3692762186;0.3968253968","0.3834355828;0;0.3516174402;0.3987240829","0.802;2000108.26;0.677;0.63","0.652;2500019.58;0.711;0.627","0;0;0;0","0;0;0;0","2493765586;999.9458729;2215657312;1587301587","1533742331;999.9921681;2812939522;1594896332","0;0;0;0","0;0;0;0","23;0;24;22","23;0;24;22"
"parsec-streamcluster-simsmall-3",127,65.33,81.29,"1000;2500;2000;1000","2500;1000;2500;2500","1;1;1;1","nan;nan;nan;nan","nan;nan;nan;nan","54.82;49.84;65.33;49.7","78.49;50.48;81.29;49.56","0.6664283227;0.7811186458;2.066204512;0.6759762467","3.485827984;0.6893826167;3.533898424;0.7811186458","0.3834355828;0;0.3516174402;0.3987240829","0.3556187767;0.4139072848;0.3623188406;0","0.652;2500019.58;0.711;0.627","0.703;0.604;0.69;2500068.83","0;0;0;0","0;0;0;0","1533742331;999.9921681;2812939522;1594896332","3556187767;1655629139;3623188406;999.9724688","0;0;0;0","0;0;0;0","23;0;24;22","22;23;24;0"
"parsec-streamcluster-simsmall-3",128,81.29,86.4,"2500;1000;2500;2500","2000;2500;2500;2500","1;1;1;1","nan;nan;nan;nan","nan;nan;nan;nan","78.49;50.48;81.29;49.56","72.38;78.66;86.4;49.84","3.485827984;0.6893826167;3.533898424;0.7811186458","2.344656792;3.726857604;3.711506564;0.7811186458","0.3556187767;0.4139072848;0.3623188406;0","0.4045307443;0.3770739065;0.3748125937;0","0.703;0.604;0.69;2500068.83","0.618;0.663;0.667;2500001.08","0;0;0;0","0;0;0;0","3556187767;1655629139;3623188406;999.9724688","3236245955;3770739065;3748125937;999.999568","0;0;0;0","0;0;0;0","22;23;24;0","22;23;24;0"
"parsec-streamcluster-simsmall-3",129,86.4,66.67,"2000;2500;2500;2500","1000;1500;1000;1500","1;1;1;1","nan;nan;nan;nan","nan;nan;nan;nan","72.38;78.66;86.4;49.84","58.38;66.67;61.88;48.63","2.344656792;3.726857604;3.711506564;0.7811186458","0.8721788537;1.681613162;0.8671575497;0.5139870123","0.4045307443;0.3770739065;0.3748125937;0","0.4111842105;0.3703703704;0.4058441558;0","0.618;0.663;0.667;2500001.08","0.608;0.675;0.616;1500046.36","0;0;0;0","0;0;0;0","3236245955;3770739065;3748125937;999.999568","1644736842;2222222222;1623376623;999.9690943","0;0;0;0","0;0;0;0","22;23;24;0","22;23;24;0"
"parsec-streamcluster-simsmall-3",130,66.67,81.43,"1000;1500;1000;1500","1500;1500;2500;2000","1;1;1;1","nan;nan;nan;nan","nan;nan;nan;nan","58.38;66.67;61.88;48.63","58.39;60.21;81.43;49.01","0.8721788537;1.681613162;0.8671575497;0.5139870123","1.307773212;1.309582521;3.567592664;0.6399895934","0.4111842105;0.3703703704;0.4058441558;0","0.4105090312;0.4111842105;0.3623188406;0","0.608;0.675;0.616;1500046.36","0.609;0.608;0.69;2000001.163","0;0;0;0","0;0;0;0","1644736842;2222222222;1623376623;999.9690943","2463054187;2467105263;3623188406;999.9994185","0;0;0;0","0;0;0;0","22;23;24;0","22;23;24;0"
"parsec-streamcluster-simsmall-3",131,81.43,80.75,"1500;1500;2500;2000","1500;2500;2000;1000","1;1;1;1","nan;nan;nan;nan","nan;nan;nan;nan","58.39;60.21;81.43;49.01","49.73;80.75;72.62;48.7","1.307773212;1.309582521;3.567592664;0.6399895934","0.513987028;3.570444344;2.202973672;0.7083780767","0.4105090312;0.4111842105;0.3623188406;0","0;0.3671071953;0.382848392;0.4424778761","0.609;0.608;0.69;2000001.163","1500000.846;0.681;0.653;0.565","0;0;0;0","0;0;0;0","2463054187;2467105263;3623188406;999.9994185","999.999436;3671071953;3062787136;1769911504","0;0;0;0","0;0;0;0","22;23;24;0","0;23;24;22"
"parsec-streamcluster-simsmall-3",132,80.75,76.77,"1500;2500;2000;1000","2500;1500;1500;1000","1;1;1;1","nan;nan;nan;nan","nan;nan;nan;nan","49.73;80.75;72.62;48.7","76.77;55.16;61.7;49.35","0.513987028;3.570444344;2.202973672;0.7083780767","3.461813994;0.513987028;1.252233011;0.7013164687","0;0.3671071953;0.382848392;0.4424778761","0.3531073446;0;0.3888024883;0.4332755633","1500000.846;0.681;0.653;0.565","0.708;1500000.506;0.643;0.577","0;0;0;0","0;0;0;0","999.999436;3671071953;3062787136;1769911504","3531073446;999.9996627;2332814930;1733102253","0;0;0;0","0;0;0;0","0;23;24;22","22;0;23;24"
"parsec-streamcluster-simsmall-3",133,76.77,74.45,"2500;1500;1500;1000","2000;1500;1500;1500","1;1;1;1","nan;nan;nan;nan","nan;nan;nan;nan","76.77;55.16;61.7;49.35","74.45;49.29;61.21;56.8","3.461813994;0.513987028;1.252233011;0.7013164687","2.570797312;0.5139870221;1.486915092;1.494813262","0.3531073446;0;0.3888024883;0.4332755633","0.3731343284;0;0.4025764895;0.4058441558","0.708;1500000.506;0.643;0.577","0.67;1500000.581;0.621;0.616","0;0;0;0","0;0;0;0","3531073446;999.9996627;2332814930;1733102253","2985074627;999.9996127;2415458937;2435064935","0;0;0;0","0;0;0;0","22;0;23;24","22;0;23;24"
"parsec-streamcluster-simsmall-3",134,74.45,78.75,"2000;1500;1500;1500","1500;1000;1500;2500","1;1;1;1","nan;nan;nan;nan","nan;nan;nan;nan","74.45;49.29;61.21;56.8","62.22;47.8;58.93;78.75","2.570797312;0.5139870221;1.486915092;1.494813262","1.312793752;0.4027583553;1.313014571;3.590265894","0.3731343284;0;0.4025764895;0.4058441558","0.4132231405;0;0.4132231405;0.365497076","0.67;1500000.581;0.621;0.616","0.605;1000000.387;0.605;0.684","0;0;0;0","0;0;0;0","2985074627;999.9996127;2415458937;2435064935","2479338843;999.999613;2479338843;3654970760","0;0;0;0","0;0;0;0","22;0;23;24","22;0;23;24"
"parsec-streamcluster-simsmall-3",135,78.75,74.45,"1500;1000;1500;2500","1500;2000;1000;2000","1;1;1;1","nan;nan;nan;nan","nan;nan;nan;nan","62.22;47.8;58.93;78.75","51;66.89;53.75;74.45","1.312793752;0.4027583553;1.313014571;3.590265894","0.5139870221;2.523022412;0.7820974247;2.522150382","0.4132231405;0;0.4132231405;0.365497076","0;0.3692762186;0.4401408451;0.3687315634","0.605;1000000.387;0.605;0.684","1500006.832;0.677;0.568;0.678","0;0;0;0","0;0;0;0","2479338843;999.999613;2479338843;3654970760","999.9954454;2954209749;1760563380;2949852507","0;0;0;0","0;0;0;0","22;0;23;24","0;22;24;23"
"parsec-streamcluster-simsmall-3",136,74.45,60.49,"1500;2000;1000;2000","2000;1500;1000;1000","1;1;1;1","nan;nan;nan;nan","nan;nan;nan;nan","51;66.89;53.75;74.45","48.95;60.49;52.13;57.37","0.5139870221;2.523022412;0.7820974247;2.522150382","0.6399895837;1.389373672;0.7617274817;0.7570282187","0;0.3692762186;0.4401408451;0.3687315634","0;0.3698224852;0.418760469;0.4132231405","1500006.832;0.677;0.568;0.678","2000001.22;0.676;0.597;0.605","0;0;0;0","0;0;0;0","999.9954454;2954209749;1760563380;2949852507","999.99939;2218934911;1675041876;1652892562","0;0;0;0","0;0;0;0","0;22;24;23","0;22;24;23"
"parsec-streamcluster-simsmall-3",137,60.49,70.22,"2000;1500;1000;1000","1500;2000;2000;2000","1;1;1;1","nan;nan;nan;nan","nan;nan;nan;nan","48.95;60.49;52.13;57.37","56.98;50;68.18;70.22","0.6399895837;1.389373672;0.7617274817;0.7570282187","1.486623681;0.6399895837;2.558027902;2.570974652","0;0.3698224852;0.418760469;0.4132231405","0.4006410256;0;0.3687315634;0.3720238095","2000001.22;0.676;0.597;0.605","0.624;2000001.142;0.678;0.672","0;0;0;0","0;0;0;0","999.99939;2218934911;1675041876;1652892562","2403846154;999.999429;2949852507;2976190476","0;0;0;0","0;0;0;0","0;22;24;23","22;0;24;23"
"parsec-streamcluster-simsmall-3",138,70.22,62.83,"1500;2000;2000;2000","2500;2000;1000;1000","1;1;1;1","nan;nan;nan;nan","nan;nan;nan;nan","56.98;50;68.18;70.22","49.67;62.83;54.52;55.38","1.486623681;0.6399895837;2.558027902;2.570974652","0.7811186458;2.062031142;0.6824543647;0.6828351847","0.4006410256;0;0.3687315634;0.3720238095","0;0.3496503497;0.4071661238;0.4071661238","0.624;2000001.142;0.678;0.672","2500030.195;0.715;0.614;0.614","0;0;0;0","0;0;0;0","2403846154;999.999429;2949852507;2976190476","999.9879221;2797202797;1628664495;1628664495","0;0;0;0","0;0;0;0","22;0;24;23","0;22;24;23"
"parsec-streamcluster-simsmall-3",139,62.83,80.21,"2500;2000;1000;1000","1500;2500;2500;1000","1;1;1;1","nan;nan;nan;nan","nan;nan;nan;nan","49.67;62.83;54.52;55.38","48.52;80.21;78.87;52.17","0.7811186458;2.062031142;0.6824543647;0.6828351847","0.513987028;3.521827364;3.552549784;0.7124315277","0;0.3496503497;0.4071661238;0.4071661238","0;0.3602305476;0.3639010189;0.4472271914","2500030.195;0.715;0.614;0.614","1500027.117;0.694;0.687;0.559","0;0;0;0","0;0;0;0","999.9879221;2797202797;1628664495;1628664495","999.9819223;3602305476;3639010189;1788908766","0;0;0;0","0;0;0;0","0;22;24;23","0;22;24;23"
"parsec-streamcluster-simsmall-3",140,80.21,77.54,"1500;2500;2500;1000","2000;1500;1500;2500","1;1;1;1","nan;nan;nan;nan","nan;nan;nan;nan","48.52;80.21;78.87;52.17","48.91;62.92;62.54;77.54","0.513987028;3.521827364;3.552549784;0.7124315277","0.6399895934;1.288984131;1.287952062;3.527176794","0;0.3602305476;0.3639010189;0.4472271914","0;0.4006410256;0.3993610224;0.3571428571","1500027.117;0.694;0.687;0.559","2000036.757;0.624;0.626;0.7","0;0;0;0","0;0;0;0","999.9819223;3602305476;3639010189;1788908766","999.9816218;2403846154;2396166134;3571428571","0;0;0;0","0;0;0;0","0;22;24;23","0;22;24;23"
"parsec-streamcluster-simsmall-3",141,77.54,61.91,"2000;1500;1500;2500","2000;2500;1000;1500","1;1;1;1","nan;nan;nan;nan","nan;nan;nan;nan","48.91;62.92;62.54;77.54","61.91;51.2;54;61.71","0.6399895934;1.288984131;1.287952062;3.527176794","2.112751362;0.7811186458;0.6973889497;1.242714211","0;0.4006410256;0.3993610224;0.3571428571","0.3612716763;0;0.4266211604;0.382848392","2000036.757;0.624;0.626;0.7","0.692;2500012.025;0.586;0.653","0;0;0;0","0;0;0;0","999.9816218;2403846154;2396166134;3571428571","2890173410;999.99519;1706484642;2297090352","0;0;0;0","0;0;0;0","0;22;24;23","23;0;22;24"
"parsec-streamcluster-simsmall-3",142,61.91,78.42,"2000;2500;1000;1500","1000;1000;2500;2000","1;1;1;1","nan;nan;nan;nan","nan;nan;nan;nan","61.91;51.2;54;61.71","52.83;48.03;78.42;67.11","2.112751362;0.7811186458;0.6973889497;1.242714211","0.7041552997;0.4027583553;3.503622904;2.164050692","0.3612716763;0;0.4266211604;0.382848392","0.4355400697;0;0.3581661891;0.3731343284","0.692;2500012.025;0.586;0.653","0.574;1000000.229;0.698;0.67","0;0;0;0","0;0;0;0","2890173410;999.99519;1706484642;2297090352","1742160279;999.999771;3581661891;2985074627","0;0;0;0","0;0;0;0","23;0;22;24","23;0;22;24"
"parsec-streamcluster-simsmall-3",143,78.42,85.69,"1000;1000;2500;2000","2500;2000;2500;2500","1;1;1;1","nan;nan;nan;nan","nan;nan;nan;nan","52.83;48.03;78.42;67.11","78.86;48.84;85.69;82.36","0.7041552997;0.4027583553;3.503622904;2.164050692","3.716056144;0.6399895934;3.738764654;3.680946874","0.4355400697;0;0.3581661891;0.3731343284","0.3731343284;0;0.3765060241;0.3681885125","0.574;1000000.229;0.698;0.67","0.67;2000053.02;0.664;0.679","0;0;0;0","0;0;0;0","1742160279;999.999771;3581661891;2985074627","3731343284;999.9734907;3765060241;3681885125","0;0;0;0","0;0;0;0","23;0;22;24","23;0;22;24"
"parsec-streamcluster-simsmall-3",144,85.69,73.6,"2500;2000;2500;2500","2000;2000;2000;2000","1;1;1;1","nan;nan;nan;nan","nan;nan;nan;nan","78.86;48.84;85.69;82.36","73.44;63.95;60.61;73.6","3.716056144;0.6399895934;3.738764654;3.680946874","2.467651312;2.333386492;0.9936453151;2.349284112","0.3731343284;0;0.3765060241;0.3681885125","0.3472222222;0.3213367609;0.0688225539;0.3246753247","0.67;2000053.02;0.664;0.679","0.72;0.778;3.618;0.77","0;0;0;0","0;0;0;0","3731343284;999.9734907;3765060241;3681885125","2777777778;2570694087;552791597.6;2597402597","0;0;0;0","0;0;0;0","23;0;22;24","25;26;0;27"
"parsec-streamcluster-simsmall-3",145,73.6,82.15,"2000;2000;2000;2000","1000;1000;1500;2500","1;1;1;1","nan;nan;nan;nan","nan;nan;nan;nan","73.44;63.95;60.61;73.6","56.11;52.88;50.96;82.15","2.467651312;2.333386492;0.9936453151;2.349284112","0.6502213007;0.6562740637;0.513987028;3.348170454","0.3472222222;0.3213367609;0.0688225539;0.3246753247","0.3586800574;0.3676470588;0;0.339673913","0.72;0.778;3.618;0.77","0.697;0.68;1500006;0.736","0;0;0;0","0;0;0;0","2777777778;2570694087;552791597.6;2597402597","1434720230;1470588235;999.996;3396739130","0;0;0;0","0;0;0;0","25;26;0;27","25;26;0;27"
"parsec-streamcluster-simsmall-3",146,82.15,71.28,"1000;1000;1500;2500","1000;1000;2500;2000","1;1;1;1","nan;nan;nan;nan","nan;nan;nan;nan","56.11;52.88;50.96;82.15","51.87;50.55;49.79;71.28","0.6502213007;0.6562740637;0.513987028;3.348170454","0.6401065837;0.6566399507;0.7811186458;2.033367782","0.3586800574;0.3676470588;0;0.339673913","0.3439226519;0.3709198813;0;0.3448275862","0.697;0.68;1500006;0.736","0.724;0.674;2500076.25;0.725","0;0;0;0","0;0;0;0","1434720230;1470588235;999.996;3396739130","1381215470;1483679525;999.9695009;2758620690","0;0;0;0","0;0;0;0","25;26;0;27","25;26;0;27"
"parsec-streamcluster-simsmall-3",147,71.28,58.84,"1000;1000;2500;2000","1000;1500;1500;1000","1;1;1;1","nan;nan;nan;nan","nan;nan;nan;nan","51.87;50.55;49.79;71.28","52.22;58.84;48.67;58.08","0.6401065837;0.6566399507;0.7811186458;2.033367782","0.8115461767;1.598451872;0.5139870123;0.8374061187","0.3439226519;0.3709198813;0;0.3448275862","0.3566333809;0.3438789546;0;0.3805175038","0.724;0.674;2500076.25;0.725","0.701;0.727;1500048.829;0.657","0;0;0;0","0;0;0;0","1381215470;1483679525;999.9695009;2758620690","1426533524;2063273728;999.9674484;1522070015","0;0;0;0","0;0;0;0","25;26;0;27","25;26;0;27"
"parsec-streamcluster-simsmall-3",148,58.84,91.72,"1000;1500;1500;1000","2500;2500;2500;3000","1;1;1;1","nan;nan;nan;nan","nan;nan;nan;nan","52.22;58.84;48.67;58.08","69.87;73.86;49.73;91.72","0.8115461767;1.598451872;0.5139870123;0.8374061187","2.874273104;3.108739184;0.7811186556;4.81157668","0.3566333809;0.3438789546;0;0.3805175038","0.3171974522;0.3566333809;0;0.3526093089","0.701;0.727;1500048.829;0.657","0.785;0.701;2500000.577;0.709","0;0;0;0","0;0;0;0","1426533524;2063273728;999.9674484;1522070015","3184713376;3566333809;999.9997692;4231311707","0;0;0;0","0;0;0;0","25;26;0;27","25;26;0;27"
"parsec-streamcluster-simsmall-3",149,91.72,64.67,"2500;2500;2500;3000","1000;1000;1000;1000","1;1;1;1","nan;nan;nan;nan","nan;nan;nan;nan","69.87;73.86;49.73;91.72","57.93;59.63;48.09;64.67","2.874273104;3.108739184;0.7811186556;4.81157668","0.9680996577;1.029902008;0.4027583368;1.037376978","0.3171974522;0.3566333809;0;0.3526093089","0.3280632411;0.3676470588;0;0.3731343284","0.785;0.701;2500000.577;0.709","0.759;0.68;1000020.045;0.67","0;0;0;0","0;0;0;0","3184713376;3566333809;999.9997692;4231311707","1317523057;1470588235;999.9799554;1492537313","0;0;0;0","0;0;0;0","25;26;0;27","25;26;0;27"
"parsec-streamcluster-simsmall-3",150,64.67,79.68,"1000;1000;1000;1000","1000;2500;2500;1500","1;1;1;1","nan;nan;nan;nan","nan;nan;nan;nan","57.93;59.63;48.09;64.67","49.45;79.68;74.54;59.25","0.9680996577;1.029902008;0.4027583368;1.037376978","0.4027583553;3.522212514;3.440577224;1.209892962","0.3280632411;0.3676470588;0;0.3731343284","0;0.3571428571;0.3457814661;0.3581661891","0.759;0.68;1000020.045;0.67","1000000.759;0.7;0.723;0.698","0;0;0;0","0;0;0;0","1317523057;1470588235;999.9799554;1492537313","999.999241;3571428571;3457814661;2148997135","0;0;0;0","0;0;0;0","25;26;0;27","0;27;26;25"
"parsec-streamcluster-simsmall-3",151,79.68,84.53,"1000;2500;2500;1500","2500;2500;2000;2000","1;1;1;1","nan;nan;nan;nan","nan;nan;nan;nan","49.45;79.68;74.54;59.25","49.47;84.53;69.31;66.11","0.4027583553;3.522212514;3.440577224;1.209892962","0.7811186458;3.557751594;2.201212032;2.147157032","0;0.3571428571;0.3457814661;0.3581661891","0;0.3576537911;0.3725782414;0.3586800574","1000000.759;0.7;0.723;0.698","2500045.897;0.699;0.671;0.697","0;0;0;0","0;0;0;0","999.999241;3571428571;3457814661;2148997135","999.9816415;3576537911;2980625931;2869440459","0;0;0;0","0;0;0;0","0;27;26;25","0;27;26;25"
"parsec-streamcluster-simsmall-3",152,84.53,85.98,"2500;2500;2000;2000","1000;2500;1000;2000","1;1;1;1","nan;nan;nan;nan","nan;nan;nan;nan","49.47;84.53;69.31;66.11","47.95;85.98;55.23;67.94","0.7811186458;3.557751594;2.201212032;2.147157032","0.4027583553;3.474865394;0.6907121017;2.143542252","0;0.3576537911;0.3725782414;0.3586800574","0;0.3546099291;0.4166666667;0.3692762186","2500045.897;0.699;0.671;0.697","1000000.759;0.705;0.6;0.677","0;0;0;0","0;0;0;0","999.9816415;3576537911;2980625931;2869440459","999.999241;3546099291;1666666667;2954209749","0;0;0;0","0;0;0;0","0;27;26;25","0;27;26;25"
"parsec-streamcluster-simsmall-3",153,85.98,70.16,"1000;2500;1000;2000","1500;1500;1500;1500","1;1;1;1","nan;nan;nan;nan","nan;nan;nan;nan","47.95;85.98;55.23;67.94","48.21;70.16;61.91;64.96","0.4027583553;3.474865394;0.6907121017;2.143542252","0.5139870123;1.745980311;1.744479662;1.736857962","0;0.3546099291;0.4166666667;0.3692762186","0;0.382848392;0.382848392;0.3805175038","1000000.759;0.705;0.6;0.677","1500041.653;0.653;0.653;0.657","0;0;0;0","0;0;0;0","999.999241;3546099291;1666666667;2954209749","999.9722321;2297090352;2297090352;2283105023","0;0;0;0","0;0;0;0","0;27;26;25","0;27;26;25"
"parsec-streamcluster-simsmall-3",154,70.16,79.63,"1500;1500;1500;1500","1500;1000;2500;2000","1;1;1;1","nan;nan;nan;nan","nan;nan;nan;nan","48.21;70.16;61.91;64.96","48.24;56.49;79.63;67.7","0.5139870123;1.745980311;1.744479662;1.736857962","0.513987028;0.6943450977;3.456740834;2.139576692","0;0.382848392;0.382848392;0.3805175038","0;0.4222972973;0.3526093089;0.3681885125","1500041.653;0.653;0.653;0.657","1500000.653;0.592;0.709;0.679","0;0;0;0","0;0;0;0","999.9722321;2297090352;2297090352;2283105023","999.9995647;1689189189;3526093089;2945508100","0;0;0;0","0;0;0;0","0;27;26;25","0;27;26;25"
"parsec-streamcluster-simsmall-3",155,79.63,85.26,"1500;1000;2500;2000","2000;1500;2500;2500","1;1;1;1","nan;nan;nan;nan","nan;nan;nan;nan","48.24;56.49;79.63;67.7","48.83;58.32;85.26;82.8","0.513987028;0.6943450977;3.456740834;2.139576692","0.6399895934;1.332183102;3.613386364;3.634741684","0;0.4222972973;0.3526093089;0.3681885125","0;0.4215851602;0.366568915;0.3698224852","1500000.653;0.592;0.709;0.679","2000001.19;0.593;0.682;0.676","0;0;0;0","0;0;0;0","999.9995647;1689189189;3526093089;2945508100","999.999405;2529510961;3665689150;3698224852","0;0;0;0","0;0;0;0","0;27;26;25","0;26;27;25"
"parsec-streamcluster-simsmall-3",156,85.26,77.07,"2000;1500;2500;2500","2000;2000;2000;1000","1;1;1;1","nan;nan;nan;nan","nan;nan;nan;nan","48.83;58.32;85.26;82.8","48.94;70.14;77.07;59.67","0.6399895934;1.332183102;3.613386364;3.634741684","0.6399895837;2.526173212;2.521257692;0.7735142557","0;0.4215851602;0.366568915;0.3698224852","0;0.3698224852;0.3687315634;0.4288164666","2000001.19;0.593;0.682;0.676","2000056.269;0.676;0.678;0.583","0;0;0;0","0;0;0;0","999.999405;2529510961;3665689150;3698224852","999.9718663;2958579882;2949852507;1715265866","0;0;0;0","0;0;0;0","0;26;27;25","0;26;27;25"
"parsec-streamcluster-simsmall-3",157,77.07,85.32,"2000;2000;2000;1000","2500;1500;2500;1500","1;1;1;1","nan;nan;nan;nan","nan;nan;nan;nan","48.94;70.14;77.07;59.67","75.89;52.45;85.32;58.87","0.6399895837;2.526173212;2.521257692;0.7735142557","3.590323004;0.513987028;3.590120424;1.310514592","0;0.3698224852;0.3687315634;0.4288164666","0.3644314869;0;0.3644314869;0.4105090312","2000056.269;0.676;0.678;0.583","0.686;1500000.706;0.686;0.609","0;0;0;0","0;0;0;0","999.9718663;2958579882;2949852507;1715265866","3644314869;999.9995293;3644314869;2463054187","0;0;0;0","0;0;0;0","0;26;27;25","26;0;25;27"
"parsec-streamcluster-simsmall-3",158,85.32,65.59,"2500;1500;2500;1500","1500;1500;1000;1000","1;1;1;1","nan;nan;nan;nan","nan;nan;nan;nan","75.89;52.45;85.32;58.87","65.59;48.37;61.87;54.68","3.590323004;0.513987028;3.590120424;1.310514592","1.680053822;0.5139870123;0.8654399177;0.8613112357","0.3644314869;0;0.3644314869;0.4105090312","0.3703703704;0;0.4051863857;0.4006410256","0.686;1500000.706;0.686;0.609","0.675;1500001.249;0.617;0.624","0;0;0;0","0;0;0;0","3644314869;999.9995293;3644314869;2463054187","2222222222;999.9991673;1620745543;1602564103","0;0;0;0","0;0;0;0","26;0;25;27","26;0;25;27"
"parsec-streamcluster-simsmall-3",159,65.59,56.27,"1500;1500;1000;1000","1000;1500;1000;2000","1;1;1;1","nan;nan;nan;nan","nan;nan;nan;nan","65.59;48.37;61.87;54.68","54.92;56.27;55.09;48.99","1.680053822;0.5139870123;0.8654399177;0.8613112357","0.7496344257;1.388893772;0.7546831787;0.6399895837","0.3703703704;0;0.4051863857;0.4006410256","0.4038772213;0.3698224852;0.4105090312;0","0.675;1500001.249;0.617;0.624","0.619;0.676;0.609;2000000.931","0;0;0;0","0;0;0;0","2222222222;999.9991673;1620745543;1602564103","1615508885;2218934911;1642036125;999.9995345","0;0;0;0","0;0;0;0","26;0;25;27","27;25;26;0"
"parsec-streamcluster-simsmall-3",160,56.27,93.03,"1000;1500;1000;2000","2500;2000;3000;2500","1;1;1;1","nan;nan;nan;nan","nan;nan;nan;nan","54.92;56.27;55.09;48.99","75.06;48.95;93.03;73.51","0.7496344257;1.388893772;0.7546831787;0.6399895837","3.275293104;0.6399895998;5.04258883;3.294144294","0.4038772213;0.3698224852;0.4105090312;0","0.3793626707;0;0.3709198813;0.382848392","0.619;0.676;0.609;2000000.931","0.659;2000000.758;0.674;0.653","0;0;0;0","0;0;0;0","1615508885;2218934911;1642036125;999.9995345","3793626707;999.999621;4451038576;3828483920","0;0;0;0","0;0;0;0","27;25;26;0","27;0;25;26"
"parsec-streamcluster-simsmall-3",161,93.03,63.62,"2500;2000;3000;2500","1000;1000;1000;1000","1;1;1;1","nan;nan;nan;nan","nan;nan;nan;nan","75.06;48.95;93.03;73.51","59.16;49.22;63.62;58.24","3.275293104;0.6399895998;5.04258883;3.294144294","0.9461304147;0.6344363867;0.9227273707;0.9200625547","0.3793626707;0;0.3709198813;0.382848392","0.315258512;0.1378737542;0.303030303;0.3012048193","0.659;2000000.758;0.674;0.653","0.793;1.806;0.825;0.83","0;0;0;0","0;0;0;0","3793626707;999.999621;4451038576;3828483920","1261034048;553709856;1212121212;1204819277","0;0;0;0","0;0;0;0","27;0;25;26","28;0;29;30"
"parsec-streamcluster-simsmall-3",162,63.62,54.88,"1000;1000;1000;1000","1000;2000;1000;1000","1;1;1;1","nan;nan;nan;nan","nan;nan;nan;nan","59.16;49.22;63.62;58.24","53.15;48.8;54.88;52.82","0.9461304147;0.6344363867;0.9227273707;0.9200625547","0.7078539407;0.6399895837;0.7069488817;0.7123621187","0.315258512;0.1378737542;0.303030303;0.3012048193","0.3531073446;0;0.3531073446;0.3602305476","0.793;1.806;0.825;0.83","0.708;2000000.758;0.708;0.694","0;0;0;0","0;0;0;0","1261034048;553709856;1212121212;1204819277","1412429379;999.999621;1412429379;1440922190","0;0;0;0","0;0;0;0","28;0;29;30","28;0;29;30"
"parsec-streamcluster-simsmall-3",163,54.88,72.97,"1000;2000;1000;1000","2000;2500;2000;2500","1;1;1;1","nan;nan;nan;nan","nan;nan;nan;nan","53.15;48.8;54.88;52.82","64.82;72.97;64.66;49.63","0.7078539407;0.6399895837;0.7069488817;0.7123621187","2.201075092;3.304850454;2.114525572;0.7811186458","0.3531073446;0;0.3531073446;0.3602305476","0.3736920777;0.3234152652;0.350631136;0","0.708;2000000.758;0.708;0.694","0.669;0.773;0.713;2500025.197","0;0;0;0","0;0;0;0","1412429379;999.999621;1412429379;1440922190","2989536622;3234152652;2805049088;999.9899213","0;0;0;0","0;0;0;0","28;0;29;30","30;29;28;0"
"parsec-streamcluster-simsmall-3",164,72.97,68.91,"2000;2500;2000;2500","2000;1500;1500;1000","1;1;1;1","nan;nan;nan;nan","nan;nan;nan;nan","64.82;72.97;64.66;49.63","68.91;52.47;60.71;50.16","2.201075092;3.304850454;2.114525572;0.7811186458","2.300537962;0.5139870221;1.406822621;0.7354651947","0.3736920777;0.3234152652;0.350631136;0","0.3250975293;0;0.3770739065;0.3846153846","0.669;0.773;0.713;2500025.197","0.769;1500001.041;0.663;0.65","0;0;0;0","0;0;0;0","2989536622;3234152652;2805049088;999.9899213","2600780234;999.999306;2262443439;1538461538","0;0;0;0","0;0;0;0","30;29;28;0","29;0;30;28"
"parsec-streamcluster-simsmall-3",165,68.91,69.99,"2000;1500;1500;1000","2000;1500;1000;1000","1;1;1;1","nan;nan;nan;nan","nan;nan;nan;nan","68.91;52.47;60.71;50.16","69.99;48.39;53.76;50.33","2.300537962;0.5139870221;1.406822621;0.7354651947","2.283443902;0.5139870221;0.7416605107;0.7268330787","0.3250975293;0;0.3770739065;0.3846153846","0.322997416;0;0.3955696203;0.3765060241","0.769;1500001.041;0.663;0.65","0.774;1500057.75;0.632;0.664","0;0;0;0","0;0;0;0","2600780234;999.999306;2262443439;1538461538","2583979328;999.9615015;1582278481;1506024096","0;0;0;0","0;0;0;0","29;0;30;28","28;0;30;29"
"parsec-streamcluster-simsmall-3",166,69.99,74.72,"2000;1500;1000;1000","2000;2500;1000;2500","1;1;1;1","nan;nan;nan;nan","nan;nan;nan;nan","69.99;48.39;53.76;50.33","69.44;74.35;48.39;74.72","2.283443902;0.5139870221;0.7416605107;0.7268330787","2.238023522;3.389577844;0.4027583553;3.396799894","0.322997416;0;0.3955696203;0.3765060241","0.3805175038;0.3328894807;0;0.3337783712","0.774;1500057.75;0.632;0.664","0.657;0.751;1000000.4;0.749","0;0;0;0","0;0;0;0","2583979328;999.9615015;1582278481;1506024096","3044140030;3328894807;999.9996;3337783712","0;0;0;0","0;0;0;0","28;0;30;29","30;28;0;29"
"parsec-streamcluster-simsmall-3",167,74.72,82.19,"2000;2500;1000;2500","2500;1000;2000;2000","1;1;1;1","nan;nan;nan;nan","nan;nan;nan;nan","69.44;74.35;48.39;74.72","82.19;55.76;48.87;67.77","2.238023522;3.389577844;0.4027583553;3.396799894","3.477429094;0.6736238447;0.6399895934;2.003462082","0.3805175038;0.3328894807;0;0.3337783712","0.3561253561;0.3912363067;0;0.3337783712","0.657;0.751;1000000.4;0.749","0.702;0.639;2000000.4;0.749","0;0;0;0","0;0;0;0","3044140030;3328894807;999.9996;3337783712","3561253561;1564945227;999.9998;2670226969","0;0;0;0","0;0;0;0","30;28;0;29","30;28;0;29"
"parsec-streamcluster-simsmall-3",168,82.19,80.72,"2500;1000;2000;2000","1000;2000;1500;2500","1;1;1;1","nan;nan;nan;nan","nan;nan;nan;nan","82.19;55.76;48.87;67.77","58.83;65.1;48.44;80.72","3.477429094;0.6736238447;0.6399895934;2.003462082","0.6955634287;2.126484722;0.513987028;3.413035514","0.3561253561;0.3912363067;0;0.3337783712","0.4244482173;0.3644314869;0;0.3462603878","0.702;0.639;2000000.4;0.749","0.589;0.686;1500001.2;0.722","0;0;0;0","0;0;0;0","3561253561;1564945227;999.9998;2670226969","1697792869;2915451895;999.9992;3462603878","0;0;0;0","0;0;0;0","30;28;0;29","30;29;0;28"
"parsec-streamcluster-simsmall-3",169,80.72,70.91,"1000;2000;1500;2500","2000;1500;2000;2000","1;1;1;1","nan;nan;nan;nan","nan;nan;nan;nan","58.83;65.1;48.44;80.72","70.91;61.27;66.37;55.31","0.6955634287;2.126484722;0.513987028;3.413035514","2.562712912;1.485982862;2.551730572;0.6399895837","0.4244482173;0.3644314869;0;0.3462603878","0.3714710253;0.4025764895;0.3692762186;0","0.589;0.686;1500001.2;0.722","0.673;0.621;0.677;2000032.6","0;0;0;0","0;0;0;0","1697792869;2915451895;999.9992;3462603878","2971768202;2415458937;2954209749;999.9837003","0;0;0;0","0;0;0;0","30;29;0;28","28;30;29;0"
"parsec-streamcluster-simsmall-3",170,70.91,81.12,"2000;1500;2000;2000","2000;2000;2500;2500","1;1;1;1","nan;nan;nan;nan","nan;nan;nan;nan","70.91;61.27;66.37;55.31","70.05;67.61;81.12;49.94","2.562712912;1.485982862;2.551730572;0.6399895837","2.264159462;2.282443652;3.615171074;0.7811186458","0.3714710253;0.4025764895;0.3692762186;0","0.386996904;0.3924646782;0.3644314869;0","0.673;0.621;0.677;2000032.6","0.646;0.637;0.686;2500000.75","0;0;0;0","0;0;0;0","2971768202;2415458937;2954209749;999.9837003","3095975232;3139717425;3644314869;999.9997","0;0;0;0","0;0;0;0","28;30;29;0","28;30;29;0"
"parsec-streamcluster-simsmall-3",171,81.12,75.35,"2000;2000;2500;2500","2000;1000;1000;2500","1;1;1;1","nan;nan;nan;nan","nan;nan;nan;nan","70.05;67.61;81.12;49.94","52.89;54.79;58.02;75.35","2.264159462;2.282443652;3.615171074;0.7811186458","0.6399895934;0.6919702567;0.6945172577;3.329680534","0.386996904;0.3924646782;0.3644314869;0","0;0.4208754209;0.4244482173;0.3360215054","0.646;0.637;0.686;2500000.75","2000098.6;0.594;0.589;0.744","0;0;0;0","0;0;0;0","3095975232;3139717425;3644314869;999.9997","999.9507024;1683501684;1697792869;3360215054","0;0;0;0","0;0;0;0","28;30;29;0","0;29;30;28"
"parsec-streamcluster-simsmall-3",172,75.35,62.93,"2000;1000;1000;2500","1000;1500;2000;1500","1;1;1;1","nan;nan;nan;nan","nan;nan;nan;nan","52.89;54.79;58.02;75.35","52.41;58.4;49.95;62.93","0.6399895934;0.6919702567;0.6945172577;3.329680534","0.7701363747;1.414725082;0.6399895837;1.402363631","0;0.4208754209;0.4244482173;0.3360215054","0.4273504274;0.3799392097;0;0.374251497","2000098.6;0.594;0.589;0.744","0.585;0.658;2000001.864;0.668","0;0;0;0","0;0;0;0","999.9507024;1683501684;1697792869;3360215054","1709401709;2279635258;999.999068;2245508982","0;0;0;0","0;0;0;0","0;29;30;28","30;29;0;28"
"parsec-streamcluster-simsmall-3",173,62.93,70.66,"1000;1500;2000;1500","1000;1000;1500;2000","1;1;1;1","nan;nan;nan;nan","nan;nan;nan;nan","52.41;58.4;49.95;62.93","51.85;49.35;57.25;70.66","0.7701363747;1.414725082;0.6399895837;1.402363631","0.7710783157;0.4027583522;1.421762992;2.462508562","0.4273504274;0.3799392097;0;0.374251497","0.4280821918;0;0.382848392;0.3576537911","0.585;0.658;2000001.864;0.668","0.584;1000052.336;0.653;0.699","0;0;0;0","0;0;0;0","1709401709;2279635258;999.999068;2245508982","1712328767;999.9476667;2297090352;2861230329","0;0;0;0","0;0;0;0","30;29;0;28","30;0;28;29"
"parsec-streamcluster-simsmall-3",174,70.66,63.68,"1000;1000;1500;2000","1500;2000;1500;2500","1;1;1;1","nan;nan;nan;nan","nan;nan;nan;nan","51.85;49.35;57.25;70.66","55.78;63.68;57.17;52.83","0.7710783157;0.4027583522;1.421762992;2.462508562","1.288252312;2.189984882;1.294064292;0.7811186458","0.4280821918;0;0.382848392;0.3576537911","0.4;0.374251497;0.4032258065;0","0.584;1000052.336;0.653;0.699","0.625;0.668;0.62;2500009.169","0;0;0;0","0;0;0;0","1712328767;999.9476667;2297090352;2861230329","2400000000;2994011976;2419354839;999.9963324","0;0;0;0","0;0;0;0","30;0;28;29","28;30;29;0"
"parsec-streamcluster-simsmall-3",175,63.68,71.87,"1500;2000;1500;2500","2000;2000;2000;2000","1;1;1;1","nan;nan;nan;nan","nan;nan;nan;nan","55.78;63.68;57.17;52.83","69.61;71.87;70.2;49.33","1.288252312;2.189984882;1.294064292;0.7811186458","2.638828302;2.672024442;2.649502682;0.6399895837","0.4;0.374251497;0.4032258065;0","0.3816793893;0.3881987578;0.3834355828;0","0.625;0.668;0.62;2500009.169","0.655;0.644;0.652;2000043.117","0;0;0;0","0;0;0;0","2400000000;2994011976;2419354839;999.9963324","3053435115;3105590062;3067484663;999.978442","0;0;0;0","0;0;0;0","28;30;29;0","28;30;29;0"
"parsec-streamcluster-simsmall-3",176,71.87,73.03,"2000;2000;2000;2000","1500;2000;1000;1500","1;1;1;1","nan;nan;nan;nan","nan;nan;nan;nan","69.61;71.87;70.2;49.33","62.2;73.03;52.19;56.98","2.638828302;2.672024442;2.649502682;0.6399895837","1.484053492;2.539679182;0.4027583522;1.468412972","0.3816793893;0.3881987578;0.3834355828;0","0.4019292605;0.3671071953;0;0.3949447077","0.655;0.644;0.652;2000043.117","0.622;0.681;1000000.403;0.633","0;0;0;0","0;0;0;0","3053435115;3105590062;3067484663;999.978442","2411575563;2936857562;999.999597;2369668246","0;0;0;0","0;0;0;0","28;30;29;0","30;28;0;29"
"parsec-streamcluster-simsmall-3",177,73.03,74.12,"1500;2000;1000;1500","2000;2000;1000;1500","1;1;1;1","nan;nan;nan;nan","nan;nan;nan;nan","62.2;73.03;52.19;56.98","71.68;74.12;48.08;59.21","1.484053492;2.539679182;0.4027583522;1.468412972","2.621732622;2.590536802;0.4027583522;1.514893511","0.4019292605;0.3671071953;0;0.3949447077","0.3822629969;0.3759398496;0;0.4125412541","0.622;0.681;1000000.403;0.633","0.654;0.665;1000000.361;0.606","0;0;0;0","0;0;0;0","2411575563;2936857562;999.999597;2369668246","3058103976;3007518797;999.999639;2475247525","0;0;0;0","0;0;0;0","30;28;0;29","30;28;0;29"
"parsec-streamcluster-simsmall-3",178,74.12,71.38,"2000;2000;1000;1500","1500;2000;2500;1000","1;1;1;1","nan;nan;nan;nan","nan;nan;nan;nan","71.68;74.12;48.08;59.21","54.78;67.91;71.38;51.78","2.621732622;2.590536802;0.4027583522;1.514893511","0.6878440825;1.945682552;3.035688474;0.6378173717","0.3822629969;0.3759398496;0;0.4125412541","0.09194977843;0.3180661578;0.2958579882;0.3369272237","0.654;0.665;1000000.361;0.606","2.708;0.786;0.845;0.742","0;0;0;0","0;0;0;0","3058103976;3007518797;999.999639;2475247525","553914327.9;2544529262;2958579882;1347708895","0;0;0;0","0;0;0;0","30;28;0;29","0;31;32;33"
"parsec-streamcluster-simsmall-3",179,71.38,73.98,"1500;2000;2500;1000","1000;1500;1000;2500","1;1;1;1","nan;nan;nan;nan","nan;nan;nan;nan","54.78;67.91;71.38;51.78","51.56;52.41;54.83;73.98","0.6878440825;1.945682552;3.035688474;0.6378173717","0.6549426627;0.513987028;0.6492572587;3.175916264","0.09194977843;0.3180661578;0.2958579882;0.3369272237","0.366568915;0;0.3571428571;0.3164556962","2.708;0.786;0.845;0.742","0.682;1500000.3;0.7;0.79","0;0;0;0","0;0;0;0","553914327.9;2544529262;2958579882;1347708895","1466275660;999.9998;1428571429;3164556962","0;0;0;0","0;0;0;0","0;31;32;33","33;0;32;31"
"parsec-streamcluster-simsmall-3",180,73.98,76.25,"1000;1500;1000;2500","1000;2500;2500;1000","1;1;1;1","nan;nan;nan;nan","nan;nan;nan;nan","51.56;52.41;54.83;73.98","50.45;49.65;76.25;55.51","0.6549426627;0.513987028;0.6492572587;3.175916264","0.6579920647;0.7811186458;3.282287554;0.6461756847","0.366568915;0;0.3571428571;0.3164556962","0.3714710253;0;0.3311258278;0.3536067893","0.682;1500000.3;0.7;0.79","0.673;2500133;0.755;0.707","0;0;0;0","0;0;0;0","1466275660;999.9998;1428571429;3164556962","1485884101;999.9468028;3311258278;1414427157","0;0;0;0","0;0;0;0","33;0;32;31","33;0;32;31"
"parsec-streamcluster-simsmall-3",181,76.25,67.54,"1000;2500;2500;1000","1000;1500;2000;2500","1;1;1;1","nan;nan;nan;nan","nan;nan;nan;nan","50.45;49.65;76.25;55.51","49.95;54.18;67.54;49.68","0.6579920647;0.7811186458;3.282287554;0.6461756847","0.6616105157;1.183472951;1.906138692;0.7811186458","0.3714710253;0;0.3311258278;0.3536067893","0.3748125937;0.3526093089;0.3101736973;0","0.673;2500133;0.755;0.707","0.667;0.709;0.806;2500002.46","0;0;0;0","0;0;0;0","1485884101;999.9468028;3311258278;1414427157","1499250375;2115655853;2481389578;999.999016","0;0;0;0","0;0;0;0","33;0;32;31","33;32;31;0"
"parsec-streamcluster-simsmall-3",182,67.54,77.76,"1000;1500;2000;2500","2500;2500;2500;1000","1;1;1;1","nan;nan;nan;nan","nan;nan;nan;nan","49.95;54.18;67.54;49.68","75.88;76.73;77.76;48.08","0.6616105157;1.183472951;1.906138692;0.7811186458","3.496962674;3.479933714;3.209573534;0.4027583553","0.3748125937;0.3526093089;0.3101736973;0","0.3472222222;0.3443526171;0.30702836;0","0.667;0.709;0.806;2500002.46","0.72;0.726;0.811;1000002.084","0;0;0;0","0;0;0;0","1499250375;2115655853;2481389578;999.999016","3472222222;3443526171;3082614057;999.997916","0;0;0;0","0;0;0;0","33;32;31;0","33;32;31;0"
"parsec-streamcluster-simsmall-3",183,77.76,62.59,"2500;2500;2500;1000","1500;1500;1000;2000","1;1;1;1","nan;nan;nan;nan","nan;nan;nan;nan","75.88;76.73;77.76;48.08","62.35;62.59;57.7;48.92","3.496962674;3.479933714;3.209573534;0.4027583553","1.348624202;1.343493861;0.6990277887;0.6399895837","0.3472222222;0.3443526171;0.30702836;0","0.3536067893;0.3511235955;0.3425034388;0","0.72;0.726;0.811;1000002.084","0.707;0.712;0.727;2000046.142","0;0;0;0","0;0;0;0","3472222222;3443526171;3082614057;999.997916","2121640736;2106741573;1375515818;999.9769295","0;0;0;0","0;0;0;0","33;32;31;0","33;32;31;0"
"parsec-streamcluster-simsmall-3",184,62.59,78.83,"1500;1500;1000;2000","2500;2000;2000;2000","1;1;1;1","nan;nan;nan;nan","nan;nan;nan;nan","62.35;62.59;57.7;48.92","78.83;66.49;64.27;49.05","1.348624202;1.343493861;0.6990277887;0.6399895837","3.409403624;2.121435542;2.002308132;0.6399895934","0.3536067893;0.3511235955;0.3425034388;0","0.3382949932;0.3541076487;0.3225388601;0","0.707;0.712;0.727;2000046.142","0.739;0.706;0.772;2000802.742","0;0;0;0","0;0;0;0","2121640736;2106741573;1375515818;999.9769295","3382949932;2832861190;2590673575;999.59879","0;0;0;0","0;0;0;0","33;32;31;0","32;33;31;0"
"parsec-streamcluster-simsmall-3",185,78.83,57.39,"2500;2000;2000;2000","1000;1000;2500;1500","1;1;1;1","nan;nan;nan;nan","nan;nan;nan;nan","78.83;66.49;64.27;49.05","57.39;54.11;51.27;52.79","3.409403624;2.121435542;2.002308132;0.6399895934","0.6611886807;0.6409173247;0.7811186458;1.170347951","0.3382949932;0.3541076487;0.3225388601;0","0.378214826;0.3453536755;0;0.347705146","0.739;0.706;0.772;2000802.742","0.661;0.721;2500000.946;0.719","0;0;0;0","0;0;0;0","3382949932;2832861190;2590673575;999.59879","1512859304;1386962552;999.9996216;2086230876","0;0;0;0","0;0;0;0","32;33;31;0","33;31;0;32"
"parsec-streamcluster-simsmall-3",186,57.39,87.06,"1000;1000;2500;1500","2000;2500;2000;3000","1;1;1;1","nan;nan;nan;nan","nan;nan;nan;nan","57.39;54.11;51.27;52.79","63.68;71.26;49.34;87.06","0.6611886807;0.6409173247;0.7811186458;1.170347951","1.958061892;2.912219164;0.6399895998;4.63514392","0.378214826;0.3453536755;0;0.347705146","0.3759398496;0.3246414602;0;0.3360215054","0.661;0.721;2500000.946;0.719","0.665;0.767;2000026.303;0.744","0;0;0;0","0;0;0;0","1512859304;1386962552;999.9996216;2086230876","3007518797;3259452412;999.9868487;4032258065","0;0;0;0","0;0;0;0","33;31;0;32","33;31;0;32"
"parsec-streamcluster-simsmall-3",187,87.06,67.95,"2000;2500;2000;3000","1000;1000;1500;1500","1;1;1;1","nan;nan;nan;nan","nan;nan;nan;nan","63.68;71.26;49.34;87.06","55.56;56.78;48.59;67.95","1.958061892;2.912219164;0.6399895998;4.63514392","0.8403505217;0.8058335447;0.5139870123;1.624982802","0.3759398496;0.3246414602;0;0.3360215054","0.3840245776;0.3502109705;0;0.3531073446","0.665;0.767;2000026.303;0.744","0.651;0.711;1500001.046;0.708","0;0;0;0","0;0;0;0","3007518797;3259452412;999.9868487;4032258065","1536098310;1406469761;999.9993027;2118644068","0;0;0;0","0;0;0;0","33;31;0;32","33;31;0;32"
"parsec-streamcluster-simsmall-3",188,67.95,72.92,"1000;1000;1500;1500","1500;1500;2000;2000","1;1;1;1","nan;nan;nan;nan","nan;nan;nan;nan","55.56;56.78;48.59;67.95","59;49.33;66.72;72.92","0.8403505217;0.8058335447;0.5139870123;1.624982802","1.474194652;0.5139870221;2.566432452;2.575582632","0.3840245776;0.3502109705;0;0.3531073446","0.3955696203;0;0.3714710253;0.3736920777","0.651;0.711;1500001.046;0.708","0.632;1500000.709;0.673;0.669","0;0;0;0","0;0;0;0","1536098310;1406469761;999.9993027;2118644068","2373417722;999.9995273;2971768202;2989536622","0;0;0;0","0;0;0;0","33;31;0;32","32;0;33;31"
"parsec-streamcluster-simsmall-3",189,72.92,83.44,"1500;1500;2000;2000","2000;1000;2000;2500","1;1;1;1","nan;nan;nan;nan","nan;nan;nan;nan","59;49.33;66.72;72.92","66.59;47.78;68.08;83.44","1.474194652;0.5139870221;2.566432452;2.575582632","2.249711472;0.4027583553;2.257161482;3.589005994","0.3955696203;0;0.3714710253;0.3736920777","0.3840245776;0;0.3858024691;0.3607503608","0.632;1500000.709;0.673;0.669","0.651;1000000.473;0.648;0.693","0;0;0;0","0;0;0;0","2373417722;999.9995273;2971768202;2989536622","3072196621;999.999527;3086419753;3607503608","0;0;0;0","0;0;0;0","32;0;33;31","31;0;33;32"
"parsec-streamcluster-simsmall-3",190,83.44,60.77,"2000;1000;2000;2500","1500;1000;2000;1000","1;1;1;1","nan;nan;nan;nan","nan;nan;nan;nan","66.59;47.78;68.08;83.44","60.77;49.92;51.87;59.79","2.249711472;0.4027583553;2.257161482;3.589005994","1.381332731;0.7436590447;0.6399895837;0.7509989607","0.3840245776;0;0.3858024691;0.3607503608","0.3671071953;0.3968253968;0;0.4058441558","0.651;1000000.473;0.648;0.693","0.681;0.63;2000013.946;0.616","0;0;0;0","0;0;0;0","3072196621;999.999527;3086419753;3607503608","2202643172;1587301587;999.993027;1623376623","0;0;0;0","0;0;0;0","31;0;33;32","31;32;0;33"
"parsec-streamcluster-simsmall-3",191,60.77,66.61,"1500;1000;2000;1000","2000;1500;2500;1500","1;1;1;1","nan;nan;nan;nan","nan;nan;nan;nan","60.77;49.92;51.87;59.79","66.61;54.88;49.89;58.89","1.381332731;0.7436590447;0.6399895837;0.7509989607","2.172054932;1.278164372;0.7811186458;1.298232981","0.3671071953;0.3968253968;0;0.4058441558","0.3703703704;0.3955696203;0;0.406504065","0.681;0.63;2000013.946;0.616","0.675;0.632;2500098.946;0.615","0;0;0;0","0;0;0;0","2202643172;1587301587;999.993027;1623376623","2962962963;2373417722;999.9604232;2439024390","0;0;0;0","0;0;0;0","31;32;0;33","31;32;0;33"
"parsec-streamcluster-simsmall-3",192,66.61,83.58,"2000;1500;2500;1500","2500;2500;2000;2500","1;1;1;1","nan;nan;nan;nan","nan;nan;nan;nan","66.61;54.88;49.89;58.89","83.58;79.47;49.29;82.01","2.172054932;1.278164372;0.7811186458;1.298232981","3.805371804;3.756479004;0.6399895934;3.816720194","0.3703703704;0.3955696203;0;0.406504065","0.3846153846;0.378214826;0;0.3858024691","0.675;0.632;2500098.946;0.615","0.65;0.661;2000000.49;0.648","0;0;0;0","0;0;0;0","2962962963;2373417722;999.9604232;2439024390","3846153846;3782148260;999.999755;3858024691","0;0;0;0","0;0;0;0","31;32;0;33","31;32;0;33"
"parsec-streamcluster-simsmall-3",193,83.58,85.31,"2500;2500;2000;2500","2500;1000;1000;1500","1;1;1;1","nan;nan;nan;nan","nan;nan;nan;nan","83.58;79.47;49.29;82.01","85.31;57.36;48.02;63.56","3.805371804;3.756479004;0.6399895934;3.816720194","3.464399884;0.7009773547;0.4027583553;1.275532421","0.3846153846;0.378214826;0;0.3858024691","0.3531073446;0.4310344828;0;0.4006410256","0.65;0.661;2000000.49;0.648","0.708;0.58;1000020.978;0.624","0;0;0;0","0;0;0;0","3846153846;3782148260;999.999755;3858024691","3531073446;1724137931;999.9790224;2403846154","0;0;0;0","0;0;0;0","31;32;0;33","31;32;0;33"
"parsec-streamcluster-simsmall-3",194,85.31,76.96,"2500;1000;1000;1500","2000;2000;1500;1000","1;1;1;1","nan;nan;nan;nan","nan;nan;nan;nan","85.31;57.36;48.02;63.56","76.96;69.39;48.3;55.26","3.464399884;0.7009773547;0.4027583553;1.275532421","2.490893232;2.474285172;0.5139870221;0.7779108337","0.3531073446;0.4310344828;0;0.4006410256","0.3628447025;0.3591954023;0;0.4355400697","0.708;0.58;1000020.978;0.624","0.689;0.696;1500000.717;0.574","0;0;0;0","0;0;0;0","3531073446;1724137931;999.9790224;2403846154","2902757620;2873563218;999.999522;1742160279","0;0;0;0","0;0;0;0","31;32;0;33","31;32;0;33"
"parsec-streamcluster-simsmall-3",195,76.96,82.34,"2000;2000;1500;1000","1000;2500;2500;2500","1;1;1;1","nan;nan;nan;nan","nan;nan;nan;nan","76.96;69.39;48.3;55.26","58.28;82.34;49.61;79.84","2.490893232;2.474285172;0.5139870221;0.7779108337","0.7086819707;3.531640644;0.7811186458;3.594002604","0.3628447025;0.3591954023;0;0.4355400697","0.4424778761;0.3623188406;0;0.3703703704","0.689;0.696;1500000.717;0.574","0.565;0.69;2500046.195;0.675","0;0;0;0","0;0;0;0","2902757620;2873563218;999.999522;1742160279","1769911504;3623188406;999.9815223;3703703704","0;0;0;0","0;0;0;0","31;32;0;33","31;32;0;33"
"parsec-streamcluster-simsmall-3",196,82.34,57.61,"1000;2500;2500;2500","1000;2500;1000;1000","1;1;1;1","nan;nan;nan;nan","nan;nan;nan;nan","58.28;82.34;49.61;79.84","53.19;55.79;48.52;57.61","0.7086819707;3.531640644;0.7811186458;3.594002604","0.6715742727;0.7811186458;0.6759418377;0.6730674177","0.4424778761;0.3623188406;0;0.3703703704","0.3918495298;0;0.3987240829;0.3943217666","0.565;0.69;2500046.195;0.675","0.638;2500121.195;0.627;0.634","0;0;0;0","0;0;0;0","1769911504;3623188406;999.9815223;3703703704","1567398119;999.9515244;1594896332;1577287066","0;0;0;0","0;0;0;0","31;32;0;33","31;0;33;32"
"parsec-streamcluster-simsmall-3",197,57.61,88.04,"1000;2500;1000;1000","3000;2500;2000;3000","1;1;1;1","nan;nan;nan;nan","nan;nan;nan;nan","53.19;55.79;48.52;57.61","88.04;72.8;59.73;55.44","0.6715742727;0.7811186458;0.6759418377;0.6730674177","4.62118871;2.971222984;1.919098802;1.441921195","0.3918495298;0;0.3987240829;0.3943217666","0.3337783712;0.3355704698;0.3639010189;0.04600036948","0.638;2500121.195;0.627;0.634","0.749;0.745;0.687;5.413","0;0;0;0","0;0;0;0","1567398119;999.9515244;1594896332;1577287066","4005340454;3355704698;2911208151;554221319","0;0;0;0","0;0;0;0","31;0;33;32","34;35;36;0"
"parsec-streamcluster-simsmall-3",198,88.04,71.39,"3000;2500;2000;3000","1500;2000;1500;2000","1;1;1;1","nan;nan;nan;nan","nan;nan;nan;nan","88.04;72.8;59.73;55.44","65.7;71.39;58.5;49.41","4.62118871;2.971222984;1.919098802;1.441921195","1.360623121;2.343979402;1.406432862;0.6399895837","0.3337783712;0.3355704698;0.3639010189;0.04600036948","0.3486750349;0.3280839895;0.3692762186;0","0.749;0.745;0.687;5.413","0.717;0.762;0.677;2000026.734","0;0;0;0","0;0;0;0","4005340454;3355704698;2911208151;554221319","2092050209;2624671916;2215657312;999.9866332","0;0;0;0","0;0;0;0","34;35;36;0","34;35;36;0"
"parsec-streamcluster-simsmall-3",199,71.39,70.69,"1500;2000;1500;2000","1500;2000;2000;1500","1;1;1;1","nan;nan;nan;nan","nan;nan;nan;nan","65.7;71.39;58.5;49.41","61.4;70.69;69.38;48.6","1.360623121;2.343979402;1.406432862;0.6399895837","1.404853601;2.294460342;2.529365602;0.5139870221","0.3486750349;0.3280839895;0.3692762186;0","0.3671071953;0.3176620076;0.365497076;0","0.717;0.762;0.677;2000026.734","0.681;0.787;0.684;1500014.639","0;0;0;0","0;0;0;0","2092050209;2624671916;2215657312;999.9866332","2202643172;2541296061;2923976608;999.9902408","0;0;0;0","0;0;0;0","34;35;36;0","34;35;36;0"
"parsec-streamcluster-simsmall-3",200,70.69,81.28,"1500;2000;2000;1500","1000;1500;2500;1500","1;1;1;1","nan;nan;nan;nan","nan;nan;nan;nan","61.4;70.69;69.38;48.6","53.55;59.9;81.28;48.42","1.404853601;2.294460342;2.529365602;0.5139870221","0.6734727357;1.160960781;3.451142174;0.513987028","0.3671071953;0.3176620076;0.365497076;0","0.3912363067;0.3392130258;0.3526093089;0","0.681;0.787;0.684;1500014.639","0.639;0.737;0.709;1500000.614","0;0;0;0","0;0;0;0","2202643172;2541296061;2923976608;999.9902408","1564945227;2035278155;3526093089;999.9995907","0;0;0;0","0;0;0;0","34;35;36;0","34;35;36;0"
"parsec-streamcluster-simsmall-3",201,81.28,84.71,"1000;1500;2500;1500","2000;1000;2500;1000","1;1;1;1","nan;nan;nan;nan","nan;nan;nan;nan","53.55;59.9;81.28;48.42","63.89;53.1;84.71;47.82","0.6734727357;1.160960781;3.451142174;0.513987028","2.051159132;0.6695867327;3.462979174;0.4027583553","0.3912363067;0.3392130258;0.3526093089;0","0.3457814661;0.3858024691;0.3541076487;0","0.639;0.737;0.709;1500000.614","0.723;0.648;0.706;1000010.804","0;0;0;0","0;0;0;0","1564945227;2035278155;3526093089;999.9995907","2766251729;1543209877;3541076487;999.9891961","0;0;0;0","0;0;0;0","34;35;36;0","34;35;36;0"
"parsec-streamcluster-simsmall-3",202,84.71,86.04,"2000;1000;2500;1000","1000;1500;2500;1500","1;1;1;1","nan;nan;nan;nan","nan;nan;nan;nan","63.89;53.1;84.71;47.82","53.58;55.29;86.04;48.23","2.051159132;0.6695867327;3.462979174;0.4027583553","0.6711125867;1.163315322;3.461572524;0.513987028","0.3457814661;0.3858024691;0.3541076487;0","0.3875968992;0.340599455;0.3541076487;0","0.723;0.648;0.706;1000010.804","0.645;0.734;0.706;1500031.455","0;0;0;0","0;0;0;0","2766251729;1543209877;3541076487;999.9891961","1550387597;2043596730;3541076487;999.9790304","0;0;0;0","0;0;0;0","34;35;36;0","34;35;36;0"
"parsec-streamcluster-simsmall-3",203,86.04,65.91,"1000;1500;2500;1500","1500;2000;1000;1000","1;1;1;1","nan;nan;nan;nan","nan;nan;nan;nan","53.58;55.29;86.04;48.23","57.49;65.91;60.85;47.76","0.6711125867;1.163315322;3.461572524;0.513987028","1.367563461;2.241138972;0.7497228737;0.4027583522","0.3875968992;0.340599455;0.3541076487;0","0.3586800574;0.3128911139;0.4032258065;0","0.645;0.734;0.706;1500031.455","0.697;0.799;0.62;1000038.204","0;0;0;0","0;0;0;0","1550387597;2043596730;3541076487;999.9790304","2152080344;2503128911;1612903226;999.9617975","0;0;0;0","0;0;0;0","34;35;36;0","34;35;36;0"
"parsec-streamcluster-simsmall-3",204,65.91,71.75,"1500;2000;1000;1000","2000;1500;2000;2000","1;1;1;1","nan;nan;nan;nan","nan;nan;nan;nan","57.49;65.91;60.85;47.76","68.93;60.7;71.75;48.81","1.367563461;2.241138972;0.7497228737;0.4027583522","2.493733712;1.426252731;2.563463902;0.6399895837","0.3586800574;0.3128911139;0.4032258065;0","0.3581661891;0.3759398496;0.3720238095;0","0.697;0.799;0.62;1000038.204","0.698;0.665;0.672;2000000.653","0;0;0;0","0;0;0;0","2152080344;2503128911;1612903226;999.9617975","2865329513;2255639098;2976190476;999.9996735","0;0;0;0","0;0;0;0","34;35;36;0","34;35;36;0"
"parsec-streamcluster-simsmall-3",205,71.75,81.65,"2000;1500;2000;2000","2500;2500;1000;2500","1;1;1;1","nan;nan;nan;nan","nan;nan;nan;nan","68.93;60.7;71.75;48.81","81.65;79.47;56.34;49.68","2.493733712;1.426252731;2.563463902;0.6399895837","3.491003954;3.465462114;0.6971278717;0.7811186458","0.3581661891;0.3759398496;0.3720238095;0","0.3566333809;0.3531073446;0.4273504274;0","0.698;0.665;0.672;2000000.653","0.701;0.708;0.585;2500000.51","0;0;0;0","0;0;0;0","2865329513;2255639098;2976190476;999.9996735","3566333809;3531073446;1709401709;999.999796","0;0;0;0","0;0;0;0","34;35;36;0","34;35;36;0"
"parsec-streamcluster-simsmall-3",206,81.65,84.5,"2500;2500;1000;2500","1000;2500;2000;1000","1;1;1;1","nan;nan;nan;nan","nan;nan;nan;nan","81.65;79.47;56.34;49.68","58.45;84.5;66.13;48.04","3.491003954;3.465462114;0.6971278717;0.7811186458","0.6932080647;3.498648094;2.172537702;0.4027583553","0.3566333809;0.3531073446;0.4273504274;0","0.4201680672;0.3581661891;0.3759398496;0","0.701;0.708;0.585;2500000.51","0.595;0.698;0.665;1000000.704","0;0;0;0","0;0;0;0","3566333809;3531073446;1709401709;999.999796","1680672269;3581661891;3007518797;999.999296","0;0;0;0","0;0;0;0","34;35;36;0","34;35;36;0"
"parsec-streamcluster-simsmall-3",207,84.5,86.79,"1000;2500;2000;1000","1500;2500;2500;1500","1;1;1;1","nan;nan;nan;nan","nan;nan;nan;nan","58.45;84.5;66.13;48.04","58.44;86.79;82.02;48.28","0.6932080647;3.498648094;2.172537702;0.4027583553","1.303243372;3.590702774;3.608769784;0.513987028","0.4201680672;0.3581661891;0.3759398496;0","0.406504065;0.3644314869;0.366568915;0","0.595;0.698;0.665;1000000.704","0.615;0.686;0.682;1500000.456","0;0;0;0","0;0;0;0","1680672269;3581661891;3007518797;999.999296","2439024390;3644314869;3665689150;999.999696","0;0;0;0","0;0;0;0","34;35;36;0","34;35;36;0"
"parsec-streamcluster-simsmall-3",208,86.79,64.9,"1500;2500;2500;1500","1500;1000;1500;2000","1;1;1;1","nan;nan;nan;nan","nan;nan;nan;nan","58.44;86.79;82.02;48.28","59.31;61.16;55.57;64.9","1.303243372;3.590702774;3.608769784;0.513987028","1.405322182;0.7637718587;0.5139870221;2.431552512","0.406504065;0.3644314869;0.366568915;0","0.3753753754;0.4194630872;0;0.3516174402","0.615;0.686;0.682;1500000.456","0.666;0.596;1500000.648;0.711","0;0;0;0","0;0;0;0","2439024390;3644314869;3665689150;999.999696","2252252252;1677852349;999.999568;2812939522","0;0;0;0","0;0;0;0","34;35;36;0","34;36;0;35"
"parsec-streamcluster-simsmall-3",209,64.9,79.48,"1500;1000;1500;2000","2500;2000;1000;1500","1;1;1;1","nan;nan;nan;nan","nan;nan;nan;nan","59.31;61.16;55.57;64.9","79.48;67.93;52.49;50.27","1.405322182;0.7637718587;0.5139870221;2.431552512","3.491222044;2.174574852;0.6958307137;0.513987028","0.3753753754;0.4194630872;0;0.3516174402","0.3566333809;0.3759398496;0.4244482173;0","0.666;0.596;1500000.648;0.711","0.701;0.665;0.589;1500079.95","0;0;0;0","0;0;0;0","2252252252;1677852349;999.999568;2812939522","3566333809;3007518797;1697792869;999.9467028","0;0;0;0","0;0;0;0","34;36;0;35","34;36;35;0"
"parsec-streamcluster-simsmall-3",210,79.48,72.98,"2500;2000;1000;1500","1000;2000;2000;2000","1;1;1;1","nan;nan;nan;nan","nan;nan;nan;nan","79.48;67.93;52.49;50.27","58.53;72.98;68.28;49.01","3.491222044;2.174574852;0.6958307137;0.513987028","0.7680469157;2.539012212;2.493049352;0.6399895837","0.3566333809;0.3759398496;0.4244482173;0","0.4222972973;0.3725782414;0.363372093;0","0.701;0.665;0.589;1500079.95","0.592;0.671;0.688;2000000.535","0;0;0;0","0;0;0;0","3566333809;3007518797;1697792869;999.9467028","1689189189;2980625931;2906976744;999.9997325","0;0;0;0","0;0;0;0","34;36;35;0","34;36;35;0"
"parsec-streamcluster-simsmall-3",211,72.98,72.54,"1000;2000;2000;2000","2000;1500;2000;1500","1;1;1;1","nan;nan;nan;nan","nan;nan;nan;nan","58.53;72.98;68.28;49.01","70.68;53.57;72.54;56.55","0.7680469157;2.539012212;2.493049352;0.6399895837","2.571421042;0.5139870221;2.583057762;1.497123151","0.4222972973;0.3725782414;0.363372093;0","0.3725782414;0;0.3748125937;0.406504065","0.592;0.671;0.688;2000000.535","0.671;1500000.145;0.667;0.615","0;0;0;0","0;0;0;0","1689189189;2980625931;2906976744;999.9997325","2980625931;999.9999033;2998500750;2439024390","0;0;0;0","0;0;0;0","34;36;35;0","34;0;35;36"
"parsec-streamcluster-simsmall-3",212,72.54,73.14,"2000;1500;2000;1500","2000;1000;1500;1500","1;1;1;1","nan;nan;nan;nan","nan;nan;nan;nan","70.68;53.57;72.54;56.55","73.14;52.64;53.16;58.28","2.571421042;0.5139870221;2.583057762;1.497123151","2.519092342;0.7695402807;0.5139870221;1.439183811","0.3725782414;0;0.3748125937;0.406504065","0.3687315634;0.425170068;0;0.3894080997","0.671;1500000.145;0.667;0.615","0.678;0.588;1500078.75;0.642","0;0;0;0","0;0;0;0","2980625931;999.9999033;2998500750;2439024390","2949852507;1700680272;999.9475028;2336448598","0;0;0;0","0;0;0;0","34;0;35;36","36;35;0;34"
"parsec-streamcluster-simsmall-3",213,73.14,85.2,"2000;1000;1500;1500","2500;2000;1000;2000","1;1;1;1","nan;nan;nan;nan","nan;nan;nan;nan","73.14;52.64;53.16;58.28","85.2;65.51;48.55;66.49","2.519092342;0.7695402807;0.5139870221;1.439183811","3.746660774;2.290976312;0.4027583553;2.299611442","0.3687315634;0.425170068;0;0.3894080997","0.381097561;0.393081761;0;0.3949447077","0.678;0.588;1500078.75;0.642","0.656;0.636;1000015.9;0.633","0;0;0;0","0;0;0;0","2949852507;1700680272;999.9475028;2336448598","3810975610;3144654088;999.9841003;3159557662","0;0;0;0","0;0;0;0","36;35;0;34","36;35;0;34"
"parsec-streamcluster-simsmall-3",214,85.2,70.89,"2500;2000;1000;2000","1000;1000;2000;2000","1;1;1;1","nan;nan;nan;nan","nan;nan;nan;nan","85.2;65.51;48.55;66.49","60.46;54.76;48.91;70.89","3.746660774;2.290976312;0.4027583553;2.299611442","0.7661821267;0.7579466407;0.6399895837;2.453704532","0.381097561;0.393081761;0;0.3949447077","0.4230118443;0.4132231405;0;0.3566333809","0.656;0.636;1000015.9;0.633","0.591;0.605;2000000.4;0.701","0;0;0;0","0;0;0;0","3810975610;3144654088;999.9841003;3159557662","1692047377;1652892562;999.9998;2853067047","0;0;0;0","0;0;0;0","36;35;0;34","36;35;0;34"
"parsec-streamcluster-simsmall-3",215,70.89,66.28,"1000;1000;2000;2000","1000;2000;2500;2000","1;1;1;1","nan;nan;nan;nan","nan;nan;nan;nan","60.46;54.76;48.91;70.89","53.73;62.38;51.08;66.28","0.7661821267;0.7579466407;0.6399895837;2.453704532","0.6761808557;1.912202852;1.20652351;1.910994812","0.4230118443;0.4132231405;0;0.3566333809","0.3924646782;0.3101736973;0.05518617021;0.3097893432","0.591;0.605;2000000.4;0.701","0.637;0.806;4.512;0.807","0;0;0;0","0;0;0;0","1692047377;1652892562;999.9998;2853067047","1569858713;2481389578;554078014.2;2478314746","0;0;0;0","0;0;0;0","36;35;0;34","37;38;0;39"
"parsec-streamcluster-simsmall-3",216,66.28,69.26,"1000;2000;2500;2000","1000;2000;2000;1000","1;1;1;1","nan;nan;nan;nan","nan;nan;nan;nan","53.73;62.38;51.08;66.28","52.24;69.26;49.24;55.14","0.6761808557;1.912202852;1.20652351;1.910994812","0.7378329477;2.382087452;0.6399895837;0.7397898367","0.3924646782;0.3101736973;0.05518617021;0.3097893432","0.3881987578;0.341997264;0;0.390625","0.637;0.806;4.512;0.807","0.644;0.731;2000073.2;0.64","0;0;0;0","0;0;0;0","1569858713;2481389578;554078014.2;2478314746","1552795031;2735978112;999.9634013;1562500000","0;0;0;0","0;0;0;0","37;38;0;39","37;38;0;39"
"parsec-streamcluster-simsmall-3",217,69.26,72.6,"1000;2000;2000;1000","1500;2000;1000;1500","1;1;1;1","nan;nan;nan;nan","nan;nan;nan;nan","52.24;69.26;49.24;55.14","57.93;72.6;48;59.07","0.7378329477;2.382087452;0.6399895837;0.7397898367","1.459462952;2.550059812;0.4027583522;1.482953452","0.3881987578;0.341997264;0;0.390625","0.3912363067;0.3692762186;0;0.4012841091","0.644;0.731;2000073.2;0.64","0.639;0.677;1000000.273;0.623","0;0;0;0","0;0;0;0","1552795031;2735978112;999.9634013;1562500000","2347417840;2954209749;999.999727;2407704655","0;0;0;0","0;0;0;0","37;38;0;39","37;38;0;39"
"parsec-streamcluster-simsmall-3",218,72.6,82.93,"1500;2000;1000;1500","1000;2500;2500;2500","1;1;1;1","nan;nan;nan;nan","nan;nan;nan;nan","57.93;72.6;48;59.07","52.29;82.93;75.73;49.78","1.459462952;2.550059812;0.4027583522;1.482953452","0.7024179077;3.492670004;3.507286544;0.7811186458","0.3912363067;0.3692762186;0;0.4012841091","0.4340277778;0.3571428571;0.3591954023;0","0.639;0.677;1000000.273;0.623","0.576;0.7;0.696;2500055.682","0;0;0;0","0;0;0;0","2347417840;2954209749;999.999727;2407704655","1736111111;3571428571;3591954023;999.9777277","0;0;0;0","0;0;0;0","37;38;0;39","39;37;38;0"
"parsec-streamcluster-simsmall-3",219,82.93,83.5,"1000;2500;2500;2500","2500;1000;2500;1000","1;1;1;1","nan;nan;nan;nan","nan;nan;nan;nan","52.29;82.93;75.73;49.78","78.43;59.07;83.5;48.1","0.7024179077;3.492670004;3.507286544;0.7811186458","3.577798924;0.7000132897;3.558743074;0.4027583553","0.4340277778;0.3571428571;0.3591954023;0","0.3681885125;0.430292599;0.365497076;0","0.576;0.7;0.696;2500055.682","0.679;0.581;0.684;1000000.473","0;0;0;0","0;0;0;0","1736111111;3571428571;3591954023;999.9777277","3681885125;1721170396;3654970760;999.999527","0;0;0;0","0;0;0;0","39;37;38;0","39;37;38;0"
"parsec-streamcluster-simsmall-3",220,83.5,86.26,"2500;1000;2500;1000","2500;1500;2500;1500","1;1;1;1","nan;nan;nan;nan","nan;nan;nan;nan","78.43;59.07;83.5;48.1","85.24;50.47;86.26;54.83","3.577798924;0.7000132897;3.558743074;0.4027583553","3.661132874;0.513987028;3.608564604;1.328413622","0.3681885125;0.430292599;0.365497076;0","0.3736920777;0;0.3660322108;0.4194630872","0.679;0.581;0.684;1000000.473","0.669;1500032.517;0.683;0.596","0;0;0;0","0;0;0;0","3681885125;1721170396;3654970760;999.999527","3736920777;999.9783225;3660322108;2516778523","0;0;0;0","0;0;0;0","39;37;38;0","39;0;37;38"
"parsec-streamcluster-simsmall-3",221,86.26,77.45,"2500;1500;2500;1500","1500;1000;2000;1500","1;1;1;1","nan;nan;nan;nan","nan;nan;nan;nan","85.24;50.47;86.26;54.83","66.82;47.81;77.45;58.21","3.661132874;0.513987028;3.608564604;1.328413622","1.492983182;0.4027583522;2.547914252;1.482873502","0.3736920777;0;0.3660322108;0.4194630872","0.4058441558;0;0.3687315634;0.4012841091","0.669;1500032.517;0.683;0.596","0.616;1000000.451;0.678;0.623","0;0;0;0","0;0;0;0","3736920777;999.9783225;3660322108;2516778523","2435064935;999.999549;2949852507;2407704655","0;0;0;0","0;0;0;0","39;0;37;38","39;0;37;38"
"parsec-streamcluster-simsmall-3",222,77.45,71.69,"1500;1000;2000;1500","2500;1000;2000;1500","1;1;1;1","nan;nan;nan;nan","nan;nan;nan;nan","66.82;47.81;77.45;58.21","52.57;49.77;71.69;56.97","1.492983182;0.4027583522;2.547914252;1.482873502","0.7811186458;0.6968975547;2.159077452;1.261572742","0.4058441558;0;0.3687315634;0.4012841091","0;0.4266211604;0.3725782414;0.3937007874","0.616;1000000.451;0.678;0.623","2500002.464;0.586;0.671;0.635","0;0;0;0","0;0;0;0","2435064935;999.999549;2949852507;2407704655","999.9990144;1706484642;2980625931;2362204724","0;0;0;0","0;0;0;0","39;0;37;38","0;37;39;38"
"parsec-streamcluster-simsmall-3",223,71.69,77.01,"2500;1000;2000;1500","2500;2500;1500;1500","1;1;1;1","nan;nan;nan;nan","nan;nan;nan;nan","52.57;49.77;71.69;56.97","49.87;77.01;62.08;56.97","0.7811186458;0.6968975547;2.159077452;1.261572742","0.7811186458;3.560265834;1.311382591;1.291211972","0;0.4266211604;0.3725782414;0.3937007874","0;0.3617945007;0.4132231405;0.4019292605","2500002.464;0.586;0.671;0.635","2500001.56;0.691;0.605;0.622","0;0;0;0","0;0;0;0","999.9990144;1706484642;2980625931;2362204724","999.999376;3617945007;2479338843;2411575563","0;0;0;0","0;0;0;0","0;37;39;38","0;38;39;37"
"parsec-streamcluster-simsmall-3",224,77.01,67.6,"2500;2500;1500;1500","2000;1000;1000;1500","1;1;1;1","nan;nan;nan;nan","nan;nan;nan;nan","49.87;77.01;62.08;56.97","67.6;53.59;54.93;58.78","0.7811186458;3.560265834;1.311382591;1.291211972","2.522860362;0.4027583522;0.7713259967;1.442943782","0;0.3617945007;0.4132231405;0.4019292605","0.3692762186;0;0.4273504274;0.3912363067","2500001.56;0.691;0.605;0.622","0.677;1000000.313;0.585;0.639","0;0;0;0","0;0;0;0","999.999376;3617945007;2479338843;2411575563","2954209749;999.999687;1709401709;2347417840","0;0;0;0","0;0;0;0","0;38;39;37","39;0;37;38"
"parsec-streamcluster-simsmall-3",225,67.6,61.54,"2000;1000;1000;1500","1500;1000;1500;1000","1;1;1;1","nan;nan;nan;nan","nan;nan;nan;nan","67.6;53.59;54.93;58.78","51.52;53.47;61.54;54.17","2.522860362;0.4027583522;0.7713259967;1.442943782","0.5139870123;0.8783433987;1.684083551;0.8697252007","0.3692762186;0;0.4273504274;0.3912363067","0;0.4159733777;0.3709198813;0.4078303426","0.677;1000000.313;0.585;0.639","1500043.969;0.601;0.674;0.613","0;0;0;0","0;0;0;0","2954209749;999.999687;1709401709;2347417840","999.9706882;1663893511;2225519288;1631321370","0;0;0;0","0;0;0;0","39;0;37;38","0;39;38;37"
"parsec-streamcluster-simsmall-3",226,61.54,68.08,"1500;1000;1500;1000","1500;2000;1000;1000","1;1;1;1","nan;nan;nan;nan","nan;nan;nan;nan","51.52;53.47;61.54;54.17","48.38;68.08;54.06;51.95","0.5139870123;0.8783433987;1.684083551;0.8697252007","0.5139870221;2.472308792;0.7650216977;0.7617186237","0;0.4159733777;0.3709198813;0.4078303426","0;0.3602305476;0.4215851602;0.4173622705","1500043.969;0.601;0.674;0.613","1500031.724;0.694;0.593;0.599","0;0;0;0","0;0;0;0","999.9706882;1663893511;2225519288;1631321370","999.9788511;2881844380;1686340641;1669449082","0;0;0;0","0;0;0;0","0;39;38;37","0;39;38;37"
"parsec-streamcluster-simsmall-3",227,68.08,79.18,"1500;2000;1000;1000","2000;1000;2500;2500","1;1;1;1","nan;nan;nan;nan","nan;nan;nan;nan","48.38;68.08;54.06;51.95","48.9;54.82;79.18;78.21","0.5139870221;2.472308792;0.7650216977;0.7617186237","0.6399895934;0.7116168957;3.594881794;3.584861334","0;0.3602305476;0.4215851602;0.4173622705","0;0.4464285714;0.3698224852;0.3687315634","1500031.724;0.694;0.593;0.599","2000044.699;0.56;0.676;0.678","0;0;0;0","0;0;0;0","999.9788511;2881844380;1686340641;1669449082","999.977651;1785714286;3698224852;3687315634","0;0;0;0","0;0;0;0","0;39;38;37","0;38;39;37"
"parsec-streamcluster-simsmall-3",228,79.18,64.41,"2000;1000;2500;2500","1000;2000;2500;1000","1;1;1;1","nan;nan;nan;nan","nan;nan;nan;nan","48.9;54.82;79.18;78.21","49.09;64.41;54.62;56.98","0.6399895934;0.7116168957;3.594881794;3.584861334","0.6838370157;2.085447742;0.7811186458;0.6915159427","0;0.4464285714;0.3698224852;0.3687315634","0.4091653028;0.3556187767;0;0.4208754209","2000044.699;0.56;0.676;0.678","0.611;0.703;2500000;0.594","0;0;0;0","0;0;0;0","999.977651;1785714286;3698224852;3687315634","1636661211;2844950213;1000;1683501684","0;0;0;0","0;0;0;0","0;38;39;37","37;38;0;39"
"parsec-streamcluster-simsmall-3",229,64.41,70.92,"1000;2000;2500;1000","1500;2000;1500;1000","1;1;1;1","nan;nan;nan;nan","nan;nan;nan;nan","49.09;64.41;54.62;56.98","56.29;70.92;49.01;53.28","0.6838370157;2.085447742;0.7811186458;0.6915159427","1.418844371;2.490692022;0.5139870221;0.7778667517","0.4091653028;0.3556187767;0;0.4208754209","0.381097561;0.363372093;0;0.4363001745","0.611;0.703;2500000;0.594","0.656;0.688;1500000.75;0.573","0;0;0;0","0;0;0;0","1636661211;2844950213;1000;1683501684","2286585366;2906976744;999.9995;1745200698","0;0;0;0","0;0;0;0","37;38;0;39","37;38;0;39"
"parsec-streamcluster-simsmall-3",230,70.92,61.23,"1500;2000;1500;1000","1500;1000;1500;1000","1;1;1;1","nan;nan;nan;nan","nan;nan;nan;nan","56.29;70.92;49.01;53.28","61.23;52.59;59.92;53.34","1.418844371;2.490692022;0.5139870221;0.7778667517","1.712874082;0.4027583471;1.702573561;0.8968486127","0.381097561;0.363372093;0;0.4363001745","0.3793626707;0;0.3759398496;0.4317789292","0.656;0.688;1500000.75;0.573","0.659;1000017.926;0.665;0.579","0;0;0;0","0;0;0;0","2286585366;2906976744;999.9995;1745200698","2276176024;999.9820743;2255639098;1727115717","0;0;0;0","0;0;0;0","37;38;0;39","38;0;37;39"
"parsec-streamcluster-simsmall-3",231,61.23,70.05,"1500;1000;1500;1000","2000;2000;1000;1500","1;1;1;1","nan;nan;nan;nan","nan;nan;nan;nan","61.23;52.59;59.92;53.34","70.05;48.86;53.3;57.87","1.712874082;0.4027583471;1.702573561;0.8968486127","2.505979712;0.6399895837;0.7636407967;1.441522852","0.3793626707;0;0.3759398496;0.4317789292","0.3660322108;0;0.4173622705;0.3900156006","0.659;1000017.926;0.665;0.579","0.683;2000001.101;0.599;0.641","0;0;0;0","0;0;0;0","2276176024;999.9820743;2255639098;1727115717","2928257687;999.9994495;1669449082;2340093604","0;0;0;0","0;0;0;0","38;0;37;39","38;0;37;39"
"parsec-streamcluster-simsmall-3",232,70.05,70,"2000;2000;1000;1500","1500;2000;2000;2000","1;1;1;1","nan;nan;nan;nan","nan;nan;nan;nan","70.05;48.86;53.3;57.87","52.23;67.64;69.15;70","2.505979712;0.6399895837;0.7636407967;1.441522852","0.5139870221;2.606924362;2.639153372;2.629901502","0.3660322108;0;0.4173622705;0.3900156006","0;0.3753753754;0.381097561;0.3799392097","0.683;2000001.101;0.599;0.641","1500021.076;0.666;0.656;0.658","0;0;0;0","0;0;0;0","2928257687;999.9994495;1669449082;2340093604","999.9859495;3003003003;3048780488;3039513678","0;0;0;0","0;0;0;0","38;0;37;39","0;37;39;38"
"parsec-streamcluster-simsmall-3",233,70,54.88,"1500;2000;2000;2000","2500;1000;1000;1000","1;1;1;1","nan;nan;nan;nan","nan;nan;nan;nan","52.23;67.64;69.15;70","49.6;54.11;54.64;54.88","0.5139870221;2.606924362;2.639153372;2.629901502","0.7811186458;0.6649230567;0.6686055587;0.6712977107","0;0.3753753754;0.381097561;0.3799392097","0;0.3822629969;0.3875968992;0.3924646782","1500021.076;0.666;0.656;0.658","2500000.126;0.654;0.645;0.637","0;0;0;0","0;0;0;0","999.9859495;3003003003;3048780488;3039513678","999.9999496;1529051988;1550387597;1569858713","0;0;0;0","0;0;0;0","0;37;39;38","0;37;39;38"
"parsec-streamcluster-simsmall-3",234,54.88,92.1,"2500;1000;1000;1000","2000;3000;3000;2500","1;1;1;1","nan;nan;nan;nan","nan;nan;nan;nan","49.6;54.11;54.64;54.88","49.1;92.05;92.1;75.56","0.7811186458;0.6649230567;0.6686055587;0.6712977107","0.6399895998;5.04652139;5.02604199;3.333864094","0;0.3822629969;0.3875968992;0.3924646782","0;0.3692762186;0.3676470588;0.3875968992","2500000.126;0.654;0.645;0.637","2000000.502;0.677;0.68;0.645","0;0;0;0","0;0;0;0","999.9999496;1529051988;1550387597;1569858713","999.999749;4431314623;4411764706;3875968992","0;0;0;0","0;0;0;0","0;37;39;38","0;39;38;37"
"parsec-streamcluster-simsmall-3",235,92.1,64.74,"2000;3000;3000;2500","1000;1000;1000;1000","1;1;1;1","nan;nan;nan;nan","nan;nan;nan;nan","49.1;92.05;92.1;75.56","47.9;64.62;64.74;60.45","0.6399895998;5.04652139;5.02604199;3.333864094","0.4027583368;1.070459528;1.071392508;1.058742358","0;0.3692762186;0.3676470588;0.3875968992","0;0.3894080997;0.390625;0.382848392","2000000.502;0.677;0.68;0.645","1000000.251;0.642;0.64;0.653","0;0;0;0","0;0;0;0","999.999749;4431314623;4411764706;3875968992","999.999749;1557632399;1562500000;1531393568","0;0;0;0","0;0;0;0","0;39;38;37","0;39;38;37"
"parsec-streamcluster-simsmall-3",236,64.74,82.05,"1000;1000;1000;1000","2000;2500;2000;1500","1;1;1;1","nan;nan;nan;nan","nan;nan;nan;nan","47.9;64.62;64.74;60.45","48.8;82.05;68.46;58.54","0.4027583368;1.070459528;1.071392508;1.058742358","0.6399895934;3.590623684;2.199362672;1.303663572","0;0.3894080997;0.390625;0.382848392","0;0.3639010189;0.3748125937;0.4058441558","1000000.251;0.642;0.64;0.653","2000000.702;0.687;0.667;0.616","0;0;0;0","0;0;0;0","999.999749;1557632399;1562500000;1531393568","999.999649;3639010189;2998500750;2435064935","0;0;0;0","0;0;0;0","0;39;38;37","0;39;38;37"
"parsec-streamcluster-simsmall-3",237,82.05,68.1,"2000;2500;2000;1500","1000;1500;1000;1000","1;1;1;1","nan;nan;nan;nan","nan;nan;nan;nan","48.8;82.05;68.46;58.54","47.82;68.1;57.21;54.34","0.6399895934;3.590623684;2.199362672;1.303663572","0.4027583471;1.662003982;0.8582183447;0.8564544657","0;0.3639010189;0.3748125937;0.4058441558","0;0.363372093;0.3974562798;0.3955696203","2000000.702;0.687;0.667;0.616","1000000.305;0.688;0.629;0.632","0;0;0;0","0;0;0;0","999.999649;3639010189;2998500750;2435064935","999.999695;2180232558;1589825119;1582278481","0;0;0;0","0;0;0;0","0;39;38;37","0;39;38;37"
"parsec-streamcluster-simsmall-3",238,68.1,72.62,"1000;1500;1000;1000","1000;2000;1000;1500","1;1;1;1","nan;nan;nan;nan","nan;nan;nan;nan","47.82;68.1;57.21;54.34","47.65;72.62;53.39;58","0.4027583471;1.662003982;0.8582183447;0.8564544657","0.4027583522;2.479534062;0.7674875877;1.410392762","0;0.363372093;0.3974562798;0.3955696203","0;0.3607503608;0.4215851602;0.3770739065","1000000.305;0.688;0.629;0.632","1000032.681;0.693;0.593;0.663","0;0;0;0","0;0;0;0","999.999695;2180232558;1589825119;1582278481","999.9673201;2886002886;1686340641;2262443439","0;0;0;0","0;0;0;0","0;39;38;37","0;39;38;37"
"parsec-streamcluster-simsmall-3",239,72.62,84.15,"1000;2000;1000;1500","1000;2500;2000;2000","1;1;1;1","nan;nan;nan;nan","nan;nan;nan;nan","47.65;72.62;53.39;58","47.6;84.15;65.24;66.08","0.4027583522;2.479534062;0.7674875877;1.410392762","0.4027583553;3.645599154;2.244482002;2.246993362","0;0.3607503608;0.4215851602;0.3770739065","0;0.3676470588;0.3816793893;0.3822629969","1000032.681;0.693;0.593;0.663","1000000.405;0.68;0.655;0.654","0;0;0;0","0;0;0;0","999.9673201;2886002886;1686340641;2262443439","999.999595;3676470588;3053435115;3058103976","0;0;0;0","0;0;0;0","0;39;38;37","0;39;38;37"
"parsec-streamcluster-simsmall-3",240,84.15,86.71,"1000;2500;2000;2000","1000;2500;1000;2500","1;1;1;1","nan;nan;nan;nan","nan;nan;nan;nan","47.6;84.15;65.24;66.08","47.58;86.71;54.16;80.67","0.4027583553;3.645599154;2.244482002;2.246993362","0.4027583553;3.549271054;0.7052716397;3.480868474","0;0.3676470588;0.3816793893;0.3822629969","0;0.3639010189;0.4370629371;0.3546099291","1000000.405;0.68;0.655;0.654","1000000.705;0.687;0.572;0.705","0;0;0;0","0;0;0;0","999.999595;3676470588;3053435115;3058103976","999.999295;3639010189;1748251748;3546099291","0;0;0;0","0;0;0;0","0;39;38;37","0;39;38;37"
"parsec-streamcluster-simsmall-3",241,86.71,75.31,"1000;2500;1000;2500","2000;2000;2000;2000","1;1;1;1","nan;nan;nan;nan","nan;nan;nan;nan","47.58;86.71;54.16;80.67","49.4;75.31;65.73;72.4","0.4027583553;3.549271054;0.7052716397;3.480868474","0.9937489841;2.345355522;2.279829762;2.290475832","0;0.3639010189;0.4370629371;0.3546099291","0.06886061947;0.3234152652;0.3113325031;0.3136762861","1000000.705;0.687;0.572;0.705","3.616;0.773;0.803;0.797","0;0;0;0","0;0;0;0","999.999295;3639010189;1748251748;3546099291","553097345.1;2587322122;2490660025;2509410289","0;0;0;0","0;0;0;0","0;39;38;37","0;40;41;42"
"parsec-streamcluster-simsmall-3",242,75.31,66.23,"2000;2000;2000;2000","2000;1000;1000;1500","1;1;1;1","nan;nan;nan;nan","nan;nan;nan;nan","49.4;75.31;65.73;72.4","66.23;58.3;51.14;61.79","0.9937489841;2.345355522;2.279829762;2.290475832","2.456107182;0.7397602207;0.4027583522;1.296214001","0.06886061947;0.3234152652;0.3113325031;0.3136762861","0.3571428571;0.3894080997;0;0.3272251309","3.616;0.773;0.803;0.797","0.7;0.642;1000000.273;0.764","0;0;0;0","0;0;0;0","553097345.1;2587322122;2490660025;2509410289","2857142857;1557632399;999.999727;1963350785","0;0;0;0","0;0;0;0","0;40;41;42","42;40;0;41"
"parsec-streamcluster-simsmall-3",243,66.23,65.57,"2000;1000;1000;1500","2000;1000;2000;1000","1;1;1;1","nan;nan;nan;nan","nan;nan;nan;nan","66.23;58.3;51.14;61.79","50.82;53.96;65.57;54.28","2.456107182;0.7397602207;0.4027583522;1.296214001","0.6399895837;0.7455175807;2.278973312;0.7330239967","0.3571428571;0.3894080997;0;0.3272251309","0;0.4;0.3217503218;0.3834355828","0.7;0.642;1000000.273;0.764","2000001.209;0.625;0.777;0.652","0;0;0;0","0;0;0;0","2857142857;1557632399;999.999727;1963350785","999.9993955;1600000000;2574002574;1533742331","0;0;0;0","0;0;0;0","42;40;0;41","0;42;40;41"
"parsec-streamcluster-simsmall-3",244,65.57,69.37,"2000;1000;2000;1000","2000;2000;1500;2000","1;1;1;1","nan;nan;nan;nan","nan;nan;nan;nan","50.82;53.96;65.57;54.28","49.02;69.37;60.77;66.76","0.6399895837;0.7455175807;2.278973312;0.7330239967","0.6399895837;2.564189042;1.442032992;2.338889342","0;0.4;0.3217503218;0.3834355828","0;0.3725782414;0.382848392;0.3246414602","2000001.209;0.625;0.777;0.652","2000052.727;0.671;0.653;0.767","0;0;0;0","0;0;0;0","999.9993955;1600000000;2574002574;1533742331","999.9736372;2980625931;2297090352;2607561930","0;0;0;0","0;0;0;0","0;42;40;41","0;42;40;41"
"parsec-streamcluster-simsmall-3",245,69.37,68.57,"2000;2000;1500;2000","2500;2000;1500;1500","1;1;1;1","nan;nan;nan;nan","nan;nan;nan;nan","49.02;69.37;60.77;66.76","49.66;68.57;57.64;58.6","0.6399895837;2.564189042;1.442032992;2.338889342","0.7811186458;2.156805282;1.227284141;1.190674271","0;0.3725782414;0.382848392;0.3246414602","0;0.3692762186;0.3703703704;0.3487394958","2000052.727;0.671;0.653;0.767","2500086.511;0.677;0.675;0.714","0;0;0;0","0;0;0;0","999.9736372;2980625931;2297090352;2607561930","999.9653968;2954209749;2222222222;2100840336","0;0;0;0","0;0;0;0","0;42;40;41","0;42;40;41"
"parsec-streamcluster-simsmall-3",246,68.57,68.08,"2500;2000;1500;1500","1500;1500;2000;1000","1;1;1;1","nan;nan;nan;nan","nan;nan;nan;nan","49.66;68.57;57.64;58.6","48.51;61.84;68.08;53.13","0.7811186458;2.156805282;1.227284141;1.190674271","0.5139870221;1.407193352;2.369230992;0.7397359657","0;0.3692762186;0.3703703704;0.3487394958","0;0.3770739065;0.3392130258;0.3900156006","2500086.511;0.677;0.675;0.714","1500034.546;0.663;0.737;0.641","0;0;0;0","0;0;0;0","999.9653968;2954209749;2222222222;2100840336","999.9769699;2262443439;2713704206;1560062402","0;0;0;0","0;0;0;0","0;42;40;41","0;42;40;41"
"parsec-streamcluster-simsmall-3",247,68.08,62.06,"1500;1500;2000;1000","2000;1500;1500;2500","1;1;1;1","nan;nan;nan;nan","nan;nan;nan;nan","48.51;61.84;68.08;53.13","62.06;58.06;59.6;49.64","0.5139870221;1.407193352;2.369230992;0.7397359657","2.154209742;1.215893011;1.252242542;0.7811186458","0;0.3770739065;0.3392130258;0.3900156006","0.3676470588;0.363372093;0.3834355828;0","1500034.546;0.663;0.737;0.641","0.68;0.688;0.652;2500001.649","0;0;0;0","0;0;0;0","999.9769699;2262443439;2713704206;1560062402","2941176471;2180232558;2300613497;999.9993404","0;0;0;0","0;0;0;0","0;42;40;41","42;41;40;0"
"parsec-streamcluster-simsmall-3",248,62.06,80.05,"2000;1500;1500;2500","1000;2500;2500;2500","1;1;1;1","nan;nan;nan;nan","nan;nan;nan;nan","62.06;58.06;59.6;49.64","52.72;80.05;50.08;76.99","2.154209742;1.215893011;1.252242542;0.7811186458","0.6965931367;3.565694454;0.7811186458;3.545585014","0.3676470588;0.363372093;0.3834355828;0","0.425170068;0.3660322108;0;0.3639010189","0.68;0.688;0.652;2500001.649","0.588;0.683;2500002.362;0.687","0;0;0;0","0;0;0;0","2941176471;2180232558;2300613497;999.9993404","1700680272;3660322108;999.9990552;3639010189","0;0;0;0","0;0;0;0","42;41;40;0","41;42;0;40"
"parsec-streamcluster-simsmall-3",249,80.05,76.65,"1000;2500;2500;2500","1500;2500;2500;1500","1;1;1;1","nan;nan;nan;nan","nan;nan;nan;nan","52.72;80.05;50.08;76.99","55.87;55.03;76.65;61.85","0.6965931367;3.565694454;0.7811186458;3.545585014","1.283853342;0.7811186458;3.478738744;1.294172581","0.425170068;0.3660322108;0;0.3639010189","0.3987240829;0;0.3511235955;0.4038772213","0.588;0.683;2500002.362;0.687","0.627;2500099.645;0.712;0.619","0;0;0;0","0;0;0;0","1700680272;3660322108;999.9990552;3639010189","2392344498;999.9601436;3511235955;2423263328","0;0;0;0","0;0;0;0","41;42;0;40","40;0;41;42"
"parsec-streamcluster-simsmall-3",250,76.65,74.67,"1500;2500;2500;1500","2000;1500;2000;2000","1;1;1;1","nan;nan;nan;nan","nan;nan;nan;nan","55.87;55.03;76.65;61.85","69.79;49.22;74.67;72.02","1.283853342;0.7811186458;3.478738744;1.294172581","2.657174922;0.5139870221;2.623072472;2.672822252","0.3987240829;0;0.3511235955;0.4038772213","0.3852080123;0;0.378214826;0.3881987578","0.627;2500099.645;0.712;0.619","0.649;1500013.287;0.661;0.644","0;0;0;0","0;0;0;0","2392344498;999.9601436;3511235955;2423263328","3081664099;999.9911421;3025718608;3105590062","0;0;0;0","0;0;0;0","40;0;41;42","40;0;41;42"
"parsec-streamcluster-simsmall-3",251,74.67,64.54,"2000;1500;2000;2000","1500;1500;1000;1000","1;1;1;1","nan;nan;nan;nan","nan;nan;nan;nan","69.79;49.22;74.67;72.02","64.54;48.38;58.7;57.92","2.657174922;0.5139870221;2.623072472;2.672822252","1.684535201;0.5139870123;0.8687223997;0.8774126067","0.3852080123;0;0.378214826;0.3881987578","0.3709198813;0;0.4071661238;0.415282392","0.649;1500013.287;0.661;0.644","0.674;1500001.099;0.614;0.602","0;0;0;0","0;0;0;0","3081664099;999.9911421;3025718608;3105590062","2225519288;999.9992673;1628664495;1661129568","0;0;0;0","0;0;0;0","40;0;41;42","40;0;41;42"
"parsec-streamcluster-simsmall-3",252,64.54,65.7,"1500;1500;1000;1000","1500;2500;1000;2000","1;1;1;1","nan;nan;nan;nan","nan;nan;nan;nan","64.54;48.38;58.7;57.92","58.8;49.57;53.15;65.7","1.684535201;0.5139870123;0.8687223997;0.8774126067","1.235233072;0.7811186458;0.6985310097;2.110932262","0.3709198813;0;0.4071661238;0.415282392","0.3793626707;0;0.430292599;0.3612716763","0.674;1500001.099;0.614;0.602","0.659;2500001.572;0.581;0.692","0;0;0;0","0;0;0;0","2225519288;999.9992673;1628664495;1661129568","2276176024;999.9993712;1721170396;2890173410","0;0;0;0","0;0;0;0","40;0;41;42","41;0;42;40"
"parsec-streamcluster-simsmall-3",253,65.7,79.02,"1500;2500;1000;2000","1000;2500;2500;2000","1;1;1;1","nan;nan;nan;nan","nan;nan;nan;nan","58.8;49.57;53.15;65.7","52.81;49.75;79.02;68.23","1.235233072;0.7811186458;0.6985310097;2.110932262","0.7038431877;0.7811186458;3.583584434;2.196822252","0.3793626707;0;0.430292599;0.3612716763","0.4355400697;0;0.3687315634;0.381097561","0.659;2500001.572;0.581;0.692","0.574;2500002.088;0.678;0.656","0;0;0;0","0;0;0;0","2276176024;999.9993712;1721170396;2890173410","1742160279;999.9991648;3687315634;3048780488","0;0;0;0","0;0;0;0","41;0;42;40","41;0;42;40"
"parsec-streamcluster-simsmall-3",254,79.02,68.43,"1000;2500;2500;2000","2000;1500;1500;1000","1;1;1;1","nan;nan;nan;nan","nan;nan;nan;nan","52.81;49.75;79.02;68.23","68.43;55.86;54.51;55.95","0.7038431877;0.7811186458;3.583584434;2.196822252","2.516824602;1.448783762;0.5139870221;0.7776970307","0.4355400697;0;0.3687315634;0.381097561","0.3676470588;0.3937007874;0;0.4340277778","0.574;2500002.088;0.678;0.656","0.68;0.635;1500089.003;0.576","0;0;0;0","0;0;0;0","1742160279;999.9991648;3687315634;3048780488","2941176471;2362204724;999.9406682;1736111111","0;0;0;0","0;0;0;0","41;0;42;40","41;42;0;40"
"parsec-streamcluster-simsmall-3",255,68.43,71.78,"2000;1500;1500;1000","2000;1000;1000;1000","1;1;1;1","nan;nan;nan;nan","nan;nan;nan;nan","68.43;55.86;54.51;55.95","71.78;51.93;48.95;52.89","2.516824602;1.448783762;0.5139870221;0.7776970307","2.481475502;0.7637284187;0.4027583522;0.7649817717","0.3676470588;0.3937007874;0;0.4340277778","0.3623188406;0.4201680672;0;0.4208754209","0.68;0.635;1500089.003;0.576","0.69;0.595;1000022.5;0.594","0;0;0;0","0;0;0;0","2941176471;2362204724;999.9406682;1736111111","2898550725;1680672269;999.9775005;1683501684","0;0;0;0","0;0;0;0","41;42;0;40","42;40;0;41"
"parsec-streamcluster-simsmall-3",256,71.78,84.09,"2000;1000;1000;1000","2500;2000;2000;1500","1;1;1;1","nan;nan;nan;nan","nan;nan;nan;nan","71.78;51.93;48.95;52.89","84.09;64.71;48.92;56.62","2.481475502;0.7637284187;0.4027583522;0.7649817717","3.671061954;2.259927532;0.6399895934;1.330222302","0.3623188406;0.4201680672;0;0.4208754209","0.3753753754;0.390625;0;0.4201680672","0.69;0.595;1000022.5;0.594","0.666;0.64;2000083.2;0.595","0;0;0;0","0;0;0;0","2898550725;1680672269;999.9775005;1683501684","3753753754;3125000000;999.9584017;2521008403","0;0;0;0","0;0;0;0","42;40;0;41","42;40;0;41"
"parsec-streamcluster-simsmall-3",257,84.09,77.49,"2500;2000;2000;1500","2000;1500;1000;2000","1;1;1;1","nan;nan;nan;nan","nan;nan;nan;nan","84.09;64.71;48.92;56.62","77.49;61.21;47.93;69.93","3.671061954;2.259927532;0.6399895934;1.330222302","2.638719952;1.528271022;0.4027583522;2.624139472","0.3753753754;0.390625;0;0.4201680672","0.3852080123;0.418760469;0;0.3822629969","0.666;0.64;2000083.2;0.595","0.649;0.597;1000023.1;0.654","0;0;0;0","0;0;0;0","3753753754;3125000000;999.9584017;2521008403","3081664099;2512562814;999.9769005;3058103976","0;0;0;0","0;0;0;0","42;40;0;41","42;40;0;41"
"parsec-streamcluster-simsmall-3",258,77.49,76.4,"2000;1500;1000;2000","1500;1500;1500;2500","1;1;1;1","nan;nan;nan;nan","nan;nan;nan;nan","77.49;61.21;47.93;69.93","61.97;51.95;52.62;76.4","2.638719952;1.528271022;0.4027583522;2.624139472","1.182492232;0.6878588805;1.147302932;3.038266634","0.3852080123;0.418760469;0;0.3822629969","0.3424657534;0.09198374584;0.3250975293;0.2920560748","0.649;0.597;1000023.1;0.654","0.73;2.707;0.769;0.856","0;0;0;0","0;0;0;0","3081664099;2512562814;999.9769005;3058103976","2054794521;554118950.9;1950585176;2920560748","0;0;0;0","0;0;0;0","42;40;0;41","43;0;44;45"
"parsec-streamcluster-simsmall-3",259,76.4,76.79,"1500;1500;1500;2500","2500;2000;1000;1000","1;1;1;1","nan;nan;nan;nan","nan;nan;nan;nan","61.97;51.95;52.62;76.4","76.79;48.92;50.12;56.72","1.182492232;0.6878588805;1.147302932;3.038266634","3.114253084;0.6399895934;0.6632347537;0.6601907487","0.3424657534;0.09198374584;0.3250975293;0.2920560748","0.307503075;0;0.3770739065;0.3731343284","0.73;2.707;0.769;0.856","0.813;2000115.77;0.663;0.67","0;0;0;0","0;0;0;0","2054794521;554118950.9;1950585176;2920560748","3075030750;999.9421184;1508295626;1492537313","0;0;0;0","0;0;0;0","43;0;44;45","43;0;44;45"
"parsec-streamcluster-simsmall-3",260,76.79,56.86,"2500;2000;1000;1000","2500;1000;1000;1500","1;1;1;1","nan;nan;nan;nan","nan;nan;nan;nan","76.79;48.92;50.12;56.72","54.61;49.06;49.59;56.86","3.114253084;0.6399895934;0.6632347537;0.6601907487","0.7811186458;0.6409248047;0.6590767117;1.192822251","0.307503075;0;0.3770739065;0.3731343284","0;0.3453536755;0.3748125937;0.3612716763","0.813;2000115.77;0.663;0.67","2500049.056;0.721;0.667;0.692","0;0;0;0","0;0;0;0","3075030750;999.9421184;1508295626;1492537313","999.980378;1386962552;1499250375;2167630058","0;0;0;0","0;0;0;0","43;0;44;45","0;44;43;45"
"parsec-streamcluster-simsmall-3",261,56.86,83.05,"2500;1000;1000;1500","3000;3000;2000;2500","1;1;1;1","nan;nan;nan;nan","nan;nan;nan;nan","54.61;49.06;49.59;56.86","50.65;83.05;60.69;74.97","0.7811186458;0.6409248047;0.6590767117;1.192822251","0.93846836;4.34139953;1.965708572;3.193646204","0;0.3453536755;0.3748125937;0.3612716763","0;0.3078817734;0.3770739065;0.3720238095","2500049.056;0.721;0.667;0.692","3000001.48;0.812;0.663;0.672","0;0;0;0","0;0;0;0","999.980378;1386962552;1499250375;2167630058","999.9995067;3694581281;3016591252;3720238095","0;0;0;0","0;0;0;0","0;44;43;45","0;44;43;45"
"parsec-streamcluster-simsmall-3",262,83.05,63.71,"3000;3000;2000;2500","1500;1500;2000;2500","1;1;1;1","nan;nan;nan;nan","nan;nan;nan;nan","50.65;83.05;60.69;74.97","55.22;62.55;63.71;53.64","0.93846836;4.34139953;1.965708572;3.193646204","1.253705142;1.229354801;1.972429362;0.7811186458","0;0.3078817734;0.3770739065;0.3720238095","0.3840245776;0.3698224852;0.3209242619;0","3000001.48;0.812;0.663;0.672","0.651;0.676;0.779;2500030.085","0;0;0;0","0;0;0;0","999.9995067;3694581281;3016591252;3720238095","2304147465;2218934911;2567394095;999.9879661","0;0;0;0","0;0;0;0","0;44;43;45","45;43;44;0"
"parsec-streamcluster-simsmall-3",263,63.71,67.89,"1500;1500;2000;2500","1500;1000;2000;1500","1;1;1;1","nan;nan;nan;nan","nan;nan;nan;nan","55.22;62.55;63.71;53.64","58.01;54.4;67.89;48.77","1.253705142;1.229354801;1.972429362;0.7811186458","1.404242562;0.7471439257;2.245323262;0.5139870221","0.3840245776;0.3698224852;0.3209242619;0","0.3753753754;0.398089172;0.3136762861;0","0.651;0.676;0.779;2500030.085","0.666;0.628;0.797;1500000.7","0;0;0;0","0;0;0;0","2304147465;2218934911;2567394095;999.9879661","2252252252;1592356688;2509410289;999.9995333","0;0;0;0","0;0;0;0","45;43;44;0","45;43;44;0"
"parsec-streamcluster-simsmall-3",264,67.89,79.34,"1500;1000;2000;1500","2500;1000;2500;1500","1;1;1;1","nan;nan;nan;nan","nan;nan;nan;nan","58.01;54.4;67.89;48.77","79.34;51.62;78.77;48.48","1.404242562;0.7471439257;2.245323262;0.5139870221","3.535460444;0.6886490107;3.252523574;0.513987028","0.3753753754;0.398089172;0.3136762861;0","0.3628447025;0.4132231405;0.3242542153;0","0.666;0.628;0.797;1500000.7","0.689;0.605;0.771;1500079.733","0;0;0;0","0;0;0;0","2252252252;1592356688;2509410289;999.9995333","3628447025;1652892562;3242542153;999.9468475","0;0;0;0","0;0;0;0","45;43;44;0","45;43;44;0"
"parsec-streamcluster-simsmall-3",265,79.34,76.34,"2500;1000;2500;1500","1000;1500;2000;2500","1;1;1;1","nan;nan;nan;nan","nan;nan;nan;nan","79.34;51.62;78.77;48.48","57.53;48.24;71.24;76.34","3.535460444;0.6886490107;3.252523574;0.513987028","0.6948484247;0.513987028;2.164395942;3.526986884","0.3628447025;0.4132231405;0.3242542153;0","0.4222972973;0;0.3736920777;0.3612716763","0.689;0.605;0.771;1500079.733","0.592;1500000.533;0.669;0.692","0;0;0;0","0;0;0;0","3628447025;1652892562;3242542153;999.9468475","1689189189;999.9996447;2989536622;3612716763","0;0;0;0","0;0;0;0","45;43;44;0","44;0;43;45"
"parsec-streamcluster-simsmall-3",266,76.34,74.15,"1000;1500;2000;2500","2000;1500;1500;2000","1;1;1;1","nan;nan;nan;nan","nan;nan;nan;nan","57.53;48.24;71.24;76.34","70.59;48.26;63.58;74.15","0.6948484247;0.513987028;2.164395942;3.526986884","2.597896422;0.5139870221;1.502793271;2.590418922","0.4222972973;0;0.3736920777;0.3612716763","0.3776435045;0;0.4078303426;0.3759398496","0.592;1500000.533;0.669;0.692","0.662;1500040.283;0.613;0.665","0;0;0;0","0;0;0;0","1689189189;999.9996447;2989536622;3612716763","3021148036;999.9731454;2446982055;3007518797","0;0;0;0","0;0;0;0","44;0;43;45","44;0;43;45"
"parsec-streamcluster-simsmall-3",267,74.15,64.94,"2000;1500;1500;2000","1500;1500;1000;1000","1;1;1;1","nan;nan;nan;nan","nan;nan;nan;nan","70.59;48.26;63.58;74.15","64.94;48.26;56.09;58.33","2.597896422;0.5139870221;1.502793271;2.590418922","1.661415651;0.5139870123;0.8613361247;0.8619671307","0.3776435045;0;0.4078303426;0.3759398496","0.3639010189;0;0.4012841091;0.4019292605","0.662;1500040.283;0.613;0.665","0.687;1500175.8;0.623;0.622","0;0;0;0","0;0;0;0","3021148036;999.9731454;2446982055;3007518797","2183406114;999.8828137;1605136437;1607717042","0;0;0;0","0;0;0;0","44;0;43;45","43;0;45;44"
"parsec-streamcluster-simsmall-3",268,64.94,82.2,"1500;1500;1000;1000","2500;1500;1000;2000","1;1;1;1","nan;nan;nan;nan","nan;nan;nan;nan","64.94;48.26;56.09;58.33","82.2;54.1;49.2;67.11","1.661415651;0.5139870123;0.8613361247;0.8619671307","3.632512714;1.310613221;0.4027583553;2.254654082","0.3639010189;0;0.4012841091;0.4019292605","0.3698224852;0.4105090312;0;0.3894080997","0.687;1500175.8;0.623;0.622","0.676;0.609;1000000.236;0.642","0;0;0;0","0;0;0;0","2183406114;999.8828137;1605136437;1607717042","3698224852;2463054187;999.999764;3115264798","0;0;0;0","0;0;0;0","43;0;45;44","45;43;0;44"
"parsec-streamcluster-simsmall-3",269,82.2,87.56,"2500;1500;1000;2000","2500;2500;1000;2500","1;1;1;1","nan;nan;nan;nan","nan;nan;nan;nan","82.2;54.1;49.2;67.11","87.56;78.9;47.76;83.43","3.632512714;1.310613221;0.4027583553;2.254654082","3.796500744;3.734523924;0.4027583553;3.777489264","0.3698224852;0.4105090312;0;0.3894080997","0.3834355828;0.3753753754;0;0.381097561","0.676;0.609;1000000.236;0.642","0.652;0.666;1000000.228;0.656","0;0;0;0","0;0;0;0","3698224852;2463054187;999.999764;3115264798","3834355828;3753753754;999.999772;3810975610","0;0;0;0","0;0;0;0","45;43;0;44","45;43;0;44"
"parsec-streamcluster-simsmall-3",270,87.56,70.33,"2500;2500;1000;2500","1500;1500;1000;1000","1;1;1;1","nan;nan;nan;nan","nan;nan;nan;nan","87.56;78.9;47.76;83.43","70.33;66.46;47.7;60.91","3.796500744;3.734523924;0.4027583553;3.777489264","1.719041612;1.678012821;0.4027583471;0.8863367167","0.3834355828;0.3753753754;0;0.381097561","0.3805175038;0.3671071953;0;0.4201680672","0.652;0.666;1000000.228;0.656","0.657;0.681;1000029.57;0.595","0;0;0;0","0;0;0;0","3834355828;3753753754;999.999772;3810975610","2283105023;2202643172;999.9704309;1680672269","0;0;0;0","0;0;0;0","45;43;0;44","45;43;0;44"
"parsec-streamcluster-simsmall-3",271,70.33,84.98,"1500;1500;1000;1000","2500;2500;2000;2000","1;1;1;1","nan;nan;nan;nan","nan;nan;nan;nan","70.33;66.46;47.7;60.91","84.98;82.1;48.81;68.54","1.719041612;1.678012821;0.4027583471;0.8863367167","3.736064654;3.641592004;0.6399895934;2.329252582","0.3805175038;0.3671071953;0;0.4201680672","0.378214826;0.365497076;0;0.4006410256","0.657;0.681;1000029.57;0.595","0.661;0.684;2000000.74;0.624","0;0;0;0","0;0;0;0","2283105023;2202643172;999.9704309;1680672269","3782148260;3654970760;999.99963;3205128205","0;0;0;0","0;0;0;0","45;43;0;44","45;43;0;44"
"parsec-streamcluster-simsmall-3",272,84.98,78.27,"2500;2500;2000;2000","2000;2000;2000;2000","1;1;1;1","nan;nan;nan;nan","nan;nan;nan;nan","84.98;82.1;48.81;68.54","78.27;76.33;49.01;73.45","3.736064654;3.641592004;0.6399895934;2.329252582","2.664806132;2.606804282;0.6399895837;2.643192462","0.378214826;0.365497076;0;0.4006410256","0.386996904;0.3748125937;0;0.3822629969","0.661;0.684;2000000.74;0.624","0.646;0.667;2000019.74;0.654","0;0;0;0","0;0;0;0","3782148260;3654970760;999.99963;3205128205","3095975232;2998500750;999.9901301;3058103976","0;0;0;0","0;0;0;0","45;43;0;44","45;43;0;44"
"parsec-streamcluster-simsmall-3",273,78.27,84.01,"2000;2000;2000;2000","1000;2500;1500;2000","1;1;1;1","nan;nan;nan;nan","nan;nan;nan;nan","78.27;76.33;49.01;73.45","58.64;84.01;48.46;70.07","2.664806132;2.606804282;0.6399895837;2.643192462","0.7069010087;3.470836274;0.513987028;2.164242912","0.386996904;0.3748125937;0;0.3822629969","0.4409171076;0.3536067893;0;0.3731343284","0.646;0.667;2000019.74;0.654","0.567;0.707;1500000.105;0.67","0;0;0;0","0;0;0;0","3095975232;2998500750;999.9901301;3058103976","1763668430;3536067893;999.99993;2985074627","0;0;0;0","0;0;0;0","45;43;0;44","45;43;0;44"
"parsec-streamcluster-simsmall-3",274,84.01,81.43,"1000;2500;1500;2000","2500;1000;2500;2000","1;1;1;1","nan;nan;nan;nan","nan;nan;nan;nan","58.64;84.01;48.46;70.07","81.43;56.53;75.88;70.52","0.7069010087;3.470836274;0.513987028;2.164242912","3.686605924;0.4027583553;3.628925164;2.320698042","0.4409171076;0.3536067893;0;0.3731343284","0.3714710253;0;0.3639010189;0.3987240829","0.567;0.707;1500000.105;0.67","0.673;1000000.17;0.687;0.627","0;0;0;0","0;0;0;0","1763668430;3536067893;999.99993;2985074627","3714710253;999.99983;3639010189;3189792663","0;0;0;0","0;0;0;0","45;43;0;44","45;0;43;44"
"parsec-streamcluster-simsmall-3",275,81.43,85.84,"2500;1000;2500;2000","2500;1000;2000;2000","1;1;1;1","nan;nan;nan;nan","nan;nan;nan;nan","81.43;56.53;75.88;70.52","85.84;49.95;70.04;70.42","3.686605924;0.4027583553;3.628925164;2.320698042","3.610866474;0.4027583553;2.249878732;2.292953172","0.3714710253;0;0.3639010189;0.3987240829","0.3628447025;0;0.382848392;0.3943217666","0.673;1000000.17;0.687;0.627","0.689;1000006.77;0.653;0.634","0;0;0;0","0;0;0;0","3714710253;999.99983;3639010189;3189792663","3628447025;999.99323;3062787136;3154574132","0;0;0;0","0;0;0;0","45;0;43;44","45;0;43;44"
"parsec-streamcluster-simsmall-3",276,85.84,60.68,"2500;1000;2000;2000","1000;1000;1000;2000","1;1;1;1","nan;nan;nan;nan","nan;nan;nan;nan","85.84;49.95;70.04;70.42","60.68;51.18;55.87;53","3.610866474;0.4027583553;2.249878732;2.292953172","0.7432922697;0.7357701027;0.7320158587;0.6399895837","0.3628447025;0;0.382848392;0.3943217666","0.398089172;0.3881987578;0.3840245776;0","0.689;1000006.77;0.653;0.634","0.628;0.644;0.651;2000060.54","0;0;0;0","0;0;0;0","3628447025;999.99323;3062787136;3154574132","1592356688;1552795031;1536098310;999.9697309","0;0;0;0","0;0;0;0","45;0;43;44","44;45;43;0"
"parsec-streamcluster-simsmall-3",277,60.68,82.15,"1000;1000;1000;2000","2500;1500;2500;2500","1;1;1;1","nan;nan;nan;nan","nan;nan;nan;nan","60.68;51.18;55.87;53","82.15;56.06;79.15;49.92","0.7432922697;0.7357701027;0.7320158587;0.6399895837","3.656484544;1.327443451;3.571957074;0.7811186458","0.398089172;0.3881987578;0.3840245776;0","0.3725782414;0.418760469;0.3612716763;0","0.628;0.644;0.651;2000060.54","0.671;0.597;0.692;2500001.464","0;0;0;0","0;0;0;0","1592356688;1552795031;1536098310;999.9697309","3725782414;2512562814;3612716763;999.9994144","0;0;0;0","0;0;0;0","44;45;43;0","44;45;43;0"
"parsec-streamcluster-simsmall-3",278,82.15,86.75,"2500;1500;2500;2500","2500;1000;2500;1500","1;1;1;1","nan;nan;nan;nan","nan;nan;nan;nan","82.15;56.06;79.15;49.92","86.75;51.72;84.66;48.7","3.656484544;1.327443451;3.571957074;0.7811186458","3.597905074;0.7073575067;3.529635194;0.513987028","0.3725782414;0.418760469;0.3612716763;0","0.3709198813;0.4409171076;0.3612716763;0","0.671;0.597;0.692;2500001.464","0.674;0.567;0.692;1500000.544","0;0;0;0","0;0;0;0","3725782414;2512562814;3612716763;999.9994144","3709198813;1763668430;3612716763;999.9996373","0;0;0;0","0;0;0;0","44;45;43;0","44;45;43;0"
"parsec-streamcluster-simsmall-3",279,86.75,60.31,"2500;1000;2500;1500","2000;1500;1000;1500","1;1;1;1","nan;nan;nan;nan","nan;nan;nan;nan","86.75;51.72;84.66;48.7","57.48;56.94;60.31;55.88","3.597905074;0.7073575067;3.529635194;0.513987028","0.6399895837;1.394902551;0.7713440197;1.406732912","0.3709198813;0.4409171076;0.3612716763;0","0;0.3703703704;0.4280821918;0.3753753754","0.674;0.567;0.692;1500000.544","2000001.019;0.675;0.584;0.666","0;0;0;0","0;0;0;0","3709198813;1763668430;3612716763;999.9996373","999.9994905;2222222222;1712328767;2252252252","0;0;0;0","0;0;0;0","44;45;43;0","0;43;44;45"
"parsec-streamcluster-simsmall-3",280,60.31,80.46,"2000;1500;1000;1500","1500;1000;2500;2000","1;1;1;1","nan;nan;nan;nan","nan;nan;nan;nan","57.48;56.94;60.31;55.88","58.24;51.85;80.46;49.08","0.6399895837;1.394902551;0.7713440197;1.406732912","1.245393542;0.7040352637;3.487387504;0.6399895934","0;0.3703703704;0.4280821918;0.3753753754","0.3846153846;0.4370629371;0.3566333809;0","2000001.019;0.675;0.584;0.666","0.65;0.572;0.701;2000004.208","0;0;0;0","0;0;0;0","999.9994905;2222222222;1712328767;2252252252","2307692308;1748251748;3566333809;999.997896","0;0;0;0","0;0;0;0","0;43;44;45","43;45;44;0"
"parsec-streamcluster-simsmall-3",281,80.46,64.05,"1500;1000;2500;2000","1000;2000;1500;2500","1;1;1;1","nan;nan;nan;nan","nan;nan;nan;nan","58.24;51.85;80.46;49.08","52.92;64.05;63.42;49.78","1.245393542;0.7040352637;3.487387504;0.6399895934","0.6917622407;2.156629822;1.268443142;0.7811186458","0.3846153846;0.4370629371;0.3566333809;0","0.4180602007;0.3725782414;0.398089172;0","0.65;0.572;0.701;2000004.208","0.598;0.671;0.628;2500001.257","0;0;0;0","0;0;0;0","2307692308;1748251748;3566333809;999.997896","1672240803;2980625931;2388535032;999.9994972","0;0;0;0","0;0;0;0","43;45;44;0","43;45;44;0"
"parsec-streamcluster-simsmall-3",282,64.05,75.43,"1000;2000;1500;2500","2500;2000;1500;2000","1;1;1;1","nan;nan;nan;nan","nan;nan;nan;nan","52.92;64.05;63.42;49.78","75.43;64.65;58.44;49.27","0.6917622407;2.156629822;1.268443142;0.7811186458","3.313431924;1.976203012;1.188324571;0.9229818131","0.4180602007;0.3725782414;0.398089172;0","0.3259452412;0.319284802;0.3448275862;0.0688225539","0.598;0.671;0.628;2500001.257","0.767;0.783;0.725;3.618","0;0;0;0","0;0;0;0","1672240803;2980625931;2388535032;999.9994972","3259452412;2554278416;2068965517;552791597.6","0;0;0;0","0;0;0;0","43;45;44;0","46;47;48;0"
"parsec-streamcluster-simsmall-3",283,75.43,83.12,"2500;2000;1500;2000","2500;1500;2000;2500","1;1;1;1","nan;nan;nan;nan","nan;nan;nan;nan","75.43;64.65;58.44;49.27","83.12;59.25;66.49;49.82","3.313431924;1.976203012;1.188324571;0.9229818131","3.510429884;1.305952732;2.193575342;0.7811186458","0.3259452412;0.319284802;0.3448275862;0.0688225539","0.3546099291;0.4098360656;0.3748125937;0","0.767;0.783;0.725;3.618","0.705;0.61;0.667;2500001.141","0;0;0;0","0;0;0;0","3259452412;2554278416;2068965517;552791597.6","3546099291;2459016393;2998500750;999.9995436","0;0;0;0","0;0;0;0","46;47;48;0","47;48;46;0"
"parsec-streamcluster-simsmall-3",284,83.12,84.51,"2500;1500;2000;2500","2500;1000;1000;2500","1;1;1;1","nan;nan;nan;nan","nan;nan;nan;nan","83.12;59.25;66.49;49.82","84.51;52.69;54.56;49.92","3.510429884;1.305952732;2.193575342;0.7811186458","3.371765824;0.6869548337;0.6867581117;0.7811186458","0.3546099291;0.4098360656;0.3748125937;0","0.3424657534;0.4139072848;0.4132231405;0","0.705;0.61;0.667;2500001.141","0.73;0.604;0.605;2500000.769","0;0;0;0","0;0;0;0","3546099291;2459016393;2998500750;999.9995436","3424657534;1655629139;1652892562;999.9996924","0;0;0;0","0;0;0;0","47;48;46;0","47;48;46;0"
"parsec-streamcluster-simsmall-3",285,84.51,79.38,"2500;1000;1000;2500","1500;2500;2500;2500","1;1;1;1","nan;nan;nan;nan","nan;nan;nan;nan","84.51;52.69;54.56;49.92","65.39;79.11;79.38;49.94","3.371765824;0.6869548337;0.6867581117;0.7811186458","1.335103112;3.665050044;3.624024494;0.7811186458","0.3424657534;0.4139072848;0.4132231405;0","0.4222972973;0.3736920777;0.3687315634;0","0.73;0.604;0.605;2500000.769","0.592;0.669;0.678;2500099.769","0;0;0;0","0;0;0;0","3424657534;1655629139;1652892562;999.9996924","2533783784;3736920777;3687315634;999.960094","0;0;0;0","0;0;0;0","47;48;46;0","47;48;46;0"
"parsec-streamcluster-simsmall-3",286,79.38,73.9,"1500;2500;2500;2500","1000;1500;1000;2500","1;1;1;1","nan;nan;nan;nan","nan;nan;nan;nan","65.39;79.11;79.38;49.94","55.27;54.39;57.57;73.9","1.335103112;3.665050044;3.624024494;0.7811186458","0.6880158967;0.513987028;0.6861467777;3.355448674","0.4222972973;0.3736920777;0.3687315634;0","0.415282392;0;0.4125412541;0.339673913","0.592;0.669;0.678;2500099.769","0.602;1500001.061;0.606;0.736","0;0;0;0","0;0;0;0","2533783784;3736920777;3687315634;999.960094","1661129568;999.9992927;1650165017;3396739130","0;0;0;0","0;0;0;0","47;48;46;0","48;0;47;46"
"parsec-streamcluster-simsmall-3",287,73.9,81.2,"1000;1500;1000;2500","2000;2000;2500;1500","1;1;1;1","nan;nan;nan;nan","nan;nan;nan;nan","55.27;54.39;57.57;73.9","67.09;66.24;81.2;52.57","0.6880158967;0.513987028;0.6861467777;3.355448674","2.319442572;2.289200972;3.725879304;0.513987028","0.415282392;0;0.4125412541;0.339673913","0.4;0.3924646782;0.378214826;0","0.602;1500001.061;0.606;0.736","0.625;0.637;0.661;1500024.461","0;0;0;0","0;0;0;0","1661129568;999.9992927;1650165017;3396739130","3200000000;3139717425;3782148260;999.9836929","0;0;0;0","0;0;0;0","48;0;47;46","47;46;48;0"
"parsec-streamcluster-simsmall-3",288,81.2,75.79,"2000;2000;2500;1500","1500;1500;2000;2000","1;1;1;1","nan;nan;nan;nan","nan;nan;nan;nan","67.09;66.24;81.2;52.57","62.29;51.43;75.79;68.54","2.319442572;2.289200972;3.725879304;0.513987028","1.506213811;0.5139870221;2.559328382;2.561746412","0.4;0.3924646782;0.378214826;0","0.4111842105;0;0.3709198813;0.3709198813","0.625;0.637;0.661;1500024.461","0.608;1500000.966;0.674;0.674","0;0;0;0","0;0;0;0","3200000000;3139717425;3782148260;999.9836929","2467105263;999.999356;2967359050;2967359050","0;0;0;0","0;0;0;0","47;46;48;0","48;0;46;47"
"parsec-streamcluster-simsmall-3",289,75.79,81.25,"1500;1500;2000;2000","1500;1500;1500;2500","1;1;1;1","nan;nan;nan;nan","nan;nan;nan;nan","62.29;51.43;75.79;68.54","59.09;48.39;62.56;81.25","1.506213811;0.5139870221;2.559328382;2.561746412","1.304723562;0.513987028;1.286804101;3.508977374","0.4111842105;0;0.3709198813;0.3709198813","0.4098360656;0;0.4;0.3551136364","0.608;1500000.966;0.674;0.674","0.61;1500000.8;0.625;0.704","0;0;0;0","0;0;0;0","2467105263;999.999356;2967359050;2967359050","2459016393;999.9994667;2400000000;3551136364","0;0;0;0","0;0;0;0","48;0;46;47","48;0;46;47"
"parsec-streamcluster-simsmall-3",290,81.25,64.55,"1500;1500;1500;2500","1000;2000;1000;1500","1;1;1;1","nan;nan;nan;nan","nan;nan;nan;nan","59.09;48.39;62.56;81.25","53.54;48.91;54.85;64.55","1.304723562;0.513987028;1.286804101;3.508977374","0.7536124367;0.6399895837;0.7497676197;1.383714002","0.4098360656;0;0.4;0.3551136364","0.4091653028;0;0.4045307443;0.3676470588","0.61;1500000.8;0.625;0.704","0.611;2000001.369;0.618;0.68","0;0;0;0","0;0;0;0","2459016393;999.9994667;2400000000;3551136364","1636661211;999.9993155;1618122977;2205882353","0;0;0;0","0;0;0;0","48;0;46;47","48;0;46;47"
"parsec-streamcluster-simsmall-3",291,64.55,78,"1000;2000;1000;1500","2500;1000;1500;1000","1;1;1;1","nan;nan;nan;nan","nan;nan;nan;nan","53.54;48.91;54.85;64.55","78;47.86;57.05;54.63","0.7536124367;0.6399895837;0.7497676197;1.383714002","3.484686344;0.4027583553;1.268213441;0.6996441747","0.4091653028;0;0.4045307443;0.3676470588","0.3561253561;0;0.3968253968;0.4295532646","0.611;2000001.369;0.618;0.68","0.702;1000020.684;0.63;0.582","0;0;0;0","0;0;0;0","1636661211;999.9993155;1618122977;2205882353","3561253561;999.9793164;2380952381;1718213058","0;0;0;0","0;0;0;0","48;0;46;47","47;0;48;46"
"parsec-streamcluster-simsmall-3",292,78,86.03,"2500;1000;1500;1000","2500;2500;2500;2500","1;1;1;1","nan;nan;nan;nan","nan;nan;nan;nan","78;47.86;57.05;54.63","86.03;77.47;49.76;80.32","3.484686344;0.4027583553;1.268213441;0.6996441747","3.787786844;3.774621914;0.7811186458;3.757453154","0.3561253561;0;0.3968253968;0.4295532646","0.3822629969;0.3805175038;0;0.378214826","0.702;1000020.684;0.63;0.582","0.654;0.657;2500038;0.661","0;0;0;0","0;0;0;0","3561253561;999.9793164;2380952381;1718213058","3822629969;3805175038;999.9848002;3782148260","0;0;0;0","0;0;0;0","47;0;48;46","47;48;0;46"
"parsec-streamcluster-simsmall-3",293,86.03,77.8,"2500;2500;2500;2500","2000;2000;2000;1500","1;1;1;1","nan;nan;nan;nan","nan;nan;nan;nan","86.03;77.47;49.76;80.32","77.8;74.58;49.25;65.27","3.787786844;3.774621914;0.7811186458;3.757453154","2.607919122;2.614542442;0.6399895837;1.506643972","0.3822629969;0.3805175038;0;0.378214826","0.3799392097;0.381097561;0;0.4091653028","0.654;0.657;2500038;0.661","0.658;0.656;2000074.043;0.611","0;0;0;0","0;0;0;0","3822629969;3805175038;999.9848002;3782148260","3039513678;3048780488;999.9629799;2454991817","0;0;0;0","0;0;0;0","47;48;0;46","47;48;0;46"
"parsec-streamcluster-simsmall-3",294,77.8,71.85,"2000;2000;2000;1500","2000;2500;1000;2000","1;1;1;1","nan;nan;nan;nan","nan;nan;nan;nan","77.8;74.58;49.25;65.27","71.85;53.75;49.57;68.04","2.607919122;2.614542442;0.6399895837;1.506643972","2.172326002;0.7811186458;0.7094806487;2.149227792","0.3799392097;0.381097561;0;0.4091653028","0.3753753754;0;0.4432624113;0.3692762186","0.658;0.656;2000074.043;0.611","0.666;2500000;0.564;0.677","0;0;0;0","0;0;0;0","3039513678;3048780488;999.9629799;2454991817","3003003003;1000;1773049645;2954209749","0;0;0;0","0;0;0;0","47;48;0;46","48;0;47;46"
"parsec-streamcluster-simsmall-3",295,71.85,83.97,"2000;2500;1000;2000","2500;2000;1000;2000","1;1;1;1","nan;nan;nan;nan","nan;nan;nan;nan","71.85;53.75;49.57;68.04","83.97;49.23;49.89;68.9","2.172326002;0.7811186458;0.7094806487;2.149227792","3.542335694;0.6399895934;0.7038213797;2.179852962","0.3753753754;0;0.4432624113;0.3692762186","0.363372093;0;0.4340277778;0.3770739065","0.666;2500000;0.564;0.677","0.688;2000051.8;0.576;0.663","0;0;0;0","0;0;0;0","3003003003;1000;1773049645;2954209749","3633720930;999.9741007;1736111111;3016591252","0;0;0;0","0;0;0;0","48;0;47;46","48;0;47;46"
"parsec-streamcluster-simsmall-3",296,83.97,63.59,"2500;2000;1000;2000","1000;1000;1000;1000","1;1;1;1","nan;nan;nan;nan","nan;nan;nan;nan","83.97;49.23;49.89;68.9","63.59;54.07;47.74;59.47","3.542335694;0.6399895934;0.7038213797;2.179852962","1.069938058;1.069549308;0.4027583368;1.076178708","0.363372093;0;0.4340277778;0.3770739065","0.3888024883;0.3888024883;0;0.393081761","0.688;2000051.8;0.576;0.663","0.643;0.643;1000000.9;0.636","0;0;0;0","0;0;0;0","3633720930;999.9741007;1736111111;3016591252","1555209953;1555209953;999.9991;1572327044","0;0;0;0","0;0;0;0","48;0;47;46","47;48;0;46"
"parsec-streamcluster-simsmall-3",297,63.59,82.95,"1000;1000;1000;1000","2500;2500;1500;2500","1;1;1;1","nan;nan;nan;nan","nan;nan;nan;nan","63.59;54.07;47.74;59.47","82.95;79.16;48.22;81.36","1.069938058;1.069549308;0.4027583368;1.076178708","3.729151944;3.725674444;0.513987028;3.738179404","0.3888024883;0.3888024883;0;0.393081761","0.3748125937;0.374251497;0;0.3759398496","0.643;0.643;1000000.9;0.636","0.667;0.668;1500000.15;0.665","0;0;0;0","0;0;0;0","1555209953;1555209953;999.9991;1572327044","3748125937;3742514970;999.9999;3759398496","0;0;0;0","0;0;0;0","47;48;0;46","47;48;0;46"
"parsec-streamcluster-simsmall-3",298,82.95,86.16,"2500;2500;1500;2500","2500;1000;2500;2000","1;1;1;1","nan;nan;nan;nan","nan;nan;nan;nan","82.95;79.16;48.22;81.36","86.16;57.37;49.57;71.78","3.729151944;3.725674444;0.513987028;3.738179404","3.521913574;0.7014632077;0.7811186458;2.161297192","0.3748125937;0.374251497;0;0.3759398496","0.3607503608;0.4325259516;0;0.3725782414","0.667;0.668;1500000.15;0.665","0.693;0.578;2500046.5;0.671","0;0;0;0","0;0;0;0","3748125937;3742514970;999.9999;3759398496","3607503608;1730103806;999.9814003;2980625931","0;0;0;0","0;0;0;0","47;48;0;46","47;48;0;46"
"parsec-streamcluster-simsmall-3",299,86.16,77.7,"2500;1000;2500;2000","2000;1500;1000;1000","1;1;1;1","nan;nan;nan;nan","nan;nan;nan;nan","86.16;57.37;49.57;71.78","77.7;59.35;48.02;57.17","3.521913574;0.7014632077;0.7811186458;2.161297192","2.516612962;1.430463931;0.4027583522;0.7674485957","0.3607503608;0.4325259516;0;0.3725782414","0.3687315634;0.3863987635;0;0.4222972973","0.693;0.578;2500046.5;0.671","0.678;0.647;1000000.502;0.592","0;0;0;0","0;0;0;0","3607503608;1730103806;999.9814003;2980625931","2949852507;2318392581;999.999498;1689189189","0;0;0;0","0;0;0;0","47;48;0;46","47;48;0;46"
"parsec-streamcluster-simsmall-3",300,77.7,86.28,"2000;1500;1000;1000","2500;1500;2000;2500","1;1;1;1","nan;nan;nan;nan","nan;nan;nan;nan","77.7;59.35;48.02;57.17","86.28;58.26;48.88;80.51","2.516612962;1.430463931;0.4027583522;0.7674485957","3.640214454;1.325582271;0.6399895934;3.633732704","0.3687315634;0.3863987635;0;0.4222972973","0.3709198813;0.418760469;0;0.3703703704","0.678;0.647;1000000.502;0.592","0.674;0.597;2000039.661;0.675","0;0;0;0","0;0;0;0","2949852507;2318392581;999.999498;1689189189","3709198813;2512562814;999.9801699;3703703704","0;0;0;0","0;0;0;0","47;48;0;46","47;48;0;46"
"parsec-streamcluster-simsmall-3",301,86.28,77.98,"2500;1500;2000;2500","2000;1500;1000;1500","1;1;1;1","nan;nan;nan;nan","nan;nan;nan;nan","86.28;58.26;48.88;80.51","77.98;59.49;47.88;65.12","3.640214454;1.325582271;0.6399895934;3.633732704","2.557635522;1.472062471;0.4027583522;1.465373762","0.3709198813;0.418760469;0;0.3703703704","0.3709198813;0.3968253968;0;0.3943217666","0.674;0.597;2000039.661;0.675","0.674;0.63;1000000.419;0.634","0;0;0;0","0;0;0;0","3709198813;2512562814;999.9801699;3703703704","2967359050;2380952381;999.999581;2365930599","0;0;0;0","0;0;0;0","47;48;0;46","47;48;0;46"
"parsec-streamcluster-simsmall-3",302,77.98,81.74,"2000;1500;1000;1500","2000;1000;2000;2500","1;1;1;1","nan;nan;nan;nan","nan;nan;nan;nan","77.98;59.49;47.88;65.12","72.34;52.78;48.84;81.74","2.557635522;1.472062471;0.4027583522;1.465373762","2.184329332;0.7046226527;0.6399895934;3.521661824","0.3709198813;0.3968253968;0;0.3943217666","0.378214826;0.4378283713;0;0.3607503608","0.674;0.63;1000000.419;0.634","0.661;0.571;2000000.859;0.693","0;0;0;0","0;0;0;0","2967359050;2380952381;999.999581;2365930599","3025718608;1751313485;999.9995705;3607503608","0;0;0;0","0;0;0;0","47;48;0;46","47;48;0;46"
"parsec-streamcluster-simsmall-3",303,81.74,72.06,"2000;1000;2000;2500","1000;1500;2500;1500","1;1;1;1","nan;nan;nan;nan","nan;nan;nan;nan","72.34;52.78;48.84;81.74","56.94;48.29;72.06;62.82","2.184329332;0.7046226527;0.6399895934;3.521661824","0.6849315327;0.5313523904;3.208744524;1.185964202","0.378214826;0.4378283713;0;0.3607503608","0.4058441558;0.01012883883;0.318877551;0.3526093089","0.661;0.571;2000000.859;0.693","0.616;24.682;0.784;0.709","0;0;0;0","0;0;0;0","3025718608;1751313485;999.9995705;3607503608","1623376623;60773032.98;3188775510;2115655853","0;0;0;0","0;0;0;0","47;48;0;46","49;0;50;51"
"parsec-streamcluster-simsmall-3",304,72.06,80.94,"1000;1500;2500;1500","1000;2500;2500;2500","1;1;1;1","nan;nan;nan;nan","nan;nan;nan;nan","56.94;48.29;72.06;62.82","52.86;49.54;78.86;80.94","0.6849315327;0.5313523904;3.208744524;1.185964202","0.6792581547;0.7811186458;3.226798344;3.479957114","0.4058441558;0.01012883883;0.318877551;0.3526093089","0.4006410256;0;0.3217503218;0.3561253561","0.616;24.682;0.784;0.709","0.624;2500002.257;0.777;0.702","0;0;0;0","0;0;0;0","1623376623;60773032.98;3188775510;2115655853","1602564103;999.9990972;3217503218;3561253561","0;0;0;0","0;0;0;0","49;0;50;51","49;0;50;51"
"parsec-streamcluster-simsmall-3",305,80.94,82.61,"1000;2500;2500;2500","1500;2000;2500;2000","1;1;1;1","nan;nan;nan;nan","nan;nan;nan;nan","52.86;49.54;78.86;80.94","48.48;62.68;82.61;70.82","0.6792581547;0.7811186458;3.226798344;3.479957114","0.513987028;2.194211122;3.402482794;2.090223852","0.4006410256;0;0.3217503218;0.3561253561","0;0.3736920777;0.3378378378;0.346740638","0.624;2500002.257;0.777;0.702","1500000.6;0.669;0.74;0.721","0;0;0;0","0;0;0;0","1602564103;999.9990972;3217503218;3561253561","999.9996;2989536622;3378378378;2773925104","0;0;0;0","0;0;0;0","49;0;50;51","0;51;49;50"
"parsec-streamcluster-simsmall-3",306,82.61,72.87,"1500;2000;2500;2000","1500;1000;1500;2000","1;1;1;1","nan;nan;nan;nan","nan;nan;nan;nan","48.48;62.68;82.61;70.82","55.19;53.4;55.96;72.87","0.513987028;2.194211122;3.402482794;2.090223852","1.278652452;0.7368575047;0.5139870221;2.433812442","0;0.3736920777;0.3378378378;0.346740638","0.3213367609;0.3881987578;0;0.3541076487","1500000.6;0.669;0.74;0.721","0.778;0.644;1500001.037;0.706","0;0;0;0","0;0;0;0","999.9996;2989536622;3378378378;2773925104","1928020566;1552795031;999.9993087;2832861190","0;0;0;0","0;0;0;0","0;51;49;50","50;49;0;51"
"parsec-streamcluster-simsmall-3",307,72.87,77.76,"1500;1000;1500;2000","2500;1000;1000;2000","1;1;1;1","nan;nan;nan;nan","nan;nan;nan;nan","55.19;53.4;55.96;72.87","77.76;50.92;49.64;67.7","1.278652452;0.7368575047;0.5139870221;2.433812442","3.453780534;0.6862556297;0.4027583553;1.935771142","0.3213367609;0.3881987578;0;0.3541076487","0.3531073446;0.4105090312;0;0.3164556962","0.778;0.644;1500001.037;0.706","0.708;0.609;1000000.735;0.79","0;0;0;0","0;0;0;0","1928020566;1552795031;999.9993087;2832861190","3531073446;1642036125;999.999265;2531645570","0;0;0;0","0;0;0;0","50;49;0;51","51;49;0;50"
"parsec-streamcluster-simsmall-3",308,77.76,75.45,"2500;1000;1000;2000","1500;2500;1500;2000","1;1;1;1","nan;nan;nan;nan","nan;nan;nan;nan","77.76;50.92;49.64;67.7","62.12;75.45;48.37;67.59","3.453780534;0.6862556297;0.4027583553;1.935771142","1.281153622;3.391217184;0.513987028;2.065622492","0.3531073446;0.4105090312;0;0.3164556962","0.3968253968;0.3387533875;0;0.3429355281","0.708;0.609;1000000.735;0.79","0.63;0.738;1500000.609;0.729","0;0;0;0","0;0;0;0","3531073446;1642036125;999.999265;2531645570","2380952381;3387533875;999.999594;2743484225","0;0;0;0","0;0;0;0","51;49;0;50","51;49;0;50"
"parsec-streamcluster-simsmall-3",309,75.45,80.88,"1500;2500;1500;2000","2500;2000;1500;2000","1;1;1;1","nan;nan;nan;nan","nan;nan;nan;nan","62.12;75.45;48.37;67.59","80.88;70.12;48.38;69.28","1.281153622;3.391217184;0.513987028;2.065622492","3.589010014;2.231907652;0.513987028;2.250711212","0.3968253968;0.3387533875;0;0.3429355281","0.3617945007;0.3805175038;0;0.3852080123","0.63;0.738;1500000.609;0.729","0.691;0.657;1500000.49;0.649","0;0;0;0","0;0;0;0","2380952381;3387533875;999.999594;2743484225","3617945007;3044140030;999.9996733;3081664099","0;0;0;0","0;0;0;0","51;49;0;50","51;49;0;50"
"parsec-streamcluster-simsmall-3",310,80.88,82.15,"2500;2000;1500;2000","2000;2500;1500;2000","1;1;1;1","nan;nan;nan;nan","nan;nan;nan;nan","80.88;70.12;48.38;69.28","72.28;82.15;48.36;69.69","3.589010014;2.231907652;0.513987028;2.250711212","2.242681962;3.545499824;0.513987028;2.256145552","0.3617945007;0.3805175038;0;0.3852080123","0.382848392;0.3556187767;0;0.3863987635","0.691;0.657;1500000.49;0.649","0.653;0.703;1500000.34;0.647","0;0;0;0","0;0;0;0","3617945007;3044140030;999.9996733;3081664099","3062787136;3556187767;999.9997733;3091190108","0;0;0;0","0;0;0;0","51;49;0;50","51;49;0;50"
"parsec-streamcluster-simsmall-3",311,82.15,85.01,"2000;2500;1500;2000","2500;2500;2000;1000","1;1;1;1","nan;nan;nan;nan","nan;nan;nan;nan","72.28;82.15;48.36;69.69","53.79;85.01;62.18;55.8","2.242681962;3.545499824;0.513987028;2.256145552","0.7811186458;3.453631454;2.140835372;0.7012405887","0.382848392;0.3556187767;0;0.3863987635","0;0.3526093089;0.3687315634;0.4332755633","0.653;0.703;1500000.34;0.647","2500078.067;0.709;0.678;0.577","0;0;0;0","0;0;0;0","3062787136;3556187767;999.9997733;3091190108","999.9687742;3526093089;2949852507;1733102253","0;0;0;0","0;0;0;0","51;49;0;50","0;49;50;51"
"parsec-streamcluster-simsmall-3",312,85.01,76.99,"2500;2500;2000;1000","1500;2000;1000;2000","1;1;1;1","nan;nan;nan;nan","nan;nan;nan;nan","53.79;85.01;62.18;55.8","49.06;76.99;53.58;69.35","0.7811186458;3.453631454;2.140835372;0.7012405887","0.5139870221;2.493861512;0.7710812377;2.485365732","0;0.3526093089;0.3687315634;0.4332755633","0;0.3649635036;0.4280821918;0.3628447025","2500078.067;0.709;0.678;0.577","1500024.34;0.685;0.584;0.689","0;0;0;0","0;0;0;0","999.9687742;3526093089;2949852507;1733102253","999.9837736;2919708029;1712328767;2902757620","0;0;0;0","0;0;0;0","0;49;50;51","0;49;50;51"
"parsec-streamcluster-simsmall-3",313,76.99,82.39,"1500;2000;1000;2000","1000;2000;2000;2500","1;1;1;1","nan;nan;nan;nan","nan;nan;nan;nan","49.06;76.99;53.58;69.35","47.89;72.38;65.33;82.39","0.5139870221;2.493861512;0.7710812377;2.485365732","0.4027583553;2.273761292;2.275836122;3.596630154","0;0.3649635036;0.4280821918;0.3628447025","0;0.390625;0.3912363067;0.3623188406","1500024.34;0.685;0.584;0.689","1000029.327;0.64;0.639;0.69","0;0;0;0","0;0;0;0","999.9837736;2919708029;1712328767;2902757620","999.9706739;3125000000;3129890454;3623188406","0;0;0;0","0;0;0;0","0;49;50;51","0;49;50;51"
"parsec-streamcluster-simsmall-3",314,82.39,75.4,"1000;2000;2000;2500","2500;1500;1000;2500","1;1;1;1","nan;nan;nan;nan","nan;nan;nan;nan","47.89;72.38;65.33;82.39","75.4;61.71;53.96;55.84","0.4027583553;2.273761292;2.275836122;3.596630154","3.409474794;1.247092762;0.6997919487;0.7811186458","0;0.390625;0.3912363067;0.3623188406","0.346740638;0.3863987635;0.4325259516;0","1000029.327;0.64;0.639;0.69","0.721;0.647;0.578;2500058.313","0;0;0;0","0;0;0;0","999.9706739;3125000000;3129890454;3623188406","3467406380;2318392581;1730103806;999.9766753","0;0;0;0","0;0;0;0","0;49;50;51","49;51;50;0"
"parsec-streamcluster-simsmall-3",315,75.4,77.68,"2500;1500;1000;2500","1000;2000;2500;1000","1;1;1;1","nan;nan;nan;nan","nan;nan;nan;nan","75.4;61.71;53.96;55.84","56.4;67.46;77.68;49.54","3.409474794;1.247092762;0.6997919487;0.7811186458","0.7014792447;2.149054182;3.454015634;0.4027583553","0.346740638;0.3863987635;0.4325259516;0","0.4340277778;0.3703703704;0.3526093089;0","0.721;0.647;0.578;2500058.313","0.576;0.675;0.709;1000028.325","0;0;0;0","0;0;0;0","3467406380;2318392581;1730103806;999.9766753","1736111111;2962962963;3526093089;999.9716758","0;0;0;0","0;0;0;0","49;51;50;0","49;51;50;0"
"parsec-streamcluster-simsmall-3",316,77.68,83.95,"1000;2000;2500;1000","2000;2500;2500;2000","1;1;1;1","nan;nan;nan;nan","nan;nan;nan;nan","56.4;67.46;77.68;49.54","49.31;82.38;83.95;64.83","0.7014792447;2.149054182;3.454015634;0.4027583553","0.6399895934;3.613127474;3.582380584;2.281911302","0.4340277778;0.3703703704;0.3526093089;0","0;0.3639010189;0.3597122302;0.3918495298","0.576;0.675;0.709;1000028.325","2000058.219;0.687;0.695;0.638","0;0;0;0","0;0;0;0","1736111111;2962962963;3526093089;999.9716758","999.9708913;3639010189;3597122302;3134796238","0;0;0;0","0;0;0;0","49;51;50;0","0;49;51;50"
"parsec-streamcluster-simsmall-3",317,83.95,85.28,"2000;2500;2500;2000","2000;1500;2500;2000","1;1;1;1","nan;nan;nan;nan","nan;nan;nan;nan","49.31;82.38;83.95;64.83","63.6;63.98;85.28;50.94","0.6399895934;3.613127474;3.582380584;2.281911302","2.165738972;1.291133472;3.471337894;0.6399895934","0;0.3639010189;0.3597122302;0.3918495298","0.3687315634;0.4025764895;0.350140056;0","2000058.219;0.687;0.695;0.638","0.678;0.621;0.714;2000000.898","0;0;0;0","0;0;0;0","999.9708913;3639010189;3597122302;3134796238","2949852507;2415458937;3501400560;999.999551","0;0;0;0","0;0;0;0","0;49;51;50","49;51;50;0"
"parsec-streamcluster-simsmall-3",318,85.28,77.25,"2000;1500;2500;2000","1000;1500;2000;2000","1;1;1;1","nan;nan;nan;nan","nan;nan;nan;nan","63.6;63.98;85.28;50.94","50.49;61.98;77.25;67.83","2.165738972;1.291133472;3.471337894;0.6399895934","0.4027583522;1.496213462;2.540781452;2.529310392","0.3687315634;0.4025764895;0.350140056;0","0;0.4071661238;0.3671071953;0.3649635036","0.678;0.621;0.714;2000000.898","1000000.604;0.614;0.681;0.685","0;0;0;0","0;0;0;0","2949852507;2415458937;3501400560;999.999551","999.999396;2442996743;2936857562;2919708029","0;0;0;0","0;0;0;0","49;51;50;0","0;49;50;51"
