experiment,cycle,start_peak_temp_c,end_peak_temp_c,old_frequencies_mhz,new_frequencies_mhz,active_cores,start_core_temps_c,end_core_temps_c,start_core_powers_w,end_core_powers_w,start_core_utilizations,end_core_utilizations,start_core_cpis,end_core_cpis,start_core_rel_nuca_cpis,end_core_rel_nuca_cpis,start_core_ips,end_core_ips
"parsec-blackscholes-simsmall-3",0,76.160,76.680,"4000;4000;4000;4000","2500;1500;2000;1500","1;1;1;1","76.160;47.780;48.580;48.570","76.680;47.460;48.110;47.510","1.119;0.403;0.403;0.403","3.308;0.514;0.640;0.514","0.479;0.000;0.000;0.000","0.378;0.000;0.000;0.000","0.520;735609.207;735609.207;735609.207","0.659;1500012.600;2000016.800;1500012.600","0.000;0.000;0.000;0.000","0.000;0.000;0.000;0.000","-1923076.923;-1.359;-1.359;-1.359","3793626707.132;999.992;999.992;999.992"
"parsec-blackscholes-simsmall-3",1,76.680,114.060,"2500;1500;2000;1500","3500;4000;1500;3000","1;1;1;1","76.680;47.460;48.110;47.510","114.060;49.160;48.110;49.270","3.308;0.514;0.640;0.514","6.001;0.781;0.514;0.781","0.378;0.000;0.000;0.000","0.378;0.000;0.000;0.000","0.659;1500012.600;2000016.800;1500012.600","0.659;2500006.390;1500003.834;2500006.390","0.000;0.000;0.000;0.000","0.000;0.000;0.000;0.000","3793626707.132;999.992;999.992;999.992","5311077389.985;1599.996;999.997;1199.997"
"parsec-blackscholes-simsmall-3",2,114.060,69.910,"3500;2500;1500;2500","1000;1000;1000;1000","1;1;1;1","114.060;49.160;48.110;49.270","69.910;47.710;47.620;47.830","6.001;0.781;0.514;0.781","0.950;0.403;0.403;0.403","0.378;0.000;0.000;0.000","0.375;0.000;0.000;0.000","0.659;2500006.390;1500003.834;2500006.390","0.664;1000024.000;1000024.000;1000024.000","0.000;0.000;0.000;0.000","0.000;0.000;0.000;0.000","5311077389.985;1599.996;999.997;1199.997","1506024096.386;999.976;999.976;999.976"
"parsec-blackscholes-simsmall-3",3,69.910,74.990,"1000;1000;1000;1000","3500;2000;3500;4000","1;1;1;1","69.910;47.710;47.620;47.830","74.990;48.620;48.690;48.740","0.950;0.403;0.403;0.403","2.354;0.640;0.640;0.640","0.375;0.000;0.000;0.000","0.385;0.000;0.000;0.000","0.664;1000024.000;1000024.000;1000024.000","0.647;2000000.000;2000000.000;2000000.000","0.000;0.000;0.000;0.000","0.000;0.000;0.000;0.000","1506024096.386;999.976;999.976;999.976","5409582689.335;1000.000;1750.000;2000.000"
"parsec-blackscholes-simsmall-3",4,74.990,56.590,"2000;2000;2000;2000","1000;1000;4000;1500","1;1;1;1","74.990;48.620;48.690;48.740","56.590;47.660;50.320;48.310","2.354;0.640;0.640;0.640","0.586;0.403;0.938;0.514","0.385;0.000;0.000;0.000","0.377;0.000;0.000;0.000","0.647;2000000.000;2000000.000;2000000.000","0.661;1000000.000;3000000.000;1500000.000","0.000;0.000;0.000;0.000","0.000;0.000;0.000;0.000","5409582689.335;1000.000;1750.000;2000.000","1512859304.085;1000.000;1333.333;1000.000"
"parsec-blackscholes-simsmall-3",5,56.590,61.630,"1000;1000;3000;1500","4000;4000;3500;2000","1;1;1;1","56.590;47.660;50.320;48.310","61.630;48.630;51.470;48.850","0.586;0.403;0.938;0.514","1.596;0.640;1.110;0.640","0.377;0.000;0.000;0.000","0.375;0.000;0.000;0.000","0.661;1000000.000;3000000.000;1500000.000","0.664;2000003.000;3500005.250;2000003.000","0.000;0.000;0.000;0.000","0.000;0.000;0.000;0.000","1512859304.085;1000.000;1333.333;1000.000","6024096385.542;1999.997;999.999;999.999"
"parsec-blackscholes-simsmall-3",6,61.630,56.810,"2000;2000;3500;2000","1500;1500;3000;4000","1;1;1;1","61.630;48.630;51.470;48.850","56.810;48.200;50.910;50.380","1.596;0.640;1.110;0.640","1.028;0.514;0.938;0.938","0.375;0.000;0.000;0.000","0.376;0.000;0.000;0.000","0.664;2000003.000;3500005.250;2000003.000","0.662;1500000.847;3000001.694;3000001.694","0.000;0.000;0.000;0.000","0.000;0.000;0.000;0.000","6024096385.542;1999.997;999.999;999.999","2265861027.190;999.999;999.999;1333.333"
"parsec-blackscholes-simsmall-3",7,56.810,66.220,"1500;1500;3000;3000","2000;3500;1500;2000","1;1;1;1","56.810;48.200;50.910;50.380","66.220;49.390;48.810;49.250","1.028;0.514;0.938;0.938","2.012;0.781;0.514;0.640","0.376;0.000;0.000;0.000","0.385;0.000;0.000;0.000","0.662;1500000.847;3000001.694;3000001.694","0.647;2500000.000;1500000.000;2000000.000","0.000;0.000;0.000;0.000","0.000;0.000;0.000;0.000","2265861027.190;999.999;999.999;1333.333","3091190108.192;1400.000;1000.000;1000.000"
"parsec-blackscholes-simsmall-3",8,66.220,82.550,"2000;2500;1500;2000","2500;2000;2000;1500","1;1;1;1","66.220;49.390;48.810;49.250","82.550;48.940;49.020;48.460","2.012;0.781;0.514;0.640","3.289;0.640;0.640;0.514","0.385;0.000;0.000;0.000","0.374;0.000;0.000;0.000","0.647;2500000.000;1500000.000;2000000.000","0.665;2000000.000;2000000.000;1500000.000","0.000;0.000;0.000;0.000","0.000;0.000;0.000;0.000","3091190108.192;1400.000;1000.000;1000.000","3759398496.241;1000.000;1000.000;1000.000"
"parsec-blackscholes-simsmall-3",9,82.550,72.310,"2500;2000;2000;1500","2000;2500;1000;2500","1;1;1;1","82.550;48.940;49.020;48.460","72.310;49.540;47.890;49.580","3.289;0.640;0.640;0.514","1.987;0.781;0.403;0.781","0.374;0.000;0.000;0.000","0.378;0.000;0.000;0.000","0.665;2000000.000;2000000.000;1500000.000","0.659;2500017.500;1000007.000;2500017.500","0.000;0.000;0.000;0.000","0.000;0.000;0.000;0.000","3759398496.241;1000.000;1000.000;1000.000","3034901365.706;999.993;999.993;999.993"
"parsec-blackscholes-simsmall-3",10,72.310,61.360,"2000;2500;1000;2500","1500;2500;1000;1000","1;1;1;1","72.310;49.540;47.890;49.580","61.360;49.640;47.660;47.970","1.987;0.781;0.403;0.781","1.147;0.781;0.403;0.403","0.378;0.000;0.000;0.000","0.385;0.000;0.000;0.000","0.659;2500017.500;1000007.000;2500017.500","0.646;2500001.628;1000000.651;1000000.651","0.000;0.000;0.000;0.000","0.000;0.000;0.000;0.000","3034901365.706;999.993;999.993;999.993","2321981424.149;999.999;999.999;999.999"
"parsec-blackscholes-simsmall-3",11,61.360,85.280,"1500;2500;1000;1000","2000;3000;2000;3500","1;1;1;1","61.360;49.640;47.660;47.970","51.510;85.280;58.340;58.270","1.147;0.781;0.403;0.403","0.709;4.427;1.780;1.774","0.385;0.000;0.000;0.000","0.019;0.338;0.354;0.352","0.646;2500001.628;1000000.651;1000000.651","13.336;0.739;0.707;0.711","0.000;0.000;0.000;0.000","0.000;0.000;0.000;0.000","2321981424.149;999.999;999.999;999.999","149970005.999;4059539918.809;2828854314.003;4922644163.150"
"parsec-blackscholes-simsmall-3",12,85.280,93.380,"2000;3000;2000;2000","1000;2500;1000;3000","1;1;1;1","51.510;85.280;58.340;58.270","47.990;80.640;50.810;93.380","0.709;4.427;1.780;1.774","0.403;3.001;0.605;4.863","0.019;0.338;0.354;0.352","0.000;0.367;0.383;0.380","13.336;0.739;0.707;0.711","1000000.205;0.681;0.652;0.658","0.000;0.000;0.000;0.000","0.000;0.000;0.000;0.000","149970005.999;4059539918.809;2828854314.003;4922644163.150","1000.000;3671071953.010;1533742331.288;4559270516.717"
"parsec-blackscholes-simsmall-3",13,93.380,118.610,"1000;2500;1000;3000","1000;3500;2000;3500","1;1;1;1","47.990;80.640;50.810;93.380","47.620;114.370;59.180;118.610","0.403;3.001;0.605;4.863","0.403;6.287;1.700;6.450","0.000;0.367;0.383;0.380","0.000;0.368;0.383;0.379","1000000.205;0.681;0.652;0.658","1000000.151;0.679;0.652;0.659","0.000;0.000;0.000;0.000","0.000;0.000;0.000;0.000","1000.000;3671071953.010;1533742331.288;4559270516.717","1000.000;5154639175.258;3067484662.577;5311077389.985"
"parsec-blackscholes-simsmall-3",14,118.610,71.680,"1000;3500;2000;3500","1000;1000;1000;1000","1;1;1;1","47.620;114.370;59.180;118.610","47.560;70.430;55.930;71.680","0.403;6.287;1.700;6.450","0.403;0.980;1.006;0.998","0.000;0.368;0.383;0.379","0.000;0.365;0.382;0.377","1000000.151;0.679;0.652;0.659","1000023.151;0.684;0.655;0.664","0.000;0.000;0.000;0.000","0.000;0.000;0.000;0.000","1000.000;5154639175.258;3067484662.577;5311077389.985","999.977;1461988304.094;1526717557.252;1506024096.386"
"parsec-blackscholes-simsmall-3",15,71.680,74.440,"1000;1000;1000;1000","1000;2500;4000;1500","1;1;1;1","47.560;70.430;55.930;71.680","47.540;74.440;69.700;64.200","0.403;0.980;1.006;0.998","0.403;2.420;2.497;1.366","0.000;0.365;0.382;0.377","0.000;0.368;0.384;0.383","1000023.151;0.684;0.655;0.664","1000000.348;0.679;0.651;0.653","0.000;0.000;0.000;0.000","0.000;0.000;0.000;0.000","999.977;1461988304.094;1526717557.252;1506024096.386","1000.000;3681885125.184;6144393241.167;2297090352.221"
"parsec-blackscholes-simsmall-3",16,74.440,97.220,"1000;2000;2000;1500","3500;2000;4000;2500","1;1;1;1","47.540;74.440;69.700;64.200","48.650;67.950;97.220;78.190","0.403;2.420;2.497;1.366","0.640;1.824;4.900;3.075","0.000;0.368;0.384;0.383","0.000;0.367;0.384;0.379","1000000.348;0.679;0.651;0.653","2000046.295;0.681;0.651;0.660","0.000;0.000;0.000;0.000","0.000;0.000;0.000;0.000","1000.000;3681885125.184;6144393241.167;2297090352.221","1749.959;2936857562.408;6144393241.167;3787878787.879"
"parsec-blackscholes-simsmall-3",17,97.220,116.050,"2000;2000;3000;2500","4000;3500;1000;4000","1;1;1;1","48.650;67.950;97.220;78.190","50.250;89.800;61.060;116.050","0.640;1.824;4.900;3.075","0.938;4.186;0.575;6.460","0.000;0.367;0.384;0.379","0.000;0.367;0.382;0.380","2000046.295;0.681;0.651;0.660","3000000.699;0.681;0.654;0.658","0.000;0.000;0.000;0.000","0.000;0.000;0.000;0.000","1749.959;2936857562.408;6144393241.167;3787878787.879","1333.333;5139500734.214;1529051987.768;6079027355.623"
"parsec-blackscholes-simsmall-3",18,116.050,71.220,"3000;3000;1000;3500","1000;1000;1000;1000","1;1;1;1","50.250;89.800;61.060;116.050","48.020;64.260;57.970;71.220","0.938;4.186;0.575;6.460","0.403;0.974;1.009;1.001","0.000;0.367;0.382;0.380","0.000;0.362;0.383;0.379","3000000.699;0.681;0.654;0.658","1000000.233;0.691;0.652;0.660","0.000;0.000;0.000;0.000","0.000;0.000;0.000;0.000","1333.333;5139500734.214;1529051987.768;6079027355.623","1000.000;1447178002.894;1533742331.288;1515151515.152"
"parsec-blackscholes-simsmall-3",19,71.220,75.430,"1000;1000;1000;1000","4000;2000;3500;3000","1;1;1;1","48.020;64.260;57.970;71.220","48.780;72.220;70.920;75.430","0.403;0.974;1.009;1.001","0.640;2.415;2.491;2.479","0.000;0.362;0.383;0.379","0.000;0.367;0.382;0.380","1000000.233;0.691;0.652;0.660","2000000.466;0.681;0.654;0.658","0.000;0.000;0.000;0.000","0.000;0.000;0.000;0.000","1000.000;1447178002.894;1533742331.288;1515151515.152","2000.000;2936857562.408;5351681957.187;4559270516.717"
"parsec-blackscholes-simsmall-3",20,75.430,99.570,"2000;2000;2000;2000","2500;2500;1000;3000","1;1;1;1","48.780;72.220;70.920;75.430","49.550;78.850;54.940;99.570","0.640;2.415;2.491;2.479","0.781;3.001;0.605;4.857","0.000;0.367;0.382;0.380","0.000;0.367;0.384;0.379","2000000.466;0.681;0.654;0.658","2500001.582;0.682;0.651;0.659","0.000;0.000;0.000;0.000","0.000;0.000;0.000;0.000","2000.000;2936857562.408;5351681957.187;4559270516.717","999.999;3665689149.560;1536098310.292;4552352048.558"
"parsec-blackscholes-simsmall-3",21,99.570,105.440,"2500;2500;1000;3000","1000;2000;1000;3000","1;1;1;1","49.550;78.850;54.940;99.570","47.910;68.700;51.210;105.440","0.781;3.001;0.605;4.857","0.403;1.829;0.607;4.864","0.000;0.367;0.384;0.379","0.000;0.369;0.388;0.381","2500001.582;0.682;0.651;0.659","1000093.153;0.678;0.645;0.657","0.000;0.000;0.000;0.000","0.000;0.000;0.000;0.000","999.999;3665689149.560;1536098310.292;4552352048.558","999.907;2949852507.375;1550387596.899;4566210045.662"
"parsec-blackscholes-simsmall-3",22,105.440,123.690,"1000;2000;1000;3000","2000;1500;3500;3500","1;1;1;1","47.910;68.700;51.210;105.440","48.750;58.060;59.730;123.690","0.403;1.829;0.607;4.864","0.640;0.979;1.693;6.456","0.000;0.369;0.388;0.381","0.000;0.366;0.381;0.380","1000093.153;0.678;0.645;0.657","2000000.937;0.683;0.656;0.658","0.000;0.000;0.000;0.000","0.000;0.000;0.000;0.000","999.907;2949852507.375;1550387596.899;4566210045.662","1000.000;2196193265.007;5335365853.659;5319148936.170"
"parsec-blackscholes-simsmall-3",23,123.690,74.310,"2000;1500;2000;3500","1000;1000;1000;1000","1;1;1;1","48.750;58.060;59.730;123.690","47.770;56.530;56.460;74.310","0.640;0.979;1.693;6.456","0.403;0.985;1.013;1.000","0.000;0.366;0.381;0.380","0.000;0.368;0.386;0.378","2000000.937;0.683;0.656;0.658","1000000.468;0.679;0.648;0.661","0.000;0.000;0.000;0.000","0.000;0.000;0.000;0.000","1000.000;2196193265.007;5335365853.659;5319148936.170","1000.000;1472754050.074;1543209876.543;1512859304.085"
"parsec-blackscholes-simsmall-3",24,74.310,77.020,"1000;1000;1000;1000","4000;2000;2500;2000","1;1;1;1","47.770;56.530;56.460;74.310","48.720;69.450;69.910;77.020","0.403;0.985;1.013;1.000","0.640;2.414;2.485;2.481","0.000;0.368;0.386;0.378","0.000;0.367;0.381;0.381","1000000.468;0.679;0.648;0.661","2000000.937;0.681;0.656;0.657","0.000;0.000;0.000;0.000","0.000;0.000;0.000;0.000","1000.000;1472754050.074;1543209876.543;1512859304.085","1999.999;2936857562.408;3810975609.756;3044140030.441"
"parsec-blackscholes-simsmall-3",25,77.020,97.440,"2000;2000;2000;2000","3500;3000;3000;2000","1;1;1;1","48.720;69.450;69.910;77.020","50.270;95.470;97.440;69.620","0.640;2.414;2.485;2.481","0.938;4.723;4.901;1.861","0.000;0.367;0.381;0.381","0.000;0.367;0.384;0.379","2000000.937;0.681;0.656;0.657","3000000.465;0.682;0.651;0.660","0.000;0.000;0.000;0.000","0.000;0.000;0.000;0.000","1999.999;2936857562.408;3810975609.756;3044140030.441","1166.666;4398826979.472;4608294930.876;3030303030.303"
"parsec-blackscholes-simsmall-3",26,97.440,80.520,"3000;3000;3000;2000","2000;1500;2000;2000","1;1;1;1","50.270;95.470;97.440;69.620","49.160;68.160;80.520;74.540","0.938;4.723;4.901;1.861","0.640;1.329;2.497;2.487","0.000;0.367;0.384;0.379","0.000;0.367;0.384;0.382","3000000.465;0.682;0.651;0.660","2000000.945;0.682;0.651;0.655","0.000;0.000;0.000;0.000","0.000;0.000;0.000;0.000","1166.666;4398826979.472;4608294930.876;3030303030.303","1000.000;2199413489.736;3072196620.584;3053435114.504"
"parsec-blackscholes-simsmall-3",27,80.520,87.840,"2000;1500;2000;2000","1000;2000;2500;2500","1;1;1;1","49.160;68.160;80.520;74.540","47.860;69.120;87.840;85.830","0.640;1.329;2.497;2.487","0.403;2.056;3.565;3.540","0.000;0.367;0.384;0.382","0.000;0.366;0.383;0.380","2000000.945;0.682;0.651;0.655","1000000.472;0.683;0.653;0.658","0.000;0.000;0.000;0.000","0.000;0.000;0.000;0.000","1000.000;2199413489.736;3072196620.584;3053435114.504","1000.000;2928257686.676;3828483920.368;3799392097.264"
"parsec-blackscholes-simsmall-3",28,87.840,83.280,"1000;2000;2500;2500","2500;2500;2000;2000","1;1;1;1","47.860;69.120;87.840;85.830","48.750;83.280;74.690;73.830","0.403;2.056;3.565;3.540","0.640;3.445;2.118;2.107","0.000;0.366;0.383;0.380","0.000;0.367;0.382;0.379","1000000.472;0.683;0.653;0.658","2000000.310;0.682;0.655;0.660","0.000;0.000;0.000;0.000","0.000;0.000;0.000;0.000","1000.000;2928257686.676;3828483920.368;3799392097.264","1250.000;3665689149.560;3053435114.504;3030303030.303"
"parsec-blackscholes-simsmall-3",29,83.280,100.010,"2000;2500;2000;2000","4000;2000;3000;3000","1;1;1;1","48.750;83.280;74.690;73.830","50.290;69.680;100.010;99.170","0.640;3.445;2.118;2.107","0.938;1.819;4.899;4.856","0.000;0.367;0.382;0.379","0.000;0.366;0.383;0.379","2000000.310;0.682;0.655;0.660","3000000.471;0.683;0.652;0.659","0.000;0.000;0.000;0.000","0.000;0.000;0.000;0.000","1250.000;3665689149.560;3053435114.504;3030303030.303","1333.333;2928257686.676;4601226993.865;4552352048.558"
"parsec-blackscholes-simsmall-3",30,100.010,142.080,"3000;2000;3000;3000","3000;3000;4000;1500","1;1;1;1","50.290;69.680;100.010;99.170","50.570;85.770;142.080;65.290","0.938;1.819;4.899;4.856","0.938;3.786;8.412;0.938","0.000;0.366;0.383;0.379","0.000;0.368;0.383;0.381","3000000.471;0.683;0.652;0.659","3000001.187;0.679;0.653;0.656","0.000;0.000;0.000;0.000","0.000;0.000;0.000;0.000","1333.333;2928257686.676;4601226993.865;4552352048.558","1000.000;4418262150.221;6125574272.588;2286585365.854"
"parsec-blackscholes-simsmall-3",31,142.080,78.670,"3000;3000;4000;1500","1000;1000;1000;1000","1;1;1;1","50.570;85.770;142.080;65.290","48.130;63.530;78.670;59.390","0.938;3.786;8.412;0.938","0.403;0.987;1.014;0.996","0.000;0.368;0.383;0.381","0.000;0.370;0.387;0.375","3000001.187;0.679;0.653;0.656","1000000.396;0.676;0.646;0.666","0.000;0.000;0.000;0.000","0.000;0.000;0.000;0.000","1000.000;4418262150.221;6125574272.588;2286585365.854","1000.000;1479289940.828;1547987616.099;1501501501.502"
"parsec-blackscholes-simsmall-3",32,78.670,78.490,"1000;1000;1000;1000","4000;2500;4000;3000","1;1;1;1","48.130;63.530;78.670;59.390","48.830;71.980;78.490;71.640","0.403;0.987;1.014;0.996","0.640;2.412;2.483;2.486","0.000;0.370;0.387;0.375","0.000;0.367;0.381;0.382","1000000.396;0.676;0.646;0.666","2000069.791;0.682;0.656;0.655","0.000;0.000;0.000;0.000","0.000;0.000;0.000;0.000","1000.000;1479289940.828;1547987616.099;1501501501.502","1999.930;3665689149.560;6097560975.610;4580152671.756"
"parsec-blackscholes-simsmall-3",33,78.490,101.520,"2000;2000;2000;2000","1500;2500;3000;2000","1;1;1;1","48.830;71.980;78.490;71.640","48.340;78.820;101.520;67.170","0.640;2.412;2.483;2.486","0.514;3.003;4.891;1.867","0.000;0.367;0.381;0.382","0.000;0.367;0.383;0.381","2000069.791;0.682;0.656;0.655","1500000.593;0.681;0.653;0.657","0.000;0.000;0.000;0.000","0.000;0.000;0.000;0.000","1999.930;3665689149.560;6097560975.610;4580152671.756","1000.000;3671071953.010;4594180704.441;3044140030.441"
"parsec-blackscholes-simsmall-3",34,101.520,143.080,"1500;2500;3000;2000","1000;3500;4000;2000","1;1;1;1","48.340;78.820;101.520;67.170","47.730;106.720;143.080;62.660","0.514;3.003;4.891;1.867","0.403;5.619;8.428;1.557","0.000;0.367;0.383;0.381","0.000;0.367;0.384;0.379","1500000.593;0.681;0.653;0.657","1000000.409;0.682;0.651;0.660","0.000;0.000;0.000;0.000","0.000;0.000;0.000;0.000","1000.000;3671071953.010;4594180704.441;3044140030.441","1000.000;5131964809.384;6144393241.167;3030303030.303"
"parsec-blackscholes-simsmall-3",35,143.080,79.160,"1000;3500;4000;2000","1000;1000;1000;1000","1;1;1;1","47.730;106.720;143.080;62.660","47.610;68.800;79.160;57.820","0.403;5.619;8.428;1.557","0.403;0.983;1.010;1.007","0.000;0.367;0.384;0.379","0.000;0.368;0.385;0.382","1000000.409;0.682;0.651;0.660","1000075.409;0.680;0.650;0.654","0.000;0.000;0.000;0.000","0.000;0.000;0.000;0.000","1000.000;5131964809.384;6144393241.167;3030303030.303","999.925;1470588235.294;1538461538.462;1529051987.768"
"parsec-blackscholes-simsmall-3",36,79.160,78.880,"1000;1000;1000;1000","2000;3000;4000;1000","1;1;1;1","47.610;68.800;79.160;57.820","48.700;73.900;78.880;53.000","0.403;0.983;1.010;1.007","0.640;2.410;2.490;0.704","0.000;0.368;0.385;0.382","0.000;0.366;0.382;0.381","1000075.409;0.680;0.650;0.654","2000000.818;0.683;0.654;0.657","0.000;0.000;0.000;0.000","0.000;0.000;0.000;0.000","999.925;1470588235.294;1538461538.462;1529051987.768","1000.000;4392386530.015;6116207951.070;1522070015.221"
"parsec-blackscholes-simsmall-3",37,78.880,101.720,"2000;2000;2000;1000","1000;1000;3500;4000","1;1;1;1","48.700;73.900;78.880;53.000","47.770;56.480;101.720;62.210","0.640;2.410;2.490;0.704","0.403;0.598;4.889;1.863","0.000;0.366;0.382;0.381","0.000;0.370;0.383;0.379","2000000.818;0.683;0.654;0.657","1000002.744;0.675;0.653;0.659","0.000;0.000;0.000;0.000","0.000;0.000;0.000;0.000","1000.000;4392386530.015;6116207951.070;1522070015.221","999.997;1481481481.481;5359877488.515;6069802731.411"
"parsec-blackscholes-simsmall-3",38,101.720,143.250,"1000;1000;3000;2000","4000;4000;4000;2000","1;1;1;1","47.770;56.480;101.720;62.210","48.740;59.980;143.250;60.790","0.403;0.598;4.889;1.863","0.640;1.525;8.430;1.559","0.000;0.370;0.383;0.379","0.000;0.366;0.384;0.380","1000002.744;0.675;0.653;0.659","2000026.067;0.683;0.651;0.658","0.000;0.000;0.000;0.000","0.000;0.000;0.000;0.000","999.997;1481481481.481;5359877488.515;6069802731.411","1999.974;5856515373.353;6144393241.167;3039513677.812"
"parsec-blackscholes-simsmall-3",39,143.250,78.200,"2000;2000;4000;2000","1000;1000;1000;1000","1;1;1;1","48.740;59.980;143.250;60.790","47.770;56.770;78.200;56.880","0.640;1.525;8.430;1.559","0.403;0.986;0.916;1.004","0.000;0.366;0.384;0.380","0.000;0.369;0.325;0.381","2000026.067;0.683;0.651;0.658","1000000.396;0.677;0.769;0.657","0.000;0.000;0.000;0.000","0.000;0.000;0.000;0.000","1999.974;5856515373.353;6144393241.167;3039513677.812","1000.000;1477104874.446;1300390117.035;1522070015.221"
"parsec-blackscholes-simsmall-3",40,78.200,69.460,"1000;1000;1000;1000","1500;4000;4000;3500","1;1;1;1","47.770;56.770;78.200;56.880","48.140;69.460;57.630;52.980","0.403;0.986;0.916;1.004","0.514;2.412;0.640;0.975","0.000;0.369;0.325;0.381","0.000;0.367;0.000;0.069","1000000.396;0.677;0.769;0.657","1500001.550;0.682;2000002.067;3.616","0.000;0.000;0.000;0.000","0.000;0.000;0.000;0.000","1000.000;1477104874.446;1300390117.035;1522070015.221","999.999;5865102639.296;1999.998;967920353.982"
"parsec-blackscholes-simsmall-3",41,69.460,59.590,"1500;2000;2000;2000","2500;1500;1000;2500","1;1;1;1","48.140;69.460;57.630;52.980","49.450;59.590;51.270;49.860","0.514;2.412;0.640;0.975","0.781;1.163;0.403;0.781","0.000;0.367;0.000;0.069","0.000;0.365;0.000;0.000","1500001.550;0.682;2000002.067;3.616","2500091.755;0.685;1000036.702;2500091.755","0.000;0.000;0.000;0.000","0.000;0.000;0.000;0.000","999.999;5865102639.296;1999.998;967920353.982","999.963;2189781021.898;999.963;999.963"
"parsec-blackscholes-simsmall-3",42,59.590,67.140,"2500;1500;1000;2500","2500;1000;2000;1500","1;1;1;1","49.450;59.590;51.270;49.860","67.140;51.170;49.130;48.680","0.781;1.163;0.403;0.781","2.561;0.508;0.640;0.514","0.000;0.365;0.000;0.000","0.260;0.167;0.000;0.000","2500091.755;0.685;1000036.702;2500091.755","0.959;1.501;2000000.204;1500000.153","0.000;0.000;0.000;0.000","0.000;0.000;0.000;0.000","999.963;2189781021.898;999.963;999.963","2606882168.926;666222518.321;1000.000;1000.000"
"parsec-blackscholes-simsmall-3",43,67.140,108.240,"2500;1000;2000;1500","3000;1000;4000;3500","1;1;1;1","67.140;51.170;49.130;48.680","108.240;47.730;50.630;49.730","2.561;0.508;0.640;0.514","5.660;0.403;0.938;0.781","0.260;0.167;0.000;0.000","0.485;0.000;0.000;0.000","0.959;1.501;2000000.204;1500000.153","0.513;1000000.104;3000000.312;2500000.260","0.000;0.000;0.000;0.000","0.000;0.000;0.000;0.000","2606882168.926;666222518.321;1000.000;1000.000","5847953216.374;1000.000;1333.333;1400.000"
"parsec-blackscholes-simsmall-3",0,77.310,57.140,"4000;4000;4000;4000","2000;3500;1000;2000","1;1;1;1","77.310;48.750;51.690;48.110","57.140;50.260;46.970;48.110","1.902;0.640;1.110;0.403","1.600;1.110;0.403;0.640","0.483;0.000;0.000;0.000","0.377;0.000;0.000;0.000","0.515;1937147.208;3390007.614;968573.604","0.660;3500000.000;1000000.000;2000000.000","0.000;0.000;0.000;0.000","0.000;0.000;0.000;0.000","-1941747.573;-0.516;-0.295;-1.032","3030303030.303;1000.000;1000.000;1000.000"
"parsec-blackscholes-simsmall-3",1,57.140,86.990,"2000;3500;1000;2000","3500;3500;2000;4000","1;1;1;1","57.140;50.260;46.970;48.110","86.990;51.190;48.500;50.140","1.600;1.110;0.403;0.640","4.048;1.110;0.640;0.938","0.377;0.000;0.000;0.000","0.382;0.000;0.000;0.000","0.660;3500000.000;1000000.000;2000000.000","0.652;3500006.694;2000003.825;3000005.738","0.000;0.000;0.000;0.000","0.000;0.000;0.000;0.000","3030303030.303;1000.000;1000.000;1000.000","5368098159.509;999.998;999.998;1333.331"
"parsec-blackscholes-simsmall-3",2,86.990,75.600,"3000;3500;2000;3000","2500;3000;3000;4000","1;1;1;1","86.990;51.190;48.500;50.140","75.600;50.620;50.250;52.280","4.048;1.110;0.640;0.938","2.355;0.938;0.938;1.299","0.382;0.000;0.000;0.000","0.377;0.000;0.000;0.000","0.652;3500006.694;2000003.825;3000005.738","0.661;3000000.000;3000000.000;4000000.000","0.000;0.000;0.000;0.000","0.000;0.000;0.000;0.000","5368098159.509;999.998;999.998;1333.331","3782148260.212;1000.000;1000.000;1000.000"
"parsec-blackscholes-simsmall-3",3,75.600,71.190,"2500;3000;3000;4000","2000;2500;2500;1500","1;1;1;1","75.600;50.620;50.250;52.280","71.190;49.830;49.870;49.010","2.355;0.938;0.938;1.299","2.014;0.781;0.781;0.514","0.377;0.000;0.000;0.000","0.385;0.000;0.000;0.000","0.661;3000000.000;3000000.000;4000000.000","0.646;2500001.250;2500001.250;1500000.750","0.000;0.000;0.000;0.000","0.000;0.000;0.000;0.000","3782148260.212;1000.000;1000.000;1000.000","3095975232.198;1000.000;1000.000;1000.000"
"parsec-blackscholes-simsmall-3",4,71.190,74.070,"2000;2500;2500;1500","2000;1500;1500;2000","1;1;1;1","71.190;49.830;49.870;49.010","74.070;48.450;48.560;49.040","2.014;0.781;0.781;0.514","2.324;0.514;0.514;0.640","0.385;0.000;0.000;0.000","0.377;0.000;0.000;0.000","0.646;2500001.250;2500001.250;1500000.750","0.660;1500027.750;1500027.750;2000037.000","0.000;0.000;0.000;0.000","0.000;0.000;0.000;0.000","3095975232.198;1000.000;1000.000;1000.000","3030303030.303;999.982;999.982;999.982"
"parsec-blackscholes-simsmall-3",5,74.070,98.750,"2000;1500;1500;2000","4000;4000;3000;2000","1;1;1;1","74.070;48.450;48.560;49.040","98.750;49.470;49.610;49.020","2.324;0.514;0.514;0.640","4.538;0.781;0.781;0.640","0.377;0.000;0.000;0.000","0.380;0.000;0.000;0.000","0.660;1500027.750;1500027.750;2000037.000","0.656;2500000.782;2500000.782;2000000.626","0.000;0.000;0.000;0.000","0.000;0.000;0.000;0.000","3030303030.303;999.982;999.982;999.982","6097560975.610;1599.999;1200.000;1000.000"
"parsec-blackscholes-simsmall-3",6,98.750,66.470,"3000;2500;2500;2000","1500;3000;2000;3500","1;1;1;1","98.750;49.470;49.610;49.020","66.470;50.370;49.120;50.440","4.538;0.781;0.781;0.640","1.037;0.938;0.640;0.938","0.380;0.000;0.000;0.000","0.382;0.000;0.000;0.000","0.656;2500000.782;2500000.782;2000000.626","0.652;3000005.945;2000003.964;3000005.945","0.000;0.000;0.000;0.000","0.000;0.000;0.000;0.000","6097560975.610;1599.999;1200.000;1000.000","2300613496.933;999.998;999.998;1166.664"
"parsec-blackscholes-simsmall-3",7,66.470,72.410,"1500;3000;2000;3000","3500;4000;1000;1500","1;1;1;1","66.470;50.370;49.120;50.440","72.410;52.220;47.900;48.680","1.037;0.938;0.640;0.938","2.359;1.299;0.403;0.514","0.382;0.000;0.000;0.000","0.377;0.000;0.000;0.000","0.652;3000005.945;2000003.964;3000005.945","0.660;4000000.000;1000000.000;1500000.000","0.000;0.000;0.000;0.000","0.000;0.000;0.000;0.000","2300613496.933;999.998;999.998;1166.664","5303030303.030;1000.000;1000.000;1000.000"
"parsec-blackscholes-simsmall-3",8,72.410,70.570,"2500;4000;1000;1500","2000;2000;1500;4000","1;1;1;1","72.410;52.220;47.900;48.680","70.570;49.480;48.200;49.640","2.359;1.299;0.403;0.514","1.999;0.640;0.514;0.781","0.377;0.000;0.000;0.000","0.381;0.000;0.000;0.000","0.660;4000000.000;1000000.000;1500000.000","0.653;2000031.000;1500023.250;2500038.750","0.000;0.000;0.000;0.000","0.000;0.000;0.000;0.000","5303030303.030;1000.000;1000.000;1000.000","3062787136.294;999.985;999.985;1599.975"
"parsec-blackscholes-simsmall-3",9,70.570,72.350,"2000;2000;1500;2500","4000;3000;2000;1500","1;1;1;1","70.570;49.480;48.200;49.640","68.680;72.350;54.100;49.270","1.999;0.640;0.514;0.781","2.205;3.288;1.407;0.859","0.381;0.000;0.000;0.000","0.130;0.228;0.238;0.232","0.653;2000031.000;1500023.250;2500038.750","1.910;1.097;1.052;1.076","0.000;0.000;0.000;0.000","0.000;0.000;0.000;0.000","3062787136.294;999.985;999.985;1599.975","2094240837.696;2734731084.777;1901140684.411;1394052044.610"
"parsec-blackscholes-simsmall-3",10,72.350,82.820,"3000;3000;2000;1500","2000;2500;2500;3000","1;1;1;1","68.680;72.350;54.100;49.270","52.620;82.820;79.690;77.700","2.205;3.288;1.407;0.859","0.640;3.473;3.598;3.529","0.130;0.228;0.238;0.232","0.000;0.370;0.388;0.378","1.910;1.097;1.052;1.076","2000000.599;0.675;0.645;0.661","0.000;0.000;0.000;0.000","0.000;0.000;0.000;0.000","2094240837.696;2734731084.777;1901140684.411;1394052044.610","1000.000;3703703703.704;3875968992.248;4538577912.254"
"parsec-blackscholes-simsmall-3",11,82.820,116.360,"2000;2500;2500;2500","1000;1000;4000;1500","1;1;1;1","52.620;82.820;79.690;77.700","48.460;57.230;116.360;58.950","0.640;3.473;3.598;3.529","0.403;0.571;6.559;0.998","0.000;0.370;0.388;0.378","0.000;0.373;0.387;0.381","2000000.599;0.675;0.645;0.661","1000000.635;0.670;0.646;0.657","0.000;0.000;0.000;0.000","0.000;0.000;0.000;0.000","1000.000;3703703703.704;3875968992.248;4538577912.254","999.999;1492537313.433;6191950464.396;2283105022.831"
"parsec-blackscholes-simsmall-3",12,116.360,70.880,"1000;1000;3500;1500","1000;1000;1000;1000","1;1;1;1","48.460;57.230;116.360;58.950","47.670;56.270;70.880;56.350","0.403;0.571;6.559;0.998","0.403;0.989;1.012;0.997","0.000;0.373;0.387;0.381","0.000;0.371;0.386;0.377","1000000.635;0.670;0.646;0.657","1000011.299;0.673;0.648;0.664","0.000;0.000;0.000;0.000","0.000;0.000;0.000;0.000","999.999;1492537313.433;6191950464.396;2283105022.831","999.989;1485884101.040;1543209876.543;1506024096.386"
"parsec-blackscholes-simsmall-3",13,70.880,75.550,"1000;1000;1000;1000","1000;3500;3000;2000","1;1;1;1","47.670;56.270;70.880;56.350","47.590;69.520;75.550;69.760","0.403;0.989;1.012;0.997","0.403;2.438;2.521;2.473","0.000;0.371;0.386;0.377","0.000;0.371;0.389;0.379","1000011.299;0.673;0.648;0.664","1000044.135;0.673;0.643;0.660","0.000;0.000;0.000;0.000","0.000;0.000;0.000;0.000","999.989;1485884101.040;1543209876.543;1506024096.386","999.956;5200594353.640;4665629860.031;3030303030.303"
"parsec-blackscholes-simsmall-3",14,75.550,96.070,"1000;2000;2000;2000","3000;3500;1000;2500","1;1;1;1","47.590;69.520;75.550;69.760","48.680;96.070;56.890;78.160","0.403;2.438;2.521;2.473","0.640;4.785;0.605;3.064","0.000;0.371;0.389;0.379","0.000;0.373;0.383;0.377","1000044.135;0.673;0.643;0.660","2000000.603;0.670;0.652;0.663","0.000;0.000;0.000;0.000","0.000;0.000;0.000;0.000","999.956;5200594353.640;4665629860.031;3030303030.303","1500.000;5223880597.015;1533742331.288;3770739064.857"
"parsec-blackscholes-simsmall-3",15,96.070,64.220,"2000;3000;1000;2500","3000;1000;3500;1000","1;1;1;1","48.680;96.070;56.890;78.160","50.260;61.130;64.220;56.660","0.640;4.785;0.605;3.064","0.938;0.600;1.893;0.602","0.000;0.373;0.383;0.377","0.000;0.375;0.389;0.378","2000000.603;0.670;0.652;0.663","3000048.904;0.666;0.643;0.661","0.000;0.000;0.000;0.000","0.000;0.000;0.000;0.000","1500.000;5223880597.015;1533742331.288;3770739064.857","999.984;1501501501.502;5443234836.703;1512859304.085"
"parsec-blackscholes-simsmall-3",16,64.220,71.650,"3000;1000;2000;1000","1000;4000;1500;1500","1;1;1;1","50.260;61.130;64.220;56.660","48.030;71.650;60.920;59.010","0.938;0.600;1.893;0.602","0.403;2.438;1.372;1.351","0.000;0.375;0.389;0.378","0.000;0.372;0.386;0.376","3000048.904;0.666;0.643;0.661","1000000.470;0.672;0.648;0.665","0.000;0.000;0.000;0.000","0.000;0.000;0.000;0.000","999.984;1501501501.502;5443234836.703;1512859304.085","1000.000;5952380952.381;2314814814.815;2255639097.744"
"parsec-blackscholes-simsmall-3",17,71.650,84.100,"1000;2000;1500;1500","2500;2500;1500;4000","1;1;1;1","48.030;71.650;60.920;59.010","48.780;84.100;58.170;81.060","0.403;2.438;1.372;1.351","0.640;3.486;1.207;3.528","0.000;0.372;0.386;0.376","0.000;0.373;0.389;0.378","1000000.470;0.672;0.648;0.665","2000084.603;0.671;0.642;0.661","0.000;0.000;0.000;0.000","0.000;0.000;0.000;0.000","1000.000;5952380952.381;2314814814.815;2255639097.744","1249.947;3725782414.307;2336448598.131;6051437216.339"
"parsec-blackscholes-simsmall-3",18,84.100,100.300,"2000;2500;1500;2500","1500;3000;2000;3000","1;1;1;1","48.780;84.100;58.170;81.060","48.300;100.300;63.750;99.600","0.640;3.486;1.207;3.528","0.514;4.786;1.887;4.839","0.000;0.373;0.389;0.378","0.000;0.373;0.386;0.378","2000084.603;0.671;0.642;0.661","1500000.455;0.670;0.647;0.662","0.000;0.000;0.000;0.000","0.000;0.000;0.000;0.000","1249.947;3725782414.307;2336448598.131;6051437216.339","1000.000;4477611940.299;3091190108.192;4531722054.381"
"parsec-blackscholes-simsmall-3",19,100.300,104.840,"1500;3000;2000;3000","3000;3000;3500;3000","1;1;1;1","48.300;100.300;63.750;99.600","49.470;104.780;96.540;104.840","0.514;4.786;1.887;4.839","0.781;4.795;4.943;4.848","0.000;0.373;0.386;0.378","0.000;0.374;0.388;0.379","1500000.455;0.670;0.647;0.662","2500002.426;0.669;0.644;0.660","0.000;0.000;0.000;0.000","0.000;0.000;0.000;0.000","1000.000;4477611940.299;3091190108.192;4531722054.381","1199.999;4484304932.735;5434782608.696;4545454545.455"
"parsec-blackscholes-simsmall-3",20,104.840,91.210,"2500;3000;3000;3000","2000;1500;2500;1000","1;1;1;1","49.470;104.780;96.540;104.840","49.020;69.900;91.210;64.900","0.781;4.795;4.943;4.848","0.640;1.173;3.600;0.643","0.000;0.374;0.388;0.379","0.000;0.370;0.388;0.380","2500002.426;0.669;0.644;0.660","2000005.069;0.675;0.644;0.658","0.000;0.000;0.000;0.000","0.000;0.000;0.000;0.000","1199.999;4484304932.735;5434782608.696;4545454545.455","999.997;2222222222.222;3881987577.640;1519756838.906"
"parsec-blackscholes-simsmall-3",21,91.210,85.100,"2000;1500;2500;1000","1000;3000;2000;3000","1;1;1;1","49.020;69.900;91.210;64.900","47.830;85.100;75.690;69.470","0.640;1.173;3.600;0.643","0.403;3.486;2.135;2.099","0.000;0.370;0.388;0.380","0.000;0.373;0.386;0.377","2000005.069;0.675;0.644;0.658","1000030.072;0.671;0.647;0.663","0.000;0.000;0.000;0.000","0.000;0.000;0.000;0.000","999.997;2222222222.222;3881987577.640;1519756838.906","999.970;4470938897.168;3091190108.192;4524886877.828"
"parsec-blackscholes-simsmall-3",22,85.100,97.690,"1000;2500;2000;2000","1500;1500;1000;3500","1;1;1;1","47.830;85.100;75.690;69.470","48.150;63.520;57.340;97.690","0.403;3.486;2.135;2.099","0.514;1.071;0.608;4.840","0.000;0.373;0.386;0.377","0.000;0.375;0.389;0.378","1000030.072;0.671;0.647;0.663","1500000.861;0.666;0.643;0.661","0.000;0.000;0.000;0.000","0.000;0.000;0.000;0.000","999.970;4470938897.168;3091190108.192;4524886877.828","999.999;2252252252.252;1555209953.344;5295007564.297"
"parsec-blackscholes-simsmall-3",23,97.690,120.620,"1500;1500;1000;3000","2500;4000;3000;3500","1;1;1;1","48.150;63.520;57.340;97.690","49.450;74.050;62.460;120.620","0.514;1.071;0.608;4.840","0.781;2.714;1.710;6.427","0.000;0.375;0.389;0.378","0.000;0.373;0.387;0.378","1500000.861;0.666;0.643;0.661","2500003.405;0.671;0.646;0.662","0.000;0.000;0.000;0.000","0.000;0.000;0.000;0.000","999.999;2252252252.252;1555209953.344;5295007564.297","999.999;5961251862.891;4643962848.297;5287009063.444"
"parsec-blackscholes-simsmall-3",24,120.620,73.020,"2500;2500;2000;3500","1000;1000;1000;1000","1;1;1;1","49.450;74.050;62.460;120.620","47.890;60.620;57.820;73.020","0.781;2.714;1.710;6.427","0.403;0.989;1.015;1.007","0.000;0.373;0.387;0.378","0.000;0.371;0.388;0.382","2500003.405;0.671;0.646;0.662","1000000.574;0.674;0.645;0.654","0.000;0.000;0.000;0.000","0.000;0.000;0.000;0.000","999.999;5961251862.891;4643962848.297;5287009063.444","999.999;1483679525.223;1550387596.899;1529051987.768"
"parsec-blackscholes-simsmall-3",25,73.020,71.360,"1000;1000;1000;1000","2000;4000;4000;1000","1;1;1;1","47.890;60.620;57.820;73.020","48.760;71.360;70.980;58.650","0.403;0.989;1.015;1.007","0.640;2.450;2.513;0.701","0.000;0.371;0.388;0.382","0.000;0.374;0.387;0.377","1000000.574;0.674;0.645;0.654","2000000.724;0.668;0.646;0.663","0.000;0.000;0.000;0.000","0.000;0.000;0.000;0.000","999.999;1483679525.223;1550387596.899;1529051987.768","1000.000;5988023952.096;6191950464.396;1508295625.943"
"parsec-blackscholes-simsmall-3",26,71.360,67.000,"2000;2000;2000;1000","4000;1000;2000;2500","1;1;1;1","48.760;71.360;70.980;58.650","50.290;55.170;67.000;64.850","0.640;2.450;2.513;0.701","0.938;0.597;1.895;1.862","0.000;0.374;0.387;0.377","0.000;0.368;0.389;0.379","2000000.724;0.668;0.646;0.663","3000001.086;0.679;0.643;0.660","0.000;0.000;0.000;0.000","0.000;0.000;0.000;0.000","1000.000;5988023952.096;6191950464.396;1508295625.943","1333.333;1472754050.074;3110419906.687;3787878787.879"
"parsec-blackscholes-simsmall-3",27,67.000,97.630,"3000;1000;2000;2000","2000;1000;4000;2000","1;1;1;1","50.290;55.170;67.000;64.850","49.160;51.330;97.630;65.540","0.938;0.597;1.895;1.862","0.640;0.601;4.935;1.854","0.000;0.368;0.389;0.379","0.000;0.377;0.387;0.377","3000001.086;0.679;0.643;0.660","2000019.407;0.664;0.646;0.664","0.000;0.000;0.000;0.000","0.000;0.000;0.000;0.000","1333.333;1472754050.074;3110419906.687;3787878787.879","999.990;1506024096.386;6191950464.396;3012048192.771"
"parsec-blackscholes-simsmall-3",28,97.630,141.860,"2000;1000;3000;2000","4000;1000;4000;1000","1;1;1;1","49.160;51.330;97.630;65.540","50.390;49.420;141.860;53.320","0.640;0.601;4.935;1.854","0.938;0.550;8.499;0.554","0.000;0.377;0.387;0.377","0.000;0.374;0.388;0.382","2000019.407;0.664;0.646;0.664","3000001.086;0.669;0.645;0.654","0.000;0.000;0.000;0.000","0.000;0.000;0.000;0.000","999.990;1506024096.386;6191950464.396;3012048192.771","1333.333;1494768310.912;6201550387.597;1529051987.768"
"parsec-blackscholes-simsmall-3",29,141.860,78.260,"3000;1000;4000;1000","1000;1000;1000;1000","1;1;1;1","50.390;49.420;141.860;53.320","48.070;53.670;78.260;55.290","0.938;0.550;8.499;0.554","0.403;0.989;1.015;0.999","0.000;0.374;0.388;0.382","0.000;0.371;0.388;0.377","3000001.086;0.669;0.645;0.654","1000000.362;0.673;0.645;0.663","0.000;0.000;0.000;0.000","0.000;0.000;0.000;0.000","1333.333;1494768310.912;6201550387.597;1529051987.768","1000.000;1485884101.040;1550387596.899;1508295625.943"
"parsec-blackscholes-simsmall-3",30,78.260,78.540,"1000;1000;1000;1000","2500;3500;2000;1000","1;1;1;1","48.070;53.670;78.260;55.290","48.800;68.480;78.540;52.000","0.403;0.989;1.015;0.999","0.640;2.442;2.513;0.699","0.000;0.371;0.388;0.377","0.000;0.373;0.387;0.375","1000000.362;0.673;0.645;0.663","2000000.724;0.671;0.646;0.666","0.000;0.000;0.000;0.000","0.000;0.000;0.000;0.000","1000.000;1485884101.040;1550387596.899;1508295625.943","1250.000;5216095380.030;3095975232.198;1501501501.502"
"parsec-blackscholes-simsmall-3",31,78.540,88.370,"2000;2000;2000;1000","1500;2000;2500;4000","1;1;1;1","48.800;68.480;78.540;52.000","48.310;68.190;88.370;64.510","0.640;2.442;2.513;0.699","0.514;2.092;3.594;2.109","0.000;0.373;0.387;0.375","0.000;0.375;0.387;0.379","2000000.724;0.671;0.646;0.666","1500000.543;0.666;0.646;0.659","0.000;0.000;0.000;0.000","0.000;0.000;0.000;0.000","1250.000;5216095380.030;3095975232.198;1501501501.502","1000.000;3003003003.003;3869969040.248;6069802731.411"
"parsec-blackscholes-simsmall-3",32,88.370,95.860,"1500;2000;2500;2000","1000;3000;1500;1000","1;1;1;1","48.310;68.190;88.370;64.510","47.700;95.860;64.800;52.890","0.514;2.092;3.594;2.109","0.403;4.779;1.091;0.600","0.000;0.375;0.387;0.379","0.000;0.372;0.389;0.375","1500000.543;0.666;0.646;0.659","1000000.539;0.672;0.643;0.667","0.000;0.000;0.000;0.000","0.000;0.000;0.000;0.000","1000.000;3003003003.003;3869969040.248;6069802731.411","999.999;4464285714.286;2332814930.016;1499250374.813"
"parsec-blackscholes-simsmall-3",33,95.860,69.040,"1000;3000;1500;1000","1000;1000;1000;2000","1;1;1;1","47.700;95.860;64.800;52.890","47.580;62.260;55.900;69.040","0.403;4.779;1.091;0.600","0.403;0.696;0.708;2.476","0.000;0.372;0.389;0.375","0.000;0.371;0.386;0.379","1000000.539;0.672;0.643;0.667","1000010.539;0.673;0.648;0.659","0.000;0.000;0.000;0.000","0.000;0.000;0.000;0.000","999.999;4464285714.286;2332814930.016;1499250374.813","999.989;1485884101.040;1543209876.543;3034901365.706"
"parsec-blackscholes-simsmall-3",34,69.040,96.480,"1000;1000;1000;2000","3000;4000;3500;3500","1;1;1;1","47.580;62.260;55.900;69.040","48.670;65.200;63.960;96.480","0.403;0.696;0.708;2.476","0.640;1.840;1.891;4.839","0.000;0.371;0.386;0.379","0.000;0.372;0.388;0.378","1000010.539;0.673;0.648;0.659","2000000.152;0.672;0.645;0.662","0.000;0.000;0.000;0.000","0.000;0.000;0.000;0.000","999.989;1485884101.040;1543209876.543;3034901365.706","1500.000;5952380952.381;5426356589.147;5287009063.444"
"parsec-blackscholes-simsmall-3",35,96.480,65.450,"2000;2000;2000;3000","3500;1000;2000;1500","1;1;1;1","48.670;65.200;63.960;96.480","50.260;53.880;65.450;65.400","0.640;1.840;1.891;4.839","0.938;0.600;1.890;1.074","0.000;0.372;0.388;0.378","0.000;0.375;0.388;0.378","2000000.152;0.672;0.645;0.662","3000001.098;0.667;0.645;0.662","0.000;0.000;0.000;0.000","0.000;0.000;0.000;0.000","1500.000;5952380952.381;5426356589.147;5287009063.444","1166.666;1499250374.813;3100775193.798;2265861027.190"
"parsec-blackscholes-simsmall-3",36,65.450,71.850,"3000;1000;2000;1500","4000;2000;1000;4000","1;1;1;1","50.260;53.880;65.450;65.400","52.230;59.010;53.210;71.850","0.938;0.600;1.890;1.074","1.299;1.539;0.556;2.493","0.000;0.375;0.388;0.378","0.000;0.372;0.388;0.377","3000001.098;0.667;0.645;0.662","4000001.464;0.672;0.645;0.663","0.000;0.000;0.000;0.000","0.000;0.000;0.000;0.000","1166.666;1499250374.813;3100775193.798;2265861027.190","1000.000;2976190476.190;1550387596.899;6033182503.771"
"parsec-blackscholes-simsmall-3",37,71.850,80.550,"4000;2000;1000;2500","1000;2500;1000;1000","1;1;1;1","52.230;59.010;53.210;71.850","48.400;80.550;51.270;56.110","1.299;1.539;0.556;2.493","0.403;3.487;0.650;0.644","0.000;0.372;0.388;0.377","0.000;0.373;0.391;0.382","4000001.464;0.672;0.645;0.663","1000044.876;0.671;0.640;0.654","0.000;0.000;0.000;0.000","0.000;0.000;0.000;0.000","1000.000;2976190476.190;1550387596.899;6033182503.771","999.955;3725782414.307;1562500000.000;1529051987.768"
"parsec-blackscholes-simsmall-3",38,80.550,115.000,"1000;2500;1000;1000","3500;3500;3500;2500","1;1;1;1","48.400;80.550;51.270;56.110","48.880;115.000;59.890;61.360","0.403;3.487;0.650;0.644","0.640;6.363;1.706;1.679","0.000;0.373;0.391;0.382","0.000;0.374;0.386;0.376","1000044.876;0.671;0.640;0.654","2000000.732;0.669;0.648;0.665","0.000;0.000;0.000;0.000","0.000;0.000;0.000;0.000","999.955;3725782414.307;1562500000.000;1529051987.768","1749.999;5231689088.191;5401234567.901;3759398496.241"
"parsec-blackscholes-simsmall-3",39,115.000,70.710,"2000;3500;2000;2000","1000;1000;1000;1000","1;1;1;1","48.880;115.000;59.890;61.360","47.810;70.710;56.600;57.190","0.640;6.363;1.706;1.679","0.403;0.994;1.019;1.007","0.000;0.374;0.386;0.376","0.000;0.374;0.390;0.382","2000000.732;0.669;0.648;0.665","1000000.366;0.669;0.641;0.654","0.000;0.000;0.000;0.000","0.000;0.000;0.000;0.000","1749.999;5231689088.191;5401234567.901;3759398496.241","1000.000;1494768310.912;1560062402.496;1529051987.768"
"parsec-blackscholes-simsmall-3",40,70.710,74.820,"1000;1000;1000;1000","3000;4000;4000;1000","1;1;1;1","47.810;70.710;56.600;57.190","48.740;74.820;57.680;52.610","0.403;0.994;1.019;1.007","0.640;2.441;1.403;0.701","0.000;0.374;0.390;0.382","0.000;0.373;0.158;0.377","1000000.366;0.669;0.641;0.654","2000000.732;0.671;1.586;0.663","0.000;0.000;0.000;0.000","0.000;0.000;0.000;0.000","1000.000;1494768310.912;1560062402.496;1529051987.768","1499.999;5961251862.891;2522068095.839;1508295625.943"
"parsec-blackscholes-simsmall-3",41,74.820,61.940,"2000;2000;2000;1000","3000;1000;2500;3000","1;1;1;1","48.740;74.820;57.680;52.610","50.290;56.780;49.880;61.940","0.640;2.441;1.403;0.701","0.938;0.598;0.781;1.861","0.000;0.373;0.158;0.377","0.000;0.371;0.000;0.379","2000000.732;0.671;1.586;0.663","3000002.598;0.674;2500002.165;0.660","0.000;0.000;0.000;0.000","0.000;0.000;0.000;0.000","1499.999;5961251862.891;2522068095.839;1508295625.943","999.999;1483679525.223;999.999;4545454545.455"
"parsec-blackscholes-simsmall-3",42,61.940,57.530,"3000;1000;2500;2000","2500;2500;2500;1000","1;1;1;1","50.290;56.780;49.880;61.940","49.820;57.530;49.950;52.770","0.938;0.598;0.781;1.861","0.781;1.300;0.781;0.641","0.000;0.371;0.000;0.379","0.000;0.171;0.000;0.377","3000002.598;0.674;2500002.165;0.660","8169.950;1.465;2500004.665;0.664","0.000;0.000;0.000;0.000","0.000;0.000;0.000;0.000","999.999;1483679525.223;999.999;4545454545.455","305999.425;1706484641.638;999.998;1506024096.386"
"parsec-blackscholes-simsmall-3",43,57.530,51.530,"2500;2000;2500;1000","1000;4000;3500;2500","1;1;1;1","49.820;57.530;49.950;52.770","47.980;50.480;51.530;48.970","0.781;1.300;0.781;0.641","0.594;0.938;1.110;0.678","0.000;0.171;0.000;0.377","0.446;0.000;0.000;0.014","8169.950;1.465;2500004.665;0.664","0.558;3000001.098;3500001.281;18.144","0.000;0.000;0.000;0.000","0.000;0.000;0.000;0.000","305999.425;1706484641.638;999.998;1506024096.386","1792114695.341;1333.333;1000.000;137786596.120"
"parsec-blackscholes-simsmall-3",44,51.530,52.720,"1000;3000;3500;2000","1500;3500;4000;4000","1;1;1;1","47.980;50.480;51.530;48.970","52.140;51.460;52.720;50.490","0.594;0.938;1.110;0.678","1.020;1.110;1.299;0.938","0.446;0.000;0.000;0.014","0.482;0.000;0.000;0.000","0.558;3000001.098;3500001.281;18.144","0.517;3500014.121;4000016.138;3000012.104","0.000;0.000;0.000;0.000","0.000;0.000;0.000;0.000","1792114695.341;1333.333;1000.000;137786596.120","2901353965.184;999.996;999.996;1333.328"
"parsec-blackscholes-simsmall-3",45,52.720,72.360,"1500;3500;4000;3000","3000;2500;4000;2500","1;1;1;1","52.140;51.460;52.720;50.490","72.360;50.090;52.970;50.030","1.020;1.110;1.299;0.938","2.851;0.781;1.299;0.781","0.482;0.000;0.000;0.000","0.483;0.000;0.000;0.000","0.517;3500014.121;4000016.138;3000012.104","0.516;2500000.086;4000000.138;2500000.086","0.000;0.000;0.000;0.000","0.000;0.000;0.000;0.000","2901353965.184;999.996;999.996;1333.328","5813953488.372;1000.000;1000.000;1000.000"
"parsec-blackscholes-simsmall-3",0,99.730,90.120,"4000;4000;4000;4000","3000;1500;3000;2000","1;1;1;1","99.730;49.530;53.010;50.960","90.120;47.460;49.540;48.110","6.606;0.640;1.299;1.110","4.538;0.514;0.938;0.640","0.473;0.000;0.000;0.000","0.380;0.000;0.000;0.000","0.526;801888.414;1603776.828;1403304.725","0.656;1500000.925;3000001.849;2000001.233","0.000;0.000;0.000;0.000","0.000;0.000;0.000;0.000","-1901140.684;-1.247;-0.624;-0.713","4573170731.707;999.999;999.999;999.999"
"parsec-blackscholes-simsmall-3",1,90.120,82.310,"3000;1500;3000;2000","2500;2000;3000;2500","1;1;1;1","90.120;47.460;49.540;48.110","82.310;48.500;50.410;49.390","4.538;0.514;0.938;0.640","2.863;0.640;0.938;0.781","0.380;0.000;0.000;0.000","0.373;0.000;0.000;0.000","0.656;1500000.925;3000001.849;2000001.233","0.668;2000002.400;3000003.600;2500003.000","0.000;0.000;0.000;0.000","0.000;0.000;0.000;0.000","4573170731.707;999.999;999.999;999.999","3742514970.060;999.999;999.999;999.999"
"parsec-blackscholes-simsmall-3",2,82.310,62.000,"2500;2000;3000;2500","1500;3000;2500;1000","1;1;1;1","82.310;48.500;50.410;49.390","62.000;50.120;49.910;47.870","2.863;0.640;0.938;0.781","1.025;0.938;0.781;0.403","0.373;0.000;0.000;0.000","0.373;0.000;0.000;0.000","0.668;2000002.400;3000003.600;2500003.000","0.667;3000009.542;2500007.952;1000003.181","0.000;0.000;0.000;0.000","0.000;0.000;0.000;0.000","3742514970.060;999.999;999.999;999.999","2248875562.219;999.997;999.997;999.997"
"parsec-blackscholes-simsmall-3",3,62.000,77.570,"1500;3000;2500;1000","3500;1000;3000;3500","1;1;1;1","62.000;50.120;49.910;47.870","77.570;47.910;50.600;48.750","1.025;0.938;0.781;0.403","2.912;0.403;0.938;0.640","0.373;0.000;0.000;0.000","0.382;0.000;0.000;0.000","0.667;3000009.542;2500007.952;1000003.181","0.651;1000000.000;3000000.000;2000000.000","0.000;0.000;0.000;0.000","0.000;0.000;0.000;0.000","2248875562.219;999.997;999.997;999.997","5376344086.022;1000.000;1000.000;1750.000"
"parsec-blackscholes-simsmall-3",4,77.570,114.710,"2500;1000;3000;2000","4000;3000;2500;2000","1;1;1;1","77.570;47.910;50.600;48.750","114.710;48.680;50.000;48.920","2.912;0.403;0.938;0.640","5.935;0.640;0.781;0.640","0.382;0.000;0.000;0.000","0.373;0.000;0.000;0.000","0.651;1000000.000;3000000.000;2000000.000","0.668;2000000.360;2500000.450;2000000.360","0.000;0.000;0.000;0.000","0.000;0.000;0.000;0.000","5376344086.022;1000.000;1000.000;1750.000","5988023952.096;1500.000;1000.000;1000.000"
"parsec-blackscholes-simsmall-3",5,114.710,70.790,"3500;2000;2500;2000","1000;1000;1000;1000","1;1;1;1","114.710;48.680;50.000;48.920","70.790;47.690;48.080;47.820","5.935;0.640;0.781;0.640","0.957;0.403;0.403;0.403","0.373;0.000;0.000;0.000","0.380;0.000;0.000;0.000","0.668;2000000.360;2500000.450;2000000.360","0.655;1000000.000;1000000.000;1000000.000","0.000;0.000;0.000;0.000","0.000;0.000;0.000;0.000","5988023952.096;1500.000;1000.000;1000.000","1526717557.252;1000.000;1000.000;1000.000"
"parsec-blackscholes-simsmall-3",6,70.790,75.330,"1000;1000;1000;1000","4000;3000;2000;4000","1;1;1;1","70.790;47.690;48.080;47.820","75.330;48.650;48.850;48.760","0.957;0.403;0.403;0.403","2.339;0.640;0.640;0.640","0.380;0.000;0.000;0.000","0.381;0.000;0.000;0.000","0.655;1000000.000;1000000.000;1000000.000","0.654;2000000.000;2000000.000;2000000.000","0.000;0.000;0.000;0.000","0.000;0.000;0.000;0.000","1526717557.252;1000.000;1000.000;1000.000","6116207951.070;1500.000;1000.000;2000.000"
"parsec-blackscholes-simsmall-3",7,75.330,80.630,"2000;2000;2000;2000","2500;4000;1500;3000","1;1;1;1","75.330;48.650;48.850;48.760","80.630;50.210;48.370;50.360","2.339;0.640;0.640;0.640","2.863;0.938;0.514;0.938","0.381;0.000;0.000;0.000","0.373;0.000;0.000;0.000","0.654;2000000.000;2000000.000;2000000.000","0.667;3000010.800;1500005.400;3000010.800","0.000;0.000;0.000;0.000","0.000;0.000;0.000;0.000","6116207951.070;1500.000;1000.000;2000.000","3748125937.031;1333.329;999.996;999.996"
"parsec-blackscholes-simsmall-3",8,80.630,58.490,"2500;3000;1500;3000","1000;2500;2500;2500","1;1;1;1","80.630;50.210;48.370;50.360","58.490;49.750;49.560;49.920","2.863;0.938;0.514;0.938","0.622;0.781;0.781;0.781","0.373;0.000;0.000;0.000","0.376;0.000;0.000;0.000","0.667;3000010.800;1500005.400;3000010.800","0.662;2500000.000;2500000.000;2500000.000","0.000;0.000;0.000;0.000","0.000;0.000;0.000;0.000","3748125937.031;1333.329;999.996;999.996","1510574018.127;1000.000;1000.000;1000.000"
"parsec-blackscholes-simsmall-3",9,58.490,62.560,"1000;2500;2500;2500","4000;3500;3500;1500","1;1;1;1","58.490;49.750;49.560;49.920","62.560;51.240;51.350;48.590","0.622;0.781;0.781;0.781","1.615;1.110;1.110;0.514","0.376;0.000;0.000;0.000","0.383;0.000;0.000;0.000","0.662;2500000.000;2500000.000;2500000.000","0.650;3500017.500;3500017.500;1500007.500","0.000;0.000;0.000;0.000","0.000;0.000;0.000;0.000","1510574018.127;1000.000;1000.000;1000.000","6153846153.846;999.995;999.995;999.995"
"parsec-blackscholes-simsmall-3",10,62.560,92.820,"2000;3500;3500;1500","1000;2000;3500;3000","1;1;1;1","62.560;51.240;51.350;48.590","51.210;54.240;92.820;62.740","1.615;1.110;1.110;0.514","0.439;1.410;5.251;2.301","0.383;0.000;0.000;0.000","0.077;0.279;0.294;0.293","0.650;3500017.500;3500017.500;1500007.500","3.216;0.896;0.850;0.854","0.000;0.000;0.000;0.000","0.000;0.000;0.000;0.000","6153846153.846;999.995;999.995;999.995","310945273.632;2232142857.143;4117647058.824;3512880562.061"
"parsec-blackscholes-simsmall-3",11,92.820,90.660,"1000;2000;3500;2500","3500;3500;2000;2500","1;1;1;1","51.210;54.240;92.820;62.740","48.760;90.660;71.090;75.890","0.439;1.410;5.251;2.301","0.640;4.708;1.862;3.077","0.077;0.279;0.294;0.293","0.000;0.365;0.379;0.379","3.216;0.896;0.850;0.854","2000008.000;0.684;0.660;0.659","0.000;0.000;0.000;0.000","0.000;0.000;0.000;0.000","310945273.632;2232142857.143;4117647058.824;3512880562.061","1749.993;5116959064.327;3030303030.303;3793626707.132"
"parsec-blackscholes-simsmall-3",12,90.660,84.790,"2000;3000;2000;2500","2500;1000;1500;2500","1;1;1;1","48.760;90.660;71.090;75.890","49.560;59.400;60.800;84.790","0.640;4.708;1.862;3.077","0.781;0.635;1.198;3.531","0.000;0.365;0.379;0.379","0.000;0.368;0.384;0.378","2000008.000;0.684;0.660;0.659","2500001.354;0.680;0.651;0.661","0.000;0.000;0.000;0.000","0.000;0.000;0.000;0.000","1749.993;5116959064.327;3030303030.303;3793626707.132","999.999;1470588235.294;2304147465.438;3782148260.212"
"parsec-blackscholes-simsmall-3",13,84.790,82.080,"2500;1000;1500;2500","2000;3500;2500;1000","1;1;1;1","49.560;59.400;60.800;84.790","49.030;66.240;82.080;58.850","0.781;0.635;1.198;3.531","0.640;2.048;3.546;0.645","0.000;0.368;0.384;0.378","0.000;0.364;0.381;0.383","2500001.354;0.680;0.651;0.661","2000074.000;0.687;0.657;0.653","0.000;0.000;0.000;0.000","0.000;0.000;0.000;0.000","999.999;1470588235.294;2304147465.438;3782148260.212","999.963;5094614264.920;3805175038.052;1531393568.147"
"parsec-blackscholes-simsmall-3",14,82.080,94.520,"2000;2000;2500;1000","3500;3500;1000;4000","1;1;1;1","49.030;66.240;82.080;58.850","50.350;94.520;57.720;64.100","0.640;2.048;3.546;0.645","0.938;4.699;0.603;1.854","0.000;0.364;0.381;0.383","0.000;0.364;0.381;0.377","2000074.000;0.687;0.657;0.653","3000001.024;0.686;0.657;0.664","0.000;0.000;0.000;0.000","0.000;0.000;0.000;0.000","999.963;5094614264.920;3805175038.052;1531393568.147","1166.666;5102040816.327;1522070015.221;6024096385.542"
"parsec-blackscholes-simsmall-3",15,94.520,135.910,"3000;3000;1000;2000","2000;4000;2000;3500","1;1;1;1","50.350;94.520;57.720;64.100","49.180;135.910;60.460;84.610","0.938;4.699;0.603;1.854","0.640;8.059;1.562;3.869","0.000;0.364;0.381;0.377","0.000;0.364;0.381;0.379","3000001.024;0.686;0.657;0.664","2000000.683;0.687;0.656;0.660","0.000;0.000;0.000;0.000","0.000;0.000;0.000;0.000","1166.666;5102040816.327;1522070015.221;6024096385.542","1000.000;5822416302.766;3048780487.805;5303030303.030"
"parsec-blackscholes-simsmall-3",16,135.910,76.110,"2000;4000;2000;3000","1000;1000;1000;1000","1;1;1;1","49.180;135.910;60.460;84.610","47.870;76.110;56.970;62.940","0.640;8.059;1.562;3.869","0.403;0.977;1.005;1.008","0.000;0.364;0.381;0.379","0.000;0.364;0.381;0.383","2000000.683;0.687;0.656;0.660","1000000.341;0.687;0.656;0.653","0.000;0.000;0.000;0.000","0.000;0.000;0.000;0.000","1000.000;5822416302.766;3048780487.805;5303030303.030","1000.000;1455604075.691;1524390243.902;1531393568.147"
"parsec-blackscholes-simsmall-3",17,76.110,70.190,"1000;1000;1000;1000","2000;1000;3000;1000","1;1;1;1","47.870;76.110;56.970;62.940","48.750;59.520;70.190;54.610","0.403;0.977;1.005;1.008","0.640;0.690;2.482;0.702","0.000;0.364;0.381;0.383","0.000;0.364;0.381;0.379","1000000.341;0.687;0.656;0.653","2000025.683;0.686;0.657;0.660","0.000;0.000;0.000;0.000","0.000;0.000;0.000;0.000","1000.000;1455604075.691;1524390243.902;1531393568.147","999.987;1457725947.522;4566210045.662;1515151515.152"
"parsec-blackscholes-simsmall-3",18,70.190,64.650,"2000;1000;2000;1000","3000;4000;1000;3500","1;1;1;1","48.750;59.520;70.190;54.610","50.290;64.650;54.530;62.800","0.640;0.690;2.482;0.702","0.938;1.812;0.604;1.861","0.000;0.364;0.381;0.379","0.000;0.363;0.382;0.379","2000025.683;0.686;0.657;0.660","3000002.524;0.688;0.654;0.660","0.000;0.000;0.000;0.000","0.000;0.000;0.000;0.000","999.987;1457725947.522;4566210045.662;1515151515.152","999.999;5813953488.372;1529051987.768;5303030303.030"
"parsec-blackscholes-simsmall-3",19,64.650,84.050,"3000;2000;1000;2000","4000;2500;2000;3000","1;1;1;1","50.290;64.650;54.530;62.800","52.240;70.640;59.230;84.050","0.938;1.812;0.604;1.861","1.299;2.437;1.560;3.869","0.000;0.363;0.382;0.379","0.000;0.365;0.380;0.379","3000002.524;0.688;0.654;0.660","4000030.016;0.685;0.658;0.660","0.000;0.000;0.000;0.000","0.000;0.000;0.000;0.000","999.999;5813953488.372;1529051987.768;5303030303.030","999.992;3649635036.496;3039513677.812;4545454545.455"
"parsec-blackscholes-simsmall-3",20,84.050,96.030,"4000;2500;2000;3000","2000;3000;2000;1000","1;1;1;1","52.240;70.640;59.230;84.050","49.520;96.030;63.630;58.040","1.299;2.437;1.560;3.869","0.640;4.708;1.869;0.602","0.000;0.365;0.380;0.379","0.000;0.365;0.381;0.378","4000030.016;0.685;0.658;0.660","2000001.008;0.684;0.656;0.661","0.000;0.000;0.000;0.000","0.000;0.000;0.000;0.000","999.992;3649635036.496;3039513677.812;4545454545.455","999.999;4385964912.281;3048780487.805;1512859304.085"
"parsec-blackscholes-simsmall-3",21,96.030,95.590,"2000;3000;2000;1000","1000;1000;3500;3500","1;1;1;1","49.520;96.030;63.630;58.040","47.960;61.390;95.590;63.930","0.640;4.708;1.869;0.602","0.403;0.595;4.868;1.861","0.000;0.365;0.381;0.378","0.000;0.365;0.381;0.379","2000001.008;0.684;0.656;0.661","1000000.010;0.685;0.657;0.660","0.000;0.000;0.000;0.000","0.000;0.000;0.000;0.000","999.999;4385964912.281;3048780487.805;1512859304.085","1000.000;1459854014.599;5327245053.272;5303030303.030"
"parsec-blackscholes-simsmall-3",22,95.590,120.060,"1000;1000;3000;2000","4000;3000;3500;3500","1;1;1;1","47.960;61.390;95.590;63.930","48.790;62.920;120.060;89.320","0.403;0.595;4.868;1.861","0.640;1.648;6.478;4.287","0.000;0.365;0.381;0.379","0.000;0.365;0.382;0.379","1000000.010;0.685;0.657;0.660","2000011.739;0.685;0.655;0.660","0.000;0.000;0.000;0.000","0.000;0.000;0.000;0.000","1000.000;1459854014.599;5327245053.272;5303030303.030","1999.988;4379562043.796;5343511450.382;5303030303.030"
"parsec-blackscholes-simsmall-3",23,120.060,72.540,"2000;2000;3500;3000","1000;1000;1000;1000","1;1;1;1","48.790;62.920;120.060;89.320","47.790;57.570;72.540;64.040","0.640;1.648;6.478;4.287","0.403;0.970;1.006;1.001","0.000;0.365;0.382;0.379","0.000;0.359;0.382;0.379","2000011.739;0.685;0.655;0.660","1000000.869;0.696;0.654;0.660","0.000;0.000;0.000;0.000","0.000;0.000;0.000;0.000","1999.988;4379562043.796;5343511450.382;5303030303.030","999.999;1436781609.195;1529051987.768;1515151515.152"
"parsec-blackscholes-simsmall-3",24,72.540,72.590,"1000;1000;1000;1000","3500;3000;1500;3000","1;1;1;1","47.790;57.570;72.540;64.040","48.730;69.800;64.640;72.590","0.403;0.970;1.006;1.001","0.640;2.411;1.359;2.472","0.000;0.359;0.382;0.379","0.000;0.366;0.380;0.379","1000000.869;0.696;0.654;0.660","2000001.076;0.683;0.658;0.660","0.000;0.000;0.000;0.000","0.000;0.000;0.000;0.000","999.999;1436781609.195;1529051987.768;1515151515.152","1749.999;4392386530.015;2279635258.359;4545454545.455"
"parsec-blackscholes-simsmall-3",25,72.590,98.100,"2000;2000;1500;2000","2500;2500;4000;4000","1;1;1;1","48.730;69.800;64.640;72.590","49.540;77.580;78.750;98.100","0.640;2.411;1.359;2.472","0.781;2.985;3.096;4.846","0.000;0.366;0.380;0.379","0.000;0.364;0.382;0.379","2000001.076;0.683;0.658;0.660","2500000.345;0.687;0.654;0.660","0.000;0.000;0.000;0.000","0.000;0.000;0.000;0.000","1749.999;4392386530.015;2279635258.359;4545454545.455","1000.000;3639010189.229;6116207951.070;6060606060.606"
"parsec-blackscholes-simsmall-3",26,98.100,91.200,"2500;2500;2500;3000","1000;1000;1500;2500","1;1;1;1","49.540;77.580;78.750;98.100","47.910;57.090;62.890;91.200","0.781;2.985;3.096;4.846","0.403;0.634;1.187;3.527","0.000;0.364;0.382;0.379","0.000;0.366;0.378;0.378","2500000.345;0.687;0.654;0.660","1000000.473;0.683;0.661;0.662","0.000;0.000;0.000;0.000","0.000;0.000;0.000;0.000","1000.000;3639010189.229;6116207951.070;6060606060.606","1000.000;1464128843.338;2269288956.127;3776435045.317"
"parsec-blackscholes-simsmall-3",27,91.200,103.500,"1000;1000;1500;2500","1000;4000;2500;3000","1;1;1;1","47.910;57.090;62.890;91.200","47.640;63.150;77.830;103.500","0.403;0.634;1.187;3.527","0.403;1.813;3.088;4.845","0.000;0.366;0.378;0.378","0.000;0.364;0.381;0.379","1000000.473;0.683;0.661;0.662","1000000.073;0.687;0.656;0.660","0.000;0.000;0.000;0.000","0.000;0.000;0.000;0.000","1000.000;1464128843.338;2269288956.127;3776435045.317","1000.000;5822416302.766;3810975609.756;4545454545.455"
"parsec-blackscholes-simsmall-3",28,103.500,123.020,"1000;2000;2500;3000","1500;2500;3500;3500","1;1;1;1","47.640;63.150;77.830;103.500","48.100;72.490;116.130;123.020","0.403;1.813;3.088;4.845","0.514;2.673;6.476;6.445","0.000;0.364;0.381;0.379","0.000;0.364;0.381;0.379","1000000.073;0.687;0.656;0.660","1500000.327;0.686;0.656;0.659","0.000;0.000;0.000;0.000","0.000;0.000;0.000;0.000","1000.000;5822416302.766;3810975609.756;4545454545.455","1000.000;3644314868.805;5335365853.659;5311077389.985"
"parsec-blackscholes-simsmall-3",29,123.020,74.060,"1500;2500;3500;3500","1000;1000;1000;1000","1;1;1;1","48.100;72.490;116.130;123.020","47.650;59.700;71.370;74.060","0.514;2.673;6.476;6.445","0.403;0.985;1.007;1.001","0.000;0.364;0.381;0.379","0.000;0.368;0.382;0.379","1500000.327;0.686;0.656;0.659","1000000.218;0.679;0.654;0.660","0.000;0.000;0.000;0.000","0.000;0.000;0.000;0.000","1000.000;3644314868.805;5335365853.659;5311077389.985","1000.000;1472754050.074;1529051987.768;1515151515.152"
"parsec-blackscholes-simsmall-3",30,74.060,76.790,"1000;1000;1000;1000","2000;2000;3500;3000","1;1;1;1","47.650;59.700;71.370;74.060","48.700;70.290;75.580;76.790","0.403;0.985;1.007;1.001","0.640;2.401;2.479;2.471","0.000;0.368;0.382;0.379","0.000;0.364;0.380;0.379","1000000.218;0.679;0.654;0.660","2000000.436;0.687;0.658;0.660","0.000;0.000;0.000;0.000","0.000;0.000;0.000;0.000","1000.000;1472754050.074;1529051987.768;1515151515.152","1000.000;2911208151.383;5319148936.170;4545454545.455"
"parsec-blackscholes-simsmall-3",31,76.790,99.870,"2000;2000;2000;2000","1500;1500;3000;1500","1;1;1;1","48.700;70.290;75.580;76.790","48.280;58.680;99.870;61.970","0.640;2.401;2.479;2.471","0.514;1.050;4.869;1.076","0.000;0.364;0.380;0.379","0.000;0.362;0.381;0.379","2000000.436;0.687;0.658;0.660","1500000.735;0.691;0.657;0.660","0.000;0.000;0.000;0.000","0.000;0.000;0.000;0.000","1000.000;2911208151.383;5319148936.170;4545454545.455","1000.000;2170767004.342;4566210045.662;2272727272.727"
"parsec-blackscholes-simsmall-3",32,99.870,105.780,"1500;1500;3000;1500","4000;2000;3000;2000","1;1;1;1","48.280;58.680;99.870;61.970","49.480;63.350;105.780;65.530","0.514;1.050;4.869;1.076","0.781;1.819;4.876;1.864","0.000;0.362;0.381;0.379","0.000;0.365;0.382;0.379","1500000.735;0.691;0.657;0.660","2500001.225;0.684;0.655;0.659","0.000;0.000;0.000;0.000","0.000;0.000;0.000;0.000","1000.000;2170767004.342;4566210045.662;2272727272.727","1599.999;2923976608.187;4580152671.756;3034901365.706"
"parsec-blackscholes-simsmall-3",33,105.780,90.170,"2500;2000;3000;2000","3500;4000;2000;3000","1;1;1;1","49.480;63.350;105.780;65.530","51.230;87.680;74.920;90.170","0.781;1.819;4.876;1.864","1.110;4.160;1.699;4.287","0.000;0.365;0.382;0.379","0.000;0.364;0.383;0.379","2500001.225;0.684;0.655;0.659","3500000.770;0.686;0.653;0.660","0.000;0.000;0.000;0.000","0.000;0.000;0.000;0.000","1599.999;2923976608.187;4580152671.756;3034901365.706","1000.000;5830903790.087;3062787136.294;4545454545.455"
"parsec-blackscholes-simsmall-3",34,90.170,134.470,"3500;3000;2000;3000","2000;4000;3000;3500","1;1;1;1","51.230;87.680;74.920;90.170","49.350;134.470;89.340;111.070","1.110;4.160;1.699;4.287","0.640;8.082;3.886;5.767","0.000;0.364;0.383;0.379","0.000;0.365;0.381;0.378","3500000.770;0.686;0.653;0.660","2000064.444;0.684;0.657;0.661","0.000;0.000;0.000;0.000","0.000;0.000;0.000;0.000","1000.000;5830903790.087;3062787136.294;4545454545.455","999.968;5847953216.374;4566210045.662;5295007564.297"
"parsec-blackscholes-simsmall-3",35,134.470,75.600,"2000;4000;3000;3500","1000;1000;1000;1000","1;1;1;1","49.350;134.470;89.340;111.070","47.930;75.600;65.290;70.300","0.640;8.082;3.886;5.767","0.403;0.975;1.000;0.997","0.000;0.365;0.381;0.378","0.000;0.362;0.378;0.376","2000064.444;0.684;0.657;0.661","1000000.222;0.690;0.661;0.665","0.000;0.000;0.000;0.000","0.000;0.000;0.000;0.000","999.968;5847953216.374;4566210045.662;5295007564.297","1000.000;1449275362.319;1512859304.085;1503759398.496"
"parsec-blackscholes-simsmall-3",36,75.600,76.190,"1000;1000;1000;1000","1500;4000;1500;4000","1;1;1;1","47.930;75.600;65.290;70.300","48.200;76.190;62.350;75.290","0.403;0.975;1.000;0.997","0.514;2.398;1.363;2.478","0.000;0.362;0.378;0.376","0.000;0.363;0.382;0.380","1000000.222;0.690;0.661;0.665","1500000.836;0.688;0.655;0.658","0.000;0.000;0.000;0.000","0.000;0.000;0.000;0.000","1000.000;1449275362.319;1512859304.085;1503759398.496","999.999;5813953488.372;2290076335.878;6079027355.623"
"parsec-blackscholes-simsmall-3",37,76.190,98.530,"1500;2000;1500;2000","2000;4000;4000;2500","1;1;1;1","48.200;76.190;62.350;75.290","48.830;98.530;77.670;81.070","0.514;2.398;1.363;2.478","0.640;4.710;3.082;3.076","0.000;0.363;0.382;0.380","0.000;0.365;0.380;0.379","1500000.836;0.688;0.655;0.658","2000000.315;0.684;0.658;0.660","0.000;0.000;0.000;0.000","0.000;0.000;0.000;0.000","999.999;5813953488.372;2290076335.878;6079027355.623","1000.000;5847953216.374;6079027355.623;3787878787.879"
"parsec-blackscholes-simsmall-3",38,98.530,76.650,"2000;3000;2500;2500","1500;2000;1000;2500","1;1;1;1","48.830;98.530;77.670;81.070","48.340;76.650;57.510;62.080","0.640;4.710;3.082;3.076","0.514;2.047;0.646;1.299","0.000;0.365;0.380;0.379","0.000;0.364;0.384;0.071","2000000.315;0.684;0.658;0.660","1500000.236;0.687;0.651;3.507","0.000;0.000;0.000;0.000","0.000;0.000;0.000;0.000","1000.000;5847953216.374;6079027355.623;3787878787.879","1000.000;2911208151.383;1536098310.292;712859994.297"
"parsec-blackscholes-simsmall-3",39,76.650,98.700,"1500;2000;1000;2500","3000;3500;3500;1500","1;1;1;1","48.340;76.650;57.510;62.080","49.510;98.700;55.910;51.430","0.514;2.047;0.646;1.299","0.781;4.707;1.151;0.514","0.000;0.364;0.384;0.071","0.000;0.365;0.159;0.000","1500000.236;0.687;0.651;3.507","2500000.035;0.684;1.577;1500000.021","0.000;0.000;0.000;0.000","0.000;0.000;0.000;0.000","1000.000;2911208151.383;1536098310.292;712859994.297","1200.000;5116959064.327;2219403931.516;1000.000"
"parsec-blackscholes-simsmall-3",40,98.700,64.300,"2500;3000;2000;1500","2000;1500;1500;1500","1;1;1;1","49.510;98.700;55.910;51.430","61.280;64.300;49.200;48.600","0.781;4.707;1.151;0.514","1.937;0.834;0.514;0.514","0.000;0.365;0.159;0.000","0.284;0.144;0.000;0.000","2500000.035;0.684;1.577;1500000.021","0.877;1.740;1500001.681;1500001.681","0.000;0.000;0.000;0.000","0.000;0.000;0.000;0.000","1200.000;5116959064.327;2219403931.516;1000.000","2280501710.376;862068965.517;999.999;999.999"
"parsec-blackscholes-simsmall-3",41,64.300,106.460,"2000;1500;1500;1500","3000;2000;4000;1500","1;1;1;1","61.280;64.300;49.200;48.600","106.460;52.620;49.760;48.470","1.937;0.834;0.514;0.514","5.630;0.640;0.781;0.514","0.284;0.144;0.000;0.000","0.482;0.000;0.000;0.000","0.877;1.740;1500001.681;1500001.681","0.517;2000000.246;2500000.307;1500000.184","0.000;0.000;0.000;0.000","0.000;0.000;0.000;0.000","2280501710.376;862068965.517;999.999;999.999","5802707930.368;1000.000;1600.000;1000.000"
"parsec-blackscholes-simsmall-3",42,106.460,68.030,"3000;2000;2500;1500","1500;4000;4000;2000","1;1;1;1","106.460;52.620;49.760;48.470","68.030;50.540;51.510;49.010","5.630;0.640;0.781;0.514","1.093;0.938;1.110;0.640","0.482;0.000;0.000;0.000","0.482;0.000;0.000;0.000","0.517;2000000.246;2500000.307;1500000.184","0.517;3000001.374;3500001.603;2000000.916","0.000;0.000;0.000;0.000","0.000;0.000;0.000;0.000","5802707930.368;1000.000;1600.000;1000.000","2901353965.184;1333.333;1142.857;1000.000"
"parsec-blackscholes-simsmall-3",0,57.770,57.100,"4000;4000;4000;4000","2000;3500;3500;2000","1;1;1;1","57.770;50.700;52.500;48.140","57.100;50.260;50.350;48.110","0.580;0.938;1.299;0.403","1.597;1.110;1.110;0.640","0.473;0.000;0.000;0.000","0.376;0.000;0.000;0.000","0.526;1922608.374;2563477.833;640869.458","0.663;3500000.000;3500000.000;2000000.000","0.000;0.000;0.000;0.000","0.000;0.000;0.000;0.000","-1901140.684;-0.520;-0.390;-1.560","3016591251.885;1000.000;1000.000;1000.000"
"parsec-blackscholes-simsmall-3",1,57.100,79.930,"2000;3500;3500;2000","2500;2500;2000;2500","1;1;1;1","57.100;50.260;50.350;48.110","79.930;49.650;49.150;49.390","1.597;1.110;1.110;0.640","3.329;0.781;0.640;0.781","0.376;0.000;0.000;0.000","0.381;0.000;0.000;0.000","0.663;3500000.000;3500000.000;2000000.000","0.654;2500000.000;2000000.000;2500000.000","0.000;0.000;0.000;0.000","0.000;0.000;0.000;0.000","3016591251.885;1000.000;1000.000;1000.000","3822629969.419;1000.000;1000.000;1000.000"
"parsec-blackscholes-simsmall-3",2,79.930,60.530,"2500;2500;2000;2500","1500;2500;3000;2000","1;1;1;1","79.930;49.650;49.150;49.390","60.530;49.610;50.430;49.010","3.329;0.781;0.640;0.781","1.027;0.781;0.938;0.640","0.381;0.000;0.000;0.000","0.374;0.000;0.000;0.000","0.654;2500000.000;2000000.000;2500000.000","0.665;2500014.920;3000017.905;2000011.936","0.000;0.000;0.000;0.000","0.000;0.000;0.000;0.000","3822629969.419;1000.000;1000.000;1000.000","2255639097.744;999.994;999.994;999.994"
"parsec-blackscholes-simsmall-3",3,60.530,72.770,"1500;2500;3000;2000","3000;4000;2000;3000","1;1;1;1","60.530;49.610;50.430;49.010","72.770;51.170;49.260;50.400","1.027;0.781;0.938;0.640","2.592;1.110;0.640;0.938","0.374;0.000;0.000;0.000","0.379;0.000;0.000;0.000","0.665;2500014.920;3000017.905;2000011.936","0.657;3500000.000;2000000.000;3000000.000","0.000;0.000;0.000;0.000","0.000;0.000;0.000;0.000","2255639097.744;999.994;999.994;999.994","4566210045.662;1142.857;1000.000;1000.000"
"parsec-blackscholes-simsmall-3",4,72.770,113.990,"2500;3500;2000;3000","3500;1000;2500;3500","1;1;1;1","72.770;51.170;49.260;50.400","113.990;48.130;49.740;51.490","2.592;1.110;0.640;0.938","5.997;0.403;0.781;1.110","0.379;0.000;0.000;0.000","0.377;0.000;0.000;0.000","0.657;3500000.000;2000000.000;3000000.000","0.660;1000000.511;2500001.278;3500001.789","0.000;0.000;0.000;0.000","0.000;0.000;0.000;0.000","4566210045.662;1142.857;1000.000;1000.000","5303030303.030;999.999;999.999;999.999"
"parsec-blackscholes-simsmall-3",5,113.990,70.230,"3500;1000;2500;3500","1000;1000;1000;1000","1;1;1;1","113.990;48.130;49.740;51.490","70.230;47.640;48.020;48.350","5.997;0.403;0.781;1.110","0.948;0.403;0.403;0.403","0.377;0.000;0.000;0.000","0.374;0.000;0.000;0.000","0.660;1000000.511;2500001.278;3500001.789","0.666;1000000.000;1000000.000;1000000.000","0.000;0.000;0.000;0.000","0.000;0.000;0.000;0.000","5303030303.030;999.999;999.999;999.999","1501501501.502;1000.000;1000.000;1000.000"
"parsec-blackscholes-simsmall-3",6,70.230,57.310,"1000;1000;1000;1000","1000;3000;2500;3000","1;1;1;1","70.230;47.640;48.020;48.350","57.310;48.650;48.830;48.920","0.948;0.403;0.403;0.403","0.681;0.640;0.640;0.640","0.374;0.000;0.000;0.000","0.381;0.000;0.000;0.000","0.666;1000000.000;1000000.000;1000000.000","0.653;2000020.000;2000020.000;2000020.000","0.000;0.000;0.000;0.000","0.000;0.000;0.000;0.000","1501501501.502;1000.000;1000.000;1000.000","1531393568.147;1499.985;1249.988;1499.985"
"parsec-blackscholes-simsmall-3",7,57.310,64.260,"1000;2000;2000;2000","3500;2500;2500;3500","1;1;1;1","57.310;48.650;48.830;48.920","64.260;49.470;49.640;50.420","0.681;0.640;0.640;0.640","1.777;0.781;0.781;0.938","0.381;0.000;0.000;0.000","0.382;0.000;0.000;0.000","0.653;2000020.000;2000020.000;2000020.000","0.651;2500000.000;2500000.000;3000000.000","0.000;0.000;0.000;0.000","0.000;0.000;0.000;0.000","1531393568.147;1499.985;1249.988;1499.985","5376344086.022;1000.000;1000.000;1166.667"
"parsec-blackscholes-simsmall-3",8,64.260,58.840,"2000;2500;2500;3000","1500;2500;2500;1000","1;1;1;1","64.260;49.470;49.640;50.420","58.840;49.630;49.800;48.130","1.777;0.781;0.781;0.938","1.130;0.781;0.781;0.403","0.382;0.000;0.000;0.000","0.375;0.000;0.000;0.000","0.651;2500000.000;2500000.000;3000000.000","0.664;2500012.876;2500012.876;1000005.150","0.000;0.000;0.000;0.000","0.000;0.000;0.000;0.000","5376344086.022;1000.000;1000.000;1166.667","2259036144.578;999.995;999.995;999.995"
"parsec-blackscholes-simsmall-3",9,58.840,51.680,"1500;2500;2500;1000","1000;4000;4000;1000","1;1;1;1","58.840;49.630;49.800;48.130","51.680;51.200;51.410;47.720","1.130;0.781;0.781;0.403","0.559;1.110;1.110;0.403","0.375;0.000;0.000;0.000","0.376;0.000;0.000;0.000","0.664;2500012.876;2500012.876;1000005.150","0.662;3500115.500;3500115.500;1000033.000","0.000;0.000;0.000;0.000","0.000;0.000;0.000;0.000","2259036144.578;999.995;999.995;999.995","1510574018.127;1142.819;1142.819;999.967"
"parsec-blackscholes-simsmall-3",10,51.680,68.870,"1000;3500;3500;1000","3500;2000;1000;2000","1;1;1;1","51.680;51.200;51.410;47.720","68.870;49.280;48.350;48.750","0.559;1.110;1.110;0.403","2.331;0.640;0.403;0.640","0.376;0.000;0.000;0.000","0.380;0.000;0.000;0.000","0.662;3500115.500;3500115.500;1000033.000","0.656;2000000.000;1000000.000;2000000.000","0.000;0.000;0.000;0.000","0.000;0.000;0.000;0.000","1510574018.127;1142.819;1142.819;999.967","5335365853.659;1000.000;1000.000;1000.000"
"parsec-blackscholes-simsmall-3",11,68.870,68.900,"2000;2000;1000;2000","3000;1500;1000;2000","1;1;1;1","68.870;49.280;48.350;48.750","68.900;48.980;47.840;53.460","2.331;0.640;0.403;0.640","2.328;0.831;0.520;1.350","0.380;0.000;0.000;0.000","0.143;0.214;0.223;0.220","0.656;2000000.000;1000000.000;2000000.000","1.738;1.168;1.122;1.135","0.000;0.000;0.000;0.000","0.000;0.000;0.000;0.000","5335365853.659;1000.000;1000.000;1000.000","1726121979.287;1284246575.342;891265597.148;1762114537.445"
"parsec-blackscholes-simsmall-3",12,68.900,85.450,"3000;1500;1000;2000","3500;1500;2000;3500","1;1;1;1","68.900;48.980;47.840;53.460","52.450;51.700;57.780;85.450","2.328;0.831;0.520;1.350","1.110;0.995;1.700;4.271","0.143;0.214;0.223;0.220","0.000;0.378;0.383;0.377","1.738;1.168;1.122;1.135","3500001.533;0.661;0.652;0.664","0.000;0.000;0.000;0.000","0.000;0.000;0.000;0.000","1726121979.287;1284246575.342;891265597.148;1762114537.445","1000.000;2269288956.127;3067484662.577;5271084337.349"
"parsec-blackscholes-simsmall-3",13,85.450,82.330,"3500;1500;2000;3000","4000;1000;4000;2000","1;1;1;1","52.450;51.700;57.780;85.450","52.470;48.610;82.330;65.900","1.110;0.995;1.700;4.271","1.299;0.549;3.897;1.551","0.000;0.378;0.383;0.377","0.000;0.371;0.382;0.377","3500001.533;0.661;0.652;0.664","4000001.334;0.674;0.654;0.664","0.000;0.000;0.000;0.000","0.000;0.000;0.000;0.000","1000.000;2269288956.127;3067484662.577;5271084337.349","1000.000;1483679525.223;6116207951.070;3012048192.771"
"parsec-blackscholes-simsmall-3",14,82.330,67.170,"4000;1000;3000;2000","2000;3000;1500;1500","1;1;1;1","52.470;48.610;82.330;65.900","49.590;67.170;64.510;61.080","1.299;0.549;3.897;1.551","0.640;2.464;1.361;1.347","0.000;0.371;0.382;0.377","0.000;0.377;0.381;0.374","4000001.334;0.674;0.654;0.664","2000000.884;0.663;0.657;0.668","0.000;0.000;0.000;0.000","0.000;0.000;0.000;0.000","1000.000;1483679525.223;6116207951.070;3012048192.771","1000.000;4524886877.828;2283105022.831;2245508982.036"
"parsec-blackscholes-simsmall-3",15,67.170,95.070,"2000;2000;1500;1500","1000;4000;2000;3000","1;1;1;1","49.590;67.170;64.510;61.080","47.980;95.070;65.380;76.460","0.640;2.464;1.361;1.347","0.403;4.799;1.875;3.066","0.000;0.377;0.381;0.374","0.000;0.374;0.383;0.377","2000000.884;0.663;0.657;0.668","1000001.442;0.668;0.653;0.663","0.000;0.000;0.000;0.000","0.000;0.000;0.000;0.000","1000.000;4524886877.828;2283105022.831;2245508982.036","999.999;5988023952.096;3062787136.294;4524886877.828"
"parsec-blackscholes-simsmall-3",16,95.070,98.380,"1000;3000;2000;2500","3000;1500;3500;3000","1;1;1;1","47.980;95.070;65.380;76.460","48.790;64.650;96.560;98.380","0.403;4.799;1.875;3.066","0.640;1.069;4.891;4.823","0.000;0.374;0.383;0.377","0.000;0.375;0.383;0.377","1000001.442;0.668;0.653;0.663","2000000.675;0.667;0.653;0.664","0.000;0.000;0.000;0.000","0.000;0.000;0.000;0.000","999.999;5988023952.096;3062787136.294;4524886877.828","1499.999;2248875562.219;5359877488.515;4518072289.157"
"parsec-blackscholes-simsmall-3",17,98.380,91.020,"2000;1500;3000;3000","1000;2500;1500;2500","1;1;1;1","48.790;64.650;96.560;98.380","47.780;82.880;66.780;91.020","0.640;1.069;4.891;4.823","0.403;3.501;1.189;3.516","0.000;0.375;0.383;0.377","0.000;0.374;0.379;0.377","2000000.675;0.667;0.653;0.664","1000000.446;0.668;0.660;0.664","0.000;0.000;0.000;0.000","0.000;0.000;0.000;0.000","1499.999;2248875562.219;5359877488.515;4518072289.157","1000.000;3742514970.060;2272727272.727;3765060240.964"
"parsec-blackscholes-simsmall-3",18,91.020,119.240,"1000;2500;1500;2500","3000;1000;2500;4000","1;1;1;1","47.780;82.880;66.780;91.020","48.720;57.820;75.320;119.240","0.403;3.501;1.189;3.516","0.640;0.573;2.768;6.406","0.000;0.374;0.379;0.377","0.000;0.378;0.383;0.377","1000000.446;0.668;0.660;0.664","2000000.675;0.662;0.653;0.664","0.000;0.000;0.000;0.000","0.000;0.000;0.000;0.000","1000.000;3742514970.060;2272727272.727;3765060240.964","1499.999;1510574018.127;3828483920.368;6024096385.542"
"parsec-blackscholes-simsmall-3",19,119.240,72.570,"2000;1000;2500;3500","1000;1000;1000;1000","1;1;1;1","48.720;57.820;75.320;119.240","47.750;56.680;61.140;72.570","0.640;0.573;2.768;6.406","0.403;0.988;1.008;0.996","0.000;0.378;0.383;0.377","0.000;0.371;0.383;0.375","2000000.675;0.662;0.653;0.664","1000001.337;0.674;0.653;0.666","0.000;0.000;0.000;0.000","0.000;0.000;0.000;0.000","1499.999;1510574018.127;3828483920.368;6024096385.542","999.999;1483679525.223;1531393568.147;1501501501.502"
"parsec-blackscholes-simsmall-3",20,72.570,71.940,"1000;1000;1000;1000","3000;1000;3500;1500","1;1;1;1","47.750;56.680;61.140;72.570","48.710;52.620;71.940;64.700","0.403;0.988;1.008;0.996","0.640;0.702;2.490;1.354","0.000;0.371;0.383;0.375","0.000;0.379;0.382;0.378","1000001.337;0.674;0.653;0.666","2000002.382;0.660;0.654;0.662","0.000;0.000;0.000;0.000","0.000;0.000;0.000;0.000","999.999;1483679525.223;1531393568.147;1501501501.502","1499.998;1515151515.152;5351681957.187;2265861027.190"
"parsec-blackscholes-simsmall-3",21,71.940,66.210,"2000;1000;2000;1500","3500;1500;1000;2000","1;1;1;1","48.710;52.620;71.940;64.700","50.260;54.280;55.390;66.210","0.640;0.702;2.490;1.354","0.938;1.067;0.604;1.855","0.000;0.379;0.382;0.378","0.000;0.373;0.382;0.377","2000002.382;0.660;0.654;0.662","3000060.138;0.671;0.655;0.664","0.000;0.000;0.000;0.000","0.000;0.000;0.000;0.000","1499.998;1515151515.152;5351681957.187;2265861027.190","1166.643;2235469448.584;1526717557.252;3012048192.771"
"parsec-blackscholes-simsmall-3",22,66.210,70.480,"3000;1500;1000;2000","3500;3000;2500;2000","1;1;1;1","50.260;54.280;55.390;66.210","51.340;70.480;61.270;63.960","0.938;1.067;0.604;1.855","1.110;2.729;1.698;1.677","0.000;0.373;0.382;0.377","0.000;0.375;0.383;0.375","3000060.138;0.671;0.655;0.664","3500002.418;0.666;0.653;0.667","0.000;0.000;0.000;0.000","0.000;0.000;0.000;0.000","1166.643;2235469448.584;1526717557.252;3012048192.771","999.999;4504504504.505;3828483920.368;2998500749.625"
"parsec-blackscholes-simsmall-3",23,70.480,89.430,"3500;2500;2000;2000","3500;1000;3500;4000","1;1;1;1","51.340;70.480;61.270;63.960","51.550;54.010;89.010;89.430","1.110;2.729;1.698;1.677","1.110;0.572;4.327;4.270","0.000;0.375;0.383;0.375","0.000;0.375;0.383;0.377","3500002.418;0.666;0.653;0.667","3500000.168;0.666;0.653;0.664","0.000;0.000;0.000;0.000","0.000;0.000;0.000;0.000","999.999;4504504504.505;3828483920.368;2998500749.625","1000.000;1501501501.502;5359877488.515;6024096385.542"
"parsec-blackscholes-simsmall-3",24,89.430,138.220,"3500;1000;3000;3000","1000;1500;4000;1500","1;1;1;1","51.550;54.010;89.010;89.430","48.290;53.210;138.220;62.270","1.110;0.572;4.327;4.270","0.403;0.932;8.393;0.936","0.000;0.375;0.383;0.377","0.000;0.376;0.382;0.379","3500000.168;0.666;0.653;0.664","1000000.361;0.665;0.655;0.660","0.000;0.000;0.000;0.000","0.000;0.000;0.000;0.000","1000.000;1501501501.502;5359877488.515;6024096385.542","1000.000;2255639097.744;6106870229.008;2272727272.727"
"parsec-blackscholes-simsmall-3",25,138.220,76.910,"1000;1500;4000;1500","1000;1000;1000;1000","1;1;1;1","48.290;53.210;138.220;62.270","47.730;54.660;76.910;58.050","0.403;0.932;8.393;0.936","0.403;0.992;1.009;0.994","0.000;0.376;0.382;0.379","0.000;0.373;0.383;0.374","1000000.361;0.665;0.655;0.660","1000003.341;0.670;0.652;0.668","0.000;0.000;0.000;0.000","0.000;0.000;0.000;0.000","1000.000;2255639097.744;6106870229.008;2272727272.727","999.997;1492537313.433;1533742331.288;1497005988.024"
"parsec-blackscholes-simsmall-3",26,76.910,77.620,"1000;1000;1000;1000","1000;3000;3500;3500","1;1;1;1","47.730;54.660;76.910;58.050","47.600;68.900;77.620;70.700","0.403;0.992;1.009;0.994","0.403;2.451;2.487;2.466","0.000;0.373;0.383;0.374","0.000;0.375;0.382;0.378","1000003.341;0.670;0.652;0.668","1000000.361;0.667;0.655;0.662","0.000;0.000;0.000;0.000","0.000;0.000;0.000;0.000","999.997;1492537313.433;1533742331.288;1497005988.024","1000.000;4497751124.438;5343511450.382;5287009063.444"
"parsec-blackscholes-simsmall-3",27,77.620,100.860,"1000;2000;2000;2000","2500;2500;3000;3000","1;1;1;1","47.600;68.900;77.620;70.700","48.680;77.740;100.860;97.090","0.403;2.451;2.487;2.466","0.640;3.055;4.879;4.824","0.000;0.375;0.382;0.378","0.000;0.375;0.382;0.377","1000000.361;0.667;0.655;0.662","2000000.683;0.666;0.655;0.664","0.000;0.000;0.000;0.000","0.000;0.000;0.000;0.000","1000.000;4497751124.438;5343511450.382;5287009063.444","1250.000;3753753753.754;4580152671.756;4518072289.157"
"parsec-blackscholes-simsmall-3",28,100.860,87.790,"2000;2500;3000;3000","3500;2000;2500;1500","1;1;1;1","48.680;77.740;100.860;97.090","50.260;68.150;87.790;65.730","0.640;3.055;4.879;4.824","0.938;1.852;3.104;1.070","0.000;0.375;0.382;0.377","0.000;0.376;0.383;0.375","2000000.683;0.666;0.655;0.664","3000001.096;0.665;0.652;0.667","0.000;0.000;0.000;0.000","0.000;0.000;0.000;0.000","1250.000;3753753753.754;4580152671.756;4518072289.157","1166.666;3007518796.992;3834355828.221;2248875562.219"
"parsec-blackscholes-simsmall-3",29,87.790,103.630,"3000;2000;2500;1500","1000;3000;3000;2500","1;1;1;1","50.260;68.150;87.790;65.730","48.030;96.610;103.630;78.490","0.938;1.852;3.104;1.070","0.403;4.810;4.890;3.059","0.000;0.376;0.383;0.375","0.000;0.375;0.383;0.376","3000001.096;0.665;0.652;0.667","1000000.365;0.666;0.653;0.665","0.000;0.000;0.000;0.000","0.000;0.000;0.000;0.000","1166.666;3007518796.992;3834355828.221;2248875562.219","1000.000;4504504504.505;4594180704.441;3759398496.241"
"parsec-blackscholes-simsmall-3",30,103.630,138.790,"1000;3000;3000;2500","4000;4000;3500;2500","1;1;1;1","48.030;96.610;103.630;78.490","48.780;138.790;116.040;74.800","0.403;4.810;4.890;3.059","0.640;8.245;5.814;2.499","0.000;0.375;0.383;0.376","0.000;0.374;0.382;0.378","1000000.365;0.666;0.653;0.665","2000019.020;0.668;0.654;0.661","0.000;0.000;0.000;0.000","0.000;0.000;0.000;0.000","1000.000;4504504504.505;4594180704.441;3759398496.241","1999.981;5988023952.096;5351681957.187;3782148260.212"
"parsec-blackscholes-simsmall-3",31,138.790,77.270,"2000;4000;3500;2500","1000;1000;1000;1000","1;1;1;1","48.780;138.790;116.040;74.800","47.780;77.270;72.510;61.050","0.640;8.245;5.814;2.499","0.403;0.998;1.005;0.995","0.000;0.374;0.382;0.378","0.000;0.377;0.381;0.375","2000019.020;0.668;0.654;0.661","1000000.510;0.663;0.656;0.667","0.000;0.000;0.000;0.000","0.000;0.000;0.000;0.000","1999.981;5988023952.096;5351681957.187;3782148260.212","999.999;1508295625.943;1524390243.902;1499250374.813"
"parsec-blackscholes-simsmall-3",32,77.270,77.450,"1000;1000;1000;1000","3000;2500;1500;3500","1;1;1;1","47.780;77.270;72.510;61.050","48.730;77.450;65.140;71.710","0.403;0.998;1.005;0.995","0.640;2.450;1.368;2.464","0.000;0.377;0.381;0.375","0.000;0.374;0.384;0.377","1000000.510;0.663;0.656;0.667","2000001.065;0.668;0.651;0.663","0.000;0.000;0.000;0.000","0.000;0.000;0.000;0.000","999.999;1508295625.943;1524390243.902;1499250374.813","1499.999;3742514970.060;2304147465.438;5279034690.799"
"parsec-blackscholes-simsmall-3",33,77.450,97.560,"2000;2000;1500;2000","3000;1000;3000;4000","1;1;1;1","48.730;77.450;65.140;71.710","50.290;58.060;79.080;97.560","0.640;2.450;1.368;2.464","0.938;0.602;3.091;4.823","0.000;0.374;0.384;0.377","0.000;0.378;0.382;0.377","2000001.065;0.668;0.651;0.663","3000022.102;0.662;0.655;0.664","0.000;0.000;0.000;0.000","0.000;0.000;0.000;0.000","1499.999;3742514970.060;2304147465.438;5279034690.799","999.993;1510574018.127;4580152671.756;6024096385.542"
"parsec-blackscholes-simsmall-3",34,97.560,64.450,"3000;1000;2500;3000","4000;1500;1500;1500","1;1;1;1","50.290;58.060;79.080;97.560","52.250;55.340;60.340;64.450","0.938;0.602;3.091;4.823","1.299;0.929;0.939;0.934","0.000;0.378;0.382;0.377","0.000;0.373;0.382;0.378","3000022.102;0.662;0.655;0.664","4000001.870;0.670;0.654;0.662","0.000;0.000;0.000;0.000","0.000;0.000;0.000;0.000","999.993;1510574018.127;4580152671.756;6024096385.542","1000.000;2238805970.149;2293577981.651;2265861027.190"
"parsec-blackscholes-simsmall-3",35,64.450,63.060,"4000;1500;1500;1500","3500;2000;2000;1000","1;1;1;1","52.250;55.340;60.340;64.450","51.740;61.070;63.060;54.100","1.299;0.929;0.939;0.934","1.110;1.675;1.699;0.573","0.000;0.373;0.382;0.378","0.000;0.374;0.383;0.377","4000001.870;0.670;0.654;0.662","3500005.137;0.668;0.653;0.664","0.000;0.000;0.000;0.000","0.000;0.000;0.000;0.000","1000.000;2238805970.149;2293577981.651;2265861027.190","999.999;2994011976.048;3062787136.294;1506024096.386"
"parsec-blackscholes-simsmall-3",36,63.060,94.490,"3500;2000;2000;1000","1000;4000;1000;1000","1;1;1;1","51.740;61.070;63.060;54.100","48.360;94.490;53.400;51.280","1.110;1.675;1.699;0.573","0.403;4.806;0.604;0.599","0.000;0.374;0.383;0.377","0.000;0.375;0.383;0.373","3500005.137;0.668;0.653;0.664","1000000.468;0.667;0.653;0.670","0.000;0.000;0.000;0.000","0.000;0.000;0.000;0.000","999.999;2994011976.048;3062787136.294;1506024096.386","1000.000;5997001499.250;1531393568.147;1492537313.433"
"parsec-blackscholes-simsmall-3",37,94.490,138.370,"1000;3000;1000;1000","2000;4000;2000;2000","1;1;1;1","48.360;94.490;53.400;51.280","48.900;138.370;59.170;58.350","0.403;4.806;0.604;0.599","0.640;8.281;1.563;1.556","0.000;0.375;0.383;0.373","0.000;0.376;0.382;0.379","1000000.468;0.667;0.653;0.670","2000018.528;0.665;0.655;0.660","0.000;0.000;0.000;0.000","0.000;0.000;0.000;0.000","1000.000;5997001499.250;1531393568.147;1492537313.433","999.991;6015037593.985;3053435114.504;3030303030.303"
"parsec-blackscholes-simsmall-3",38,138.370,76.920,"2000;4000;2000;2000","1000;1000;1000;1000","1;1;1;1","48.900;138.370;59.170;58.350","47.830;76.920;56.560;55.950","0.640;8.281;1.563;1.556","0.403;0.990;1.009;0.991","0.000;0.376;0.382;0.379","0.000;0.372;0.384;0.372","2000018.528;0.665;0.655;0.660","1000000.468;0.672;0.651;0.672","0.000;0.000;0.000;0.000","0.000;0.000;0.000;0.000","999.991;6015037593.985;3053435114.504;3030303030.303","1000.000;1488095238.095;1536098310.292;1488095238.095"
"parsec-blackscholes-simsmall-3",39,76.920,70.130,"1000;1000;1000;1000","2500;1500;3500;3000","1;1;1;1","47.830;76.920;56.560;55.950","48.760;66.180;70.130;69.640","0.403;0.990;1.009;0.991","0.640;1.352;2.486;2.470","0.000;0.372;0.384;0.372","0.000;0.377;0.382;0.378","1000000.468;0.672;0.651;0.672","2000001.199;0.663;0.655;0.661","0.000;0.000;0.000;0.000","0.000;0.000;0.000;0.000","1000.000;1488095238.095;1536098310.292;1488095238.095","1249.999;2262443438.914;5343511450.382;4538577912.254"
"parsec-blackscholes-simsmall-3",40,70.130,79.000,"2000;1500;2000;2000","3000;2500;3500;1000","1;1;1;1","48.760;66.180;70.130;69.640","50.300;79.000;63.750;54.270","0.640;1.352;2.486;2.470","0.938;3.049;1.924;0.599","0.000;0.377;0.382;0.378","0.000;0.375;0.095;0.373","2000001.199;0.663;0.655;0.661","3000001.108;0.667;2.619;0.670","0.000;0.000;0.000;0.000","0.000;0.000;0.000;0.000","1249.999;2262443438.914;5343511450.382;4538577912.254","1000.000;3748125937.031;1336387934.326;1492537313.433"
"parsec-blackscholes-simsmall-3",41,79.000,60.250,"3000;2500;3000;1000","4000;1500;2500;3500","1;1;1;1","50.300;79.000;63.750;54.270","52.250;60.250;51.200;59.080","0.938;3.049;1.924;0.599","1.299;0.929;0.781;1.554","0.000;0.375;0.095;0.373","0.000;0.373;0.000;0.378","3000001.108;0.667;2.619;0.670","4000002.139;0.670;2500001.337;0.661","0.000;0.000;0.000;0.000","0.000;0.000;0.000;0.000","1000.000;3748125937.031;1336387934.326;1492537313.433","999.999;2238805970.149;999.999;5295007564.297"
"parsec-blackscholes-simsmall-3",42,60.250,62.840,"4000;1500;2500;2000","1000;2000;3500;2000","1;1;1;1","52.250;60.250;51.200;59.080","48.420;62.840;51.670;50.050","1.299;0.929;0.781;1.554","0.403;1.682;1.110;0.680","0.000;0.373;0.000;0.378","0.000;0.377;0.000;0.015","4000002.139;0.670;2500001.337;0.661","1000000.035;0.663;3500000.122;17.124","0.000;0.000;0.000;0.000","0.000;0.000;0.000;0.000","999.999;2238805970.149;999.999;5295007564.297","1000.000;3016591251.885;1000.000;116795141.322"
"parsec-blackscholes-simsmall-3",43,62.840,67.630,"1000;2000;3500;2000","2000;2000;2500;2000","1;1;1;1","48.420;62.840;51.670;50.050","48.900;67.630;50.340;49.150","0.403;1.682;1.110;0.680","0.640;2.090;0.781;0.640","0.000;0.377;0.000;0.015","0.000;0.375;0.000;0.000","1000000.035;0.663;3500000.122;17.124","2000000.069;0.667;2500000.087;2000000.069","0.000;0.000;0.000;0.000","0.000;0.000;0.000;0.000","1000.000;3016591251.885;1000.000;116795141.322","1000.000;2998500749.625;1000.000;1000.000"
"parsec-blackscholes-simsmall-3",44,67.630,52.170,"2000;2000;2500;2000","1000;2000;2000;2500","1;1;1;1","48.900;67.630;50.340;49.150","48.840;52.170;49.420;49.790","0.640;2.090;0.781;0.640","0.684;0.644;0.640;0.781","0.000;0.375;0.000;0.000","0.470;0.000;0.000;0.000","2000000.069;0.667;2500000.087;2000000.069","0.530;268.240;2000000.069;2500000.087","0.000;0.000;0.000;0.000","0.000;0.000;0.000;0.000","1000.000;2998500749.625;1000.000;1000.000","1886792452.830;7456009.544;1000.000;1000.000"
"parsec-blackscholes-simsmall-3",45,52.170,61.710,"1000;2000;2000;2500","2500;1500;4000;4000","1;1;1;1","48.840;52.170;49.420;49.790","61.710;48.490;50.640;51.470","0.684;0.644;0.640;0.781","1.910;0.514;0.938;1.110","0.470;0.000;0.000;0.000","0.486;0.000;0.000;0.000","0.530;268.240;2000000.069;2500000.087","0.512;1500001.552;3000003.104;3500003.622","0.000;0.000;0.000;0.000","0.000;0.000;0.000;0.000","1886792452.830;7456009.544;1000.000;1000.000","4882812500.000;999.999;1333.332;1142.856"
"parsec-blackscholes-simsmall-3",46,61.710,64.940,"2000;1500;3000;3500","2000;2000;3500;2500","1;1;1;1","61.710;48.490;50.640;51.470","64.940;48.920;51.670;50.230","1.910;0.514;0.938;1.110","1.907;0.640;1.110;0.781","0.486;0.000;0.000;0.000","0.484;0.000;0.000;0.000","0.512;1500001.552;3000003.104;3500003.622","0.514;2000004.069;3500007.122;2500005.087","0.000;0.000;0.000;0.000","0.000;0.000;0.000;0.000","4882812500.000;999.999;1333.332;1142.856","3891050583.658;999.998;999.998;999.998"
"parsec-blackscholes-simsmall-3",0,82.560,52.810,"4000;4000;4000;4000","1500;2500;2000;2500","1;1;1;1","82.560;49.880;52.380;49.650","52.810;48.720;48.110;48.790","4.424;0.938;1.299;0.640","1.131;0.781;0.640;0.781","0.477;0.000;0.000;0.000","0.376;0.000;0.000;0.000","0.522;1315836.794;1754449.059;877224.530","0.662;2500004.652;2000003.721;2500004.652","0.000;0.000;0.000;0.000","0.000;0.000;0.000;0.000","-1915708.812;-0.760;-0.570;-1.140","2265861027.190;999.998;999.998;999.998"
"parsec-blackscholes-simsmall-3",1,52.810,73.900,"1500;2500;2000;2500","3000;2500;3500;2000","1;1;1;1","52.810;48.720;48.110;48.790","73.900;49.380;50.140;48.840","1.131;0.781;0.640;0.781","2.929;0.781;0.938;0.640","0.376;0.000;0.000;0.000","0.385;0.000;0.000;0.000","0.662;2500004.652;2000003.721;2500004.652","0.647;2500000.000;3000000.000;2000000.000","0.000;0.000;0.000;0.000","0.000;0.000;0.000;0.000","2265861027.190;999.998;999.998;999.998","4636785162.287;1000.000;1166.667;1000.000"
"parsec-blackscholes-simsmall-3",2,73.900,113.660,"2500;2500;3000;2000","3500;2000;1500;2000","1;1;1;1","73.900;49.380;50.140;48.840","113.660;48.880;48.550;48.910","2.929;0.781;0.938;0.640","6.003;0.640;0.514;0.640","0.385;0.000;0.000;0.000","0.378;0.000;0.000;0.000","0.647;2500000.000;3000000.000;2000000.000","0.658;2000000.554;1500000.416;2000000.554","0.000;0.000;0.000;0.000","0.000;0.000;0.000;0.000","4636785162.287;1000.000;1166.667;1000.000","5319148936.170;1000.000;1000.000;1000.000"
"parsec-blackscholes-simsmall-3",3,113.660,70.120,"3500;2000;1500;2000","1000;1000;1000;1000","1;1;1;1","113.660;48.880;48.550;48.910","70.120;47.710;47.760;47.810","6.003;0.640;0.514;0.640","0.972;0.403;0.403;0.403","0.378;0.000;0.000;0.000","0.392;0.000;0.000;0.000","0.658;2000000.554;1500000.416;2000000.554","0.638;1000000.000;1000000.000;1000000.000","0.000;0.000;0.000;0.000","0.000;0.000;0.000;0.000","5319148936.170;1000.000;1000.000;1000.000","1567398119.122;1000.000;1000.000;1000.000"
"parsec-blackscholes-simsmall-3",4,70.120,74.900,"1000;1000;1000;1000","4000;3500;1000;3000","1;1;1;1","70.120;47.710;47.760;47.810","74.900;48.640;47.600;48.750","0.972;0.403;0.403;0.403","2.345;0.640;0.403;0.640","0.392;0.000;0.000;0.000","0.382;0.000;0.000;0.000","0.638;1000000.000;1000000.000;1000000.000","0.652;2000000.000;1000000.000;2000000.000","0.000;0.000;0.000;0.000","0.000;0.000;0.000;0.000","1567398119.122;1000.000;1000.000;1000.000","6134969325.153;1750.000;1000.000;1500.000"
"parsec-blackscholes-simsmall-3",5,74.900,56.580,"2000;2000;1000;2000","1000;1000;2500;4000","1;1;1;1","74.900;48.640;47.600;48.750","56.580;47.680;48.710;50.350","2.345;0.640;0.403;0.640","0.586;0.403;0.640;0.938","0.382;0.000;0.000;0.000","0.377;0.000;0.000;0.000","0.652;2000000.000;1000000.000;2000000.000","0.660;1000000.000;2000000.000;3000000.000","0.000;0.000;0.000;0.000","0.000;0.000;0.000;0.000","6134969325.153;1750.000;1000.000;1500.000","1515151515.152;1000.000;1250.000;1333.333"
"parsec-blackscholes-simsmall-3",6,56.580,54.490,"1000;1000;2000;3000","1500;1500;1500;4000","1;1;1;1","56.580;47.680;48.710;50.350","54.490;48.040;48.310;52.370","0.586;0.403;0.640;0.938","0.898;0.514;0.514;1.299","0.377;0.000;0.000;0.000","0.374;0.000;0.000;0.000","0.660;1000000.000;2000000.000;3000000.000","0.665;1500010.868;1500010.868;4000028.981","0.000;0.000;0.000;0.000","0.000;0.000;0.000;0.000","1515151515.152;1000.000;1250.000;1333.333","2255639097.744;999.993;999.993;999.993"
"parsec-blackscholes-simsmall-3",7,54.490,80.790,"1500;1500;1500;4000","2500;1500;2500;1500","1;1;1;1","54.490;48.040;48.310;52.370","80.790;48.100;49.530;49.050","0.898;0.514;0.514;1.299","3.358;0.514;0.781;0.514","0.374;0.000;0.000;0.000","0.385;0.000;0.000;0.000","0.665;1500010.868;1500010.868;4000028.981","0.646;1500000.000;2500000.000;1500000.000","0.000;0.000;0.000;0.000","0.000;0.000;0.000;0.000","2255639097.744;999.993;999.993;999.993","3869969040.248;1000.000;1000.000;1000.000"
"parsec-blackscholes-simsmall-3",8,80.790,115.400,"2500;1500;2500;1500","3500;1500;2500;1500","1;1;1;1","80.790;48.100;49.530;49.050","115.400;48.110;49.760;48.460","3.358;0.514;0.781;0.514","5.957;0.514;0.781;0.514","0.385;0.000;0.000;0.000","0.374;0.000;0.000;0.000","0.646;1500000.000;2500000.000;1500000.000","0.665;1500000.295;2500000.492;1500000.295","0.000;0.000;0.000;0.000","0.000;0.000;0.000;0.000","3869969040.248;1000.000;1000.000;1000.000","5263157894.737;1000.000;1000.000;1000.000"
"parsec-blackscholes-simsmall-3",9,115.400,70.940,"3500;1500;2500;1500","1000;1000;1000;1000","1;1;1;1","115.400;48.110;49.760;48.460","70.940;47.590;48.010;47.780","5.957;0.514;0.781;0.514","0.961;0.403;0.403;0.403","0.374;0.000;0.000;0.000","0.383;0.000;0.000;0.000","0.665;1500000.295;2500000.492;1500000.295","0.650;1000012.000;1000012.000;1000012.000","0.000;0.000;0.000;0.000","0.000;0.000;0.000;0.000","5263157894.737;1000.000;1000.000;1000.000","1538461538.462;999.988;999.988;999.988"
"parsec-blackscholes-simsmall-3",10,70.940,70.340,"1000;1000;1000;1000","2000;2000;3500;3500","1;1;1;1","70.940;47.590;48.010;47.780","70.340;49.950;50.120;50.060","0.961;0.403;0.403;0.403","1.953;1.045;1.057;1.054","0.383;0.000;0.000;0.000","0.290;0.084;0.086;0.085","0.650;1000012.000;1000012.000;1000012.000","0.859;2.981;2.899;2.925","0.000;0.000;0.000;0.000","0.000;0.000;0.000;0.000","1538461538.462;999.988;999.988;999.988","2328288707.800;670915800.067;1207312866.506;1196581196.581"
"parsec-blackscholes-simsmall-3",11,70.340,67.400,"2000;2000;2000;2000","2000;1000;1000;2000","1;1;1;1","70.340;49.950;50.120;50.060","53.510;49.630;49.920;67.400","1.953;1.045;1.057;1.054","0.640;0.687;0.706;2.472","0.290;0.084;0.086;0.085","0.000;0.359;0.384;0.379","0.859;2.981;2.899;2.925","2000049.000;0.696;0.651;0.660","0.000;0.000;0.000;0.000","0.000;0.000;0.000;0.000","2328288707.800;670915800.067;1207312866.506;1196581196.581","999.976;1436781609.195;1536098310.292;3030303030.303"
"parsec-blackscholes-simsmall-3",12,67.400,77.080,"2000;1000;1000;2000","3500;2500;2500;2500","1;1;1;1","53.510;49.630;49.920;67.400","50.400;59.950;60.600;77.080","0.640;0.687;0.706;2.472","0.938;1.817;1.866;3.070","0.000;0.359;0.384;0.379","0.000;0.365;0.380;0.378","2000049.000;0.696;0.651;0.660","3000000.300;0.685;0.658;0.662","0.000;0.000;0.000;0.000","0.000;0.000;0.000;0.000","999.976;1436781609.195;1536098310.292;3030303030.303","1166.667;3649635036.496;3799392097.264;3776435045.317"
"parsec-blackscholes-simsmall-3",13,77.080,92.330,"3000;2000;2000;2500","1500;3000;1000;2000","1;1;1;1","50.400;59.950;60.600;77.080","48.620;92.330;51.560;67.680","0.938;1.817;1.866;3.070","0.514;4.717;0.606;1.851","0.000;0.365;0.380;0.378","0.000;0.366;0.385;0.375","3000000.300;0.685;0.658;0.662","1500004.500;0.683;0.649;0.666","0.000;0.000;0.000;0.000","0.000;0.000;0.000;0.000","1166.667;3649635036.496;3799392097.264;3776435045.317","999.997;4392386530.015;1540832049.307;3003003003.003"
"parsec-blackscholes-simsmall-3",14,92.330,73.560,"1500;3000;1000;2000","2500;2000;3500;1500","1;1;1;1","48.620;92.330;51.560;67.680","49.570;73.560;64.180;59.720","0.514;4.717;0.606;1.851","0.781;2.051;2.111;1.191","0.000;0.366;0.385;0.375","0.000;0.364;0.380;0.381","1500004.500;0.683;0.649;0.666","2500001.088;0.686;0.658;0.657","0.000;0.000;0.000;0.000","0.000;0.000;0.000;0.000","999.997;4392386530.015;1540832049.307;3003003003.003","1000.000;2915451895.044;5319148936.170;2283105022.831"
"parsec-blackscholes-simsmall-3",15,73.560,97.080,"2500;2000;2000;1500","2000;3500;2000;1000","1;1;1;1","49.570;73.560;64.180;59.720","49.050;97.080;64.570;52.230","0.781;2.051;2.111;1.191","0.640;4.721;1.879;0.601","0.000;0.364;0.380;0.381","0.000;0.367;0.384;0.375","2500001.088;0.686;0.658;0.657","2000028.008;0.682;0.651;0.666","0.000;0.000;0.000;0.000","0.000;0.000;0.000;0.000","1000.000;2915451895.044;5319148936.170;2283105022.831","999.986;5131964809.384;3072196620.584;1501501501.502"
"parsec-blackscholes-simsmall-3",16,97.080,95.900,"2000;3000;2000;1000","2000;1000;4000;1500","1;1;1;1","49.050;97.080;64.570;52.230","48.960;61.770;95.900;54.360","0.640;4.721;1.879;0.601","0.640;0.597;4.883;1.077","0.000;0.367;0.384;0.375","0.000;0.369;0.382;0.379","2000028.008;0.682;0.651;0.666","2000000.208;0.678;0.654;0.659","0.000;0.000;0.000;0.000","0.000;0.000;0.000;0.000","999.986;5131964809.384;3072196620.584;1501501501.502","1000.000;1474926253.687;6116207951.070;2276176024.279"
"parsec-blackscholes-simsmall-3",17,95.900,74.290,"2000;1000;3000;1500","3500;4000;1500;3000","1;1;1;1","48.960;61.770;95.900;54.360","50.340;64.960;65.160;74.290","0.640;0.597;4.883;1.077","0.938;1.818;1.079;3.063","0.000;0.369;0.382;0.379","0.000;0.365;0.381;0.377","2000000.208;0.678;0.654;0.659","3000001.012;0.684;0.656;0.663","0.000;0.000;0.000;0.000","0.000;0.000;0.000;0.000","1000.000;1474926253.687;6116207951.070;2276176024.279","1166.666;5847953216.374;2286585365.854;4524886877.828"
"parsec-blackscholes-simsmall-3",18,74.290,113.910,"3000;2000;1500;2500","1000;3000;2500;3500","1;1;1;1","50.340;64.960;65.160;74.290","48.060;88.700;74.780;113.910","0.938;1.818;1.079;3.063","0.403;4.177;2.767;6.435","0.000;0.365;0.381;0.377","0.000;0.366;0.383;0.378","3000001.012;0.684;0.656;0.663","1000000.737;0.683;0.653;0.661","0.000;0.000;0.000;0.000","0.000;0.000;0.000;0.000","1166.666;5847953216.374;2286585365.854;4524886877.828","999.999;4392386530.015;3828483920.368;5295007564.297"
"parsec-blackscholes-simsmall-3",19,113.910,70.120,"1000;3000;2500;3500","1000;1000;1000;1000","1;1;1;1","48.060;88.700;74.780;113.910","47.670;63.770;60.860;70.120","0.403;4.177;2.767;6.435","0.403;0.973;1.006;0.999","0.000;0.366;0.383;0.378","0.000;0.361;0.382;0.377","1000000.737;0.683;0.653;0.661","1000000.737;0.692;0.655;0.663","0.000;0.000;0.000;0.000","0.000;0.000;0.000;0.000","999.999;4392386530.015;3828483920.368;5295007564.297","999.999;1445086705.202;1526717557.252;1508295625.943"
"parsec-blackscholes-simsmall-3",20,70.120,71.860,"1000;1000;1000;1000","1000;3000;2000;1500","1;1;1;1","47.670;63.770;60.860;70.120","47.580;71.860;71.740;63.380","0.403;0.973;1.006;0.999","0.403;2.407;2.485;1.352","0.000;0.361;0.382;0.377","0.000;0.365;0.382;0.377","1000000.737;0.692;0.655;0.663","1000000.584;0.684;0.655;0.664","0.000;0.000;0.000;0.000","0.000;0.000;0.000;0.000","999.999;1445086705.202;1526717557.252;1508295625.943","999.999;4385964912.281;3053435114.504;2259036144.578"
"parsec-blackscholes-simsmall-3",21,71.860,96.480,"1000;2000;2000;1500","1500;4000;1500;3500","1;1;1;1","47.580;71.860;71.740;63.380","48.080;96.480;59.510;77.680","0.403;2.407;2.485;1.352","0.514;4.716;1.083;3.063","0.000;0.365;0.382;0.377","0.000;0.366;0.383;0.377","1000000.584;0.684;0.655;0.664","1500055.012;0.683;0.652;0.663","0.000;0.000;0.000;0.000","0.000;0.000;0.000;0.000","999.999;4385964912.281;3053435114.504;2259036144.578","999.963;5856515373.353;2300613496.933;5279034690.799"
"parsec-blackscholes-simsmall-3",22,96.480,99.270,"1500;3000;1500;2500","2000;1000;2500;3000","1;1;1;1","48.080;96.480;59.510;77.680","48.760;61.570;76.570;99.270","0.514;4.716;1.083;3.063","0.640;0.597;3.090;4.838","0.000;0.366;0.383;0.377","0.000;0.369;0.381;0.378","1500055.012;0.683;0.652;0.663","2000001.349;0.678;0.656;0.662","0.000;0.000;0.000;0.000","0.000;0.000;0.000;0.000","999.963;5856515373.353;2300613496.933;5279034690.799","999.999;1474926253.687;3810975609.756;4531722054.381"
"parsec-blackscholes-simsmall-3",23,99.270,86.420,"2000;1000;2500;3000","4000;2000;2000;2500","1;1;1;1","48.760;61.570;76.570;99.270","50.280;64.930;68.210;86.420","0.640;0.597;3.090;4.838","0.938;1.819;1.872;3.070","0.000;0.369;0.381;0.378","0.000;0.365;0.382;0.378","2000001.349;0.678;0.656;0.662","3000000.559;0.684;0.655;0.661","0.000;0.000;0.000;0.000","0.000;0.000;0.000;0.000","999.999;1474926253.687;3810975609.756;4531722054.381","1333.333;2923976608.187;3053435114.504;3782148260.212"
"parsec-blackscholes-simsmall-3",24,86.420,89.250,"3000;2000;2000;2500","2000;2500;1000;2500","1;1;1;1","50.280;64.930;68.210;86.420","49.160;82.030;55.110;89.250","0.938;1.819;1.872;3.070","0.640;3.438;0.644;3.538","0.000;0.365;0.382;0.378","0.000;0.365;0.381;0.379","3000000.559;0.684;0.655;0.661","2000009.149;0.684;0.656;0.659","0.000;0.000;0.000;0.000","0.000;0.000;0.000;0.000","1333.333;2923976608.187;3053435114.504;3782148260.212","999.995;3654970760.234;1524390243.902;3793626707.132"
"parsec-blackscholes-simsmall-3",25,89.250,119.050,"2000;2500;1000;2500","1500;3000;3500;3500","1;1;1;1","49.160;82.030;55.110;89.250","48.390;92.790;61.230;119.050","0.640;3.438;0.644;3.538","0.514;4.179;1.700;6.416","0.000;0.365;0.381;0.379","0.000;0.367;0.383;0.377","2000009.149;0.684;0.656;0.659","1500000.365;0.682;0.652;0.663","0.000;0.000;0.000;0.000","0.000;0.000;0.000;0.000","999.995;3654970760.234;1524390243.902;3793626707.132","1000.000;4398826979.472;5368098159.509;5279034690.799"
"parsec-blackscholes-simsmall-3",26,119.050,72.650,"1500;3000;2000;3500","1000;1000;1000;1000","1;1;1;1","48.390;92.790;61.230;119.050","47.730;65.200;57.060;72.650","0.514;4.179;1.700;6.416","0.403;0.972;1.005;1.002","0.000;0.367;0.383;0.377","0.000;0.361;0.381;0.379","1500000.365;0.682;0.652;0.663","1000000.243;0.693;0.656;0.659","0.000;0.000;0.000;0.000","0.000;0.000;0.000;0.000","1000.000;4398826979.472;5368098159.509;5279034690.799","1000.000;1443001443.001;1524390243.902;1517450682.853"
"parsec-blackscholes-simsmall-3",27,72.650,76.040,"1000;1000;1000;1000","2000;1500;4000;2500","1;1;1;1","47.730;65.200;57.060;72.650","48.720;61.720;70.340;76.040","0.403;0.972;1.005;1.002","0.640;1.335;2.492;2.464","0.000;0.361;0.381;0.379","0.000;0.369;0.383;0.377","1000000.243;0.693;0.656;0.659","2000001.157;0.677;0.653;0.663","0.000;0.000;0.000;0.000","0.000;0.000;0.000;0.000","1000.000;1443001443.001;1524390243.902;1517450682.853","999.999;2215657311.669;6125574272.588;3770739064.857"
"parsec-blackscholes-simsmall-3",28,76.040,84.160,"2000;1500;2000;2000","1500;3000;2500;1000","1;1;1;1","48.720;61.720;70.340;76.040","48.290;81.370;84.160;57.870","0.640;1.335;2.492;2.464","0.514;3.439;3.562;0.643","0.000;0.369;0.383;0.377","0.000;0.366;0.383;0.379","2000001.157;0.677;0.653;0.663","1500000.268;0.683;0.653;0.659","0.000;0.000;0.000;0.000","0.000;0.000;0.000;0.000","999.999;2215657311.669;6125574272.588;3770739064.857","1000.000;4392386530.015;3828483920.368;1517450682.853"
"parsec-blackscholes-simsmall-3",29,84.160,114.230,"1500;2500;2500;1000","2500;4000;3000;2500","1;1;1;1","48.290;81.370;84.160;57.870","49.480;114.230;94.770;62.310","0.514;3.439;3.562;0.643","0.781;6.242;4.319;1.682","0.000;0.366;0.383;0.379","0.000;0.365;0.382;0.377","1500000.268;0.683;0.653;0.659","2500002.103;0.685;0.654;0.663","0.000;0.000;0.000;0.000","0.000;0.000;0.000;0.000","1000.000;4392386530.015;3828483920.368;1517450682.853","999.999;5839416058.394;4587155963.303;3770739064.857"
"parsec-blackscholes-simsmall-3",30,114.230,70.650,"2500;3500;3000;2000","1000;1000;1000;1000","1;1;1;1","49.480;114.230;94.770;62.310","47.900;70.650;66.050;57.660","0.781;6.242;4.319;1.682","0.403;0.986;1.004;1.002","0.000;0.365;0.382;0.377","0.000;0.369;0.381;0.379","2500002.103;0.685;0.654;0.663","1000000.841;0.678;0.657;0.659","0.000;0.000;0.000;0.000","0.000;0.000;0.000;0.000","999.999;5839416058.394;4587155963.303;3770739064.857","999.999;1474926253.687;1522070015.221;1517450682.853"
"parsec-blackscholes-simsmall-3",31,70.650,74.510,"1000;1000;1000;1000","3500;3500;1500;3000","1;1;1;1","47.900;70.650;66.050;57.660","48.760;74.510;62.300;70.370","0.403;0.986;1.004;1.002","0.640;2.407;1.363;2.463","0.000;0.369;0.381;0.379","0.000;0.365;0.382;0.377","1000000.841;0.678;0.657;0.659","2000015.687;0.684;0.655;0.663","0.000;0.000;0.000;0.000","0.000;0.000;0.000;0.000","999.999;1474926253.687;1522070015.221;1517450682.853","1749.986;5116959064.327;2290076335.878;4524886877.828"
"parsec-blackscholes-simsmall-3",32,74.510,84.960,"2000;2000;1500;2000","1500;2500;2500;2000","1;1;1;1","48.760;74.510;62.300;70.370","48.300;84.960;82.900;69.290","0.640;2.407;1.363;2.463","0.514;3.437;3.556;2.110","0.000;0.365;0.382;0.377","0.000;0.365;0.382;0.380","2000015.687;0.684;0.655;0.663","1500022.257;0.684;0.655;0.658","0.000;0.000;0.000;0.000","0.000;0.000;0.000;0.000","1749.986;5116959064.327;2290076335.878;4524886877.828","999.985;3654970760.234;3816793893.130;3039513677.812"
"parsec-blackscholes-simsmall-3",33,84.960,115.770,"1500;2500;2500;2000","4000;3500;1000;1500","1;1;1;1","48.300;84.960;82.900;69.290","49.480;115.770;57.870;57.920","0.514;3.437;3.556;2.110","0.781;6.251;0.576;0.992","0.000;0.365;0.382;0.380","0.000;0.365;0.384;0.376","1500022.257;0.684;0.655;0.658","2500040.952;0.684;0.651;0.665","0.000;0.000;0.000;0.000","0.000;0.000;0.000;0.000","999.985;3654970760.234;3816793893.130;3039513677.812","1599.974;5116959064.327;1536098310.292;2255639097.744"
"parsec-blackscholes-simsmall-3",34,115.770,71.340,"2500;3500;1000;1500","1000;1000;1000;1000","1;1;1;1","49.480;115.770;57.870;57.920","47.910;71.340;57.020;56.570","0.781;6.251;0.576;0.992","0.403;0.980;1.010;1.006","0.000;0.365;0.384;0.376","0.000;0.365;0.384;0.382","2500040.952;0.684;0.651;0.665","1000097.243;0.685;0.651;0.655","0.000;0.000;0.000;0.000","0.000;0.000;0.000;0.000","1599.974;5116959064.327;1536098310.292;2255639097.744","999.903;1459854014.599;1536098310.292;1526717557.252"
"parsec-blackscholes-simsmall-3",35,71.340,74.870,"1000;1000;1000;1000","2500;3500;3000;2500","1;1;1;1","47.910;71.340;57.020;56.570","48.770;74.870;70.480;69.880","0.403;0.980;1.010;1.006","0.640;2.404;2.483;2.458","0.000;0.365;0.384;0.382","0.000;0.365;0.381;0.376","1000097.243;0.685;0.651;0.655","2000000.761;0.685;0.656;0.665","0.000;0.000;0.000;0.000","0.000;0.000;0.000;0.000","999.903;1459854014.599;1536098310.292;1526717557.252","1250.000;5109489051.095;4573170731.707;3759398496.241"
"parsec-blackscholes-simsmall-3",36,74.870,97.600,"2000;2000;2000;2000","1000;1500;4000;1000","1;1;1;1","48.770;74.870;70.480;69.880","47.780;61.050;97.600;54.510","0.640;2.404;2.483;2.458","0.403;1.062;4.881;0.604","0.000;0.365;0.381;0.376","0.000;0.369;0.382;0.382","2000000.761;0.685;0.656;0.665","1000065.381;0.677;0.655;0.655","0.000;0.000;0.000;0.000","0.000;0.000;0.000;0.000","1250.000;5109489051.095;4573170731.707;3759398496.241","999.935;2215657311.669;6106870229.008;1526717557.252"
"parsec-blackscholes-simsmall-3",37,97.600,104.650,"1000;1500;3000;1000","1000;1500;3000;3000","1;1;1;1","47.780;61.050;97.600;54.510","47.610;57.300;104.650;62.590","0.403;1.062;4.881;0.604","0.403;1.055;4.888;1.852","0.000;0.369;0.382;0.382","0.000;0.365;0.383;0.376","1000065.381;0.677;0.655;0.655","1000000.381;0.685;0.653;0.665","0.000;0.000;0.000;0.000","0.000;0.000;0.000;0.000","999.935;2215657311.669;6106870229.008;1526717557.252","1000.000;2189781021.898;4594180704.441;4511278195.489"
"parsec-blackscholes-simsmall-3",38,104.650,80.100,"1000;1500;3000;2000","2500;3500;1500;1000","1;1;1;1","47.610;57.300;104.650;62.590","48.690;80.100;69.890;53.160","0.403;1.055;4.888;1.852","0.640;3.438;1.199;0.644","0.000;0.365;0.383;0.376","0.000;0.366;0.385;0.382","1000000.381;0.685;0.653;0.665","2000001.161;0.683;0.650;0.655","0.000;0.000;0.000;0.000","0.000;0.000;0.000;0.000","1000.000;2189781021.898;4594180704.441;4511278195.489","1249.999;5124450951.684;2307692307.692;1526717557.252"
"parsec-blackscholes-simsmall-3",39,80.100,113.980,"2000;2500;1500;1000","4000;4000;1000;1000","1;1;1;1","48.690;80.100;69.890;53.160","50.270;113.980;55.970;50.090","0.640;3.438;1.199;0.644","0.938;6.263;0.574;0.573","0.000;0.366;0.385;0.382","0.000;0.367;0.380;0.377","2000001.161;0.683;0.650;0.655","3000109.742;0.682;0.658;0.663","0.000;0.000;0.000;0.000","0.000;0.000;0.000;0.000","1249.999;5124450951.684;2307692307.692;1526717557.252","1333.285;5865102639.296;1519756838.906;1508295625.943"
"parsec-blackscholes-simsmall-3",40,113.980,70.400,"3000;3500;1000;1000","1000;1000;1000;1000","1;1;1;1","50.270;113.980;55.970;50.090","48.040;70.400;56.790;53.940","0.938;6.263;0.574;0.573","0.403;0.976;1.008;0.997","0.000;0.367;0.380;0.377","0.000;0.363;0.383;0.376","3000109.742;0.682;0.658;0.663","1000000.581;0.689;0.653;0.665","0.000;0.000;0.000;0.000","0.000;0.000;0.000;0.000","1333.285;5865102639.296;1519756838.906;1508295625.943","999.999;1451378809.869;1531393568.147;1503759398.496"
"parsec-blackscholes-simsmall-3",41,70.400,70.530,"1000;1000;1000;1000","1500;1500;4000;3500","1;1;1;1","48.040;70.400;56.790;53.940","48.200;57.150;70.530;68.920","0.403;0.976;1.008;0.997","0.514;0.770;2.485;2.474","0.000;0.363;0.383;0.376","0.000;0.115;0.381;0.379","1000000.581;0.689;0.653;0.665","9316.774;2.172;0.656;0.660","0.000;0.000;0.000;0.000","0.000;0.000;0.000;0.000","999.999;1451378809.869;1531393568.147;1503759398.496","160999.934;690607734.807;6097560975.610;5303030303.030"
"parsec-blackscholes-simsmall-3",42,70.530,96.290,"1500;1500;2000;2000","4000;3500;2000;3000","1;1;1;1","48.200;57.150;70.530;68.920","49.470;50.400;66.790;96.290","0.514;0.770;2.485;2.474","0.781;0.781;1.882;4.837","0.000;0.115;0.381;0.379","0.000;0.000;0.385;0.378","9316.774;2.172;0.656;0.660","2500000.202;2500000.202;0.649;0.662","0.000;0.000;0.000;0.000","0.000;0.000;0.000;0.000","160999.934;690607734.807;6097560975.610;5303030303.030","1600.000;1400.000;3081664098.613;4531722054.381"
"parsec-blackscholes-simsmall-3",43,96.290,94.590,"2500;2500;2000;3000","4000;4000;2500;1000","1;1;1;1","49.470;50.400;66.790;96.290","94.590;51.360;60.060;59.030","0.781;0.781;1.882;4.837","5.137;1.110;1.487;0.417","0.000;0.000;0.385;0.378","0.304;0.000;0.136;0.032","2500000.202;2500000.202;0.649;0.662","0.820;3500000.246;1.839;7.782","0.000;0.000;0.000;0.000","0.000;0.000;0.000;0.000","1600.000;1400.000;3081664098.613;4531722054.381","4878048780.488;1142.857;1359434475.258;128501670.522"
"parsec-blackscholes-simsmall-3",44,94.590,82.880,"3500;3500;2500;1000","2500;4000;1500;3500","1;1;1;1","94.590;51.360;60.060;59.030","82.880;52.510;50.250;50.660","5.137;1.110;1.487;0.417","2.855;1.299;0.514;0.640","0.304;0.000;0.136;0.032","0.483;0.000;0.000;0.000","0.820;3500000.246;1.839;7.782","0.515;4000000.281;1500000.105;2000000.140","0.000;0.000;0.000;0.000","0.000;0.000;0.000;0.000","4878048780.488;1142.857;1359434475.258;128501670.522","4854368932.039;1000.000;1000.000;1750.000"
"parsec-blackscholes-simsmall-3",0,115.220,51.880,"4000;4000;4000;4000","1000;1000;1000;1000","1;1;1;1","115.220;50.120;49.050;49.180","51.880;46.940;46.970;46.970","7.418;0.514;0.640;0.640","0.948;0.403;0.403;0.403","0.475;0.000;0.000;0.000","0.374;0.000;0.000;0.000","0.524;692328.702;923104.936;923104.936","0.666;1000016.000;1000016.000;1000016.000","0.000;0.000;0.000;0.000","0.000;0.000;0.000;0.000","-1908396.947;-1.444;-1.083;-1.083","1501501501.502;999.984;999.984;999.984"
"parsec-blackscholes-simsmall-3",1,51.880,68.250,"1000;1000;1000;1000","3000;1000;3500;1000","1;1;1;1","51.880;46.940;46.970;46.970","68.250;47.280;48.500;47.350","0.948;0.403;0.403;0.403","2.356;0.403;0.640;0.403","0.374;0.000;0.000;0.000","0.385;0.000;0.000;0.000","0.666;1000016.000;1000016.000;1000016.000","0.646;1000001.500;2000003.000;1000001.500","0.000;0.000;0.000;0.000","0.000;0.000;0.000;0.000","1501501501.502;999.984;999.984;999.984","4643962848.297;999.999;1749.997;999.999"
"parsec-blackscholes-simsmall-3",2,68.250,53.360,"2000;1000;2000;1000","1000;1500;3000;2000","1;1;1;1","68.250;47.280;48.500;47.350","53.360;47.900;50.250;48.600","2.356;0.403;0.640;0.403","0.587;0.514;0.938;0.640","0.385;0.000;0.000;0.000","0.377;0.000;0.000;0.000","0.646;1000001.500;2000003.000;1000001.500","0.660;1500000.000;3000000.000;2000000.000","0.000;0.000;0.000;0.000","0.000;0.000;0.000;0.000","4643962848.297;999.999;1749.997;999.999","1515151515.152;1000.000;1000.000;1000.000"
"parsec-blackscholes-simsmall-3",3,53.360,61.860,"1000;1500;3000;2000","2000;1000;1000;3000","1;1;1;1","53.360;47.900;50.250;48.600","61.860;47.500;48.050;50.280","0.587;0.514;0.938;0.640","1.755;0.403;0.403;0.938","0.377;0.000;0.000;0.000","0.375;0.000;0.000;0.000","0.660;1500000.000;3000000.000;2000000.000","0.664;1000000.000;1000000.000;3000000.000","0.000;0.000;0.000;0.000","0.000;0.000;0.000;0.000","1515151515.152;1000.000;1000.000;1000.000","3012048192.771;1000.000;1000.000;1000.000"
"parsec-blackscholes-simsmall-3",4,61.860,59.560,"2000;1000;1000;3000","1500;4000;2000;1000","1;1;1;1","61.860;47.500;48.050;50.280","59.560;48.560;48.820;48.070","1.755;0.403;0.403;0.938","1.289;0.640;0.640;0.403","0.375;0.000;0.000;0.000","0.378;0.000;0.000;0.000","0.664;1000000.000;1000000.000;3000000.000","0.658;2000001.324;2000001.324;1000000.662","0.000;0.000;0.000;0.000","0.000;0.000;0.000;0.000","3012048192.771;1000.000;1000.000;1000.000","2279635258.359;1999.999;999.999;999.999"
"parsec-blackscholes-simsmall-3",5,59.560,76.200,"1500;2000;2000;1000","3500;3000;1500;3500","1;1;1;1","59.560;48.560;48.820;48.070","76.200;50.160;48.340;48.820","1.289;0.640;0.640;0.403","2.919;0.938;0.514;0.640","0.378;0.000;0.000;0.000","0.384;0.000;0.000;0.000","0.658;2000001.324;2000001.324;1000000.662","0.649;3000009.600;1500004.800;2000006.400","0.000;0.000;0.000;0.000","0.000;0.000;0.000;0.000","2279635258.359;1999.999;999.999;999.999","5392912172.573;999.997;999.997;1749.994"
"parsec-blackscholes-simsmall-3",6,76.200,114.430,"2500;3000;1500;2000","3500;2500;4000;3000","1;1;1;1","76.200;50.160;48.340;48.820","114.430;49.720;49.540;50.370","2.919;0.938;0.514;0.640","5.975;0.781;0.781;0.938","0.384;0.000;0.000;0.000","0.376;0.000;0.000;0.000","0.649;3000009.600;1500004.800;2000006.400","0.662;2500006.294;2500006.294;3000007.553","0.000;0.000;0.000;0.000","0.000;0.000;0.000;0.000","5392912172.573;999.997;999.997;1749.994","5287009063.444;999.997;1599.996;999.997"
"parsec-blackscholes-simsmall-3",7,114.430,70.560,"3500;2500;2500;3000","1000;1000;1000;1000","1;1;1;1","114.430;49.720;49.540;50.370","70.560;47.890;47.960;48.110","5.975;0.781;0.781;0.938","0.965;0.403;0.403;0.403","0.376;0.000;0.000;0.000","0.388;0.000;0.000;0.000","0.662;2500006.294;2500006.294;3000007.553","0.645;1000000.000;1000000.000;1000000.000","0.000;0.000;0.000;0.000","0.000;0.000;0.000;0.000","5287009063.444;999.997;1599.996;999.997","1550387596.899;1000.000;1000.000;1000.000"
"parsec-blackscholes-simsmall-3",8,70.560,63.720,"1000;1000;1000;1000","1500;2000;3500;1500","1;1;1;1","70.560;47.890;47.960;48.110","63.720;48.700;48.810;48.240","0.965;0.403;0.403;0.403","1.298;0.640;0.640;0.514","0.388;0.000;0.000;0.000","0.382;0.000;0.000;0.000","0.645;1000000.000;1000000.000;1000000.000","0.652;2000001.328;2000001.328;1500000.996","0.000;0.000;0.000;0.000","0.000;0.000;0.000;0.000","1550387596.899;1000.000;1000.000;1000.000","2300613496.933;999.999;1749.999;999.999"
"parsec-blackscholes-simsmall-3",9,63.720,65.590,"1500;2000;2000;1500","2000;2500;3500;1000","1;1;1;1","63.720;48.700;48.810;48.240","65.590;49.490;50.380;47.710","1.298;0.640;0.640;0.514","1.755;0.781;0.938;0.403","0.382;0.000;0.000;0.000","0.375;0.000;0.000;0.000","0.652;2000001.328;2000001.328;1500000.996","0.664;2500050.000;3000060.000;1000020.000","0.000;0.000;0.000;0.000","0.000;0.000;0.000;0.000","2300613496.933;999.999;1749.999;999.999","3012048192.771;999.980;1166.643;999.980"
"parsec-blackscholes-simsmall-3",10,65.590,61.350,"2000;2500;3000;1000","1500;1000;2000;1000","1;1;1;1","65.590;49.490;50.380;47.710","61.350;47.850;49.270;47.600","1.755;0.781;0.938;0.403","1.289;0.403;0.640;0.403","0.375;0.000;0.000;0.000","0.378;0.000;0.000;0.000","0.664;2500050.000;3000060.000;1000020.000","0.658;1000033.752;2000067.505;1000033.752","0.000;0.000;0.000;0.000","0.000;0.000;0.000;0.000","3012048192.771;999.980;1166.643;999.980","2279635258.359;999.966;999.966;999.966"
"parsec-blackscholes-simsmall-3",11,61.350,52.810,"1500;1000;2000;1000","1000;1000;3500;3000","1;1;1;1","61.350;47.850;49.270;47.600","52.810;47.570;50.510;48.710","1.289;0.403;0.640;0.403","0.591;0.403;0.938;0.640","0.378;0.000;0.000;0.000","0.388;0.000;0.000;0.000","0.658;1000033.752;2000067.505;1000033.752","0.645;1000000.000;3000000.000;2000000.000","0.000;0.000;0.000;0.000","0.000;0.000;0.000;0.000","2279635258.359;999.966;999.966;999.966","1550387596.899;1000.000;1166.667;1500.000"
"parsec-blackscholes-simsmall-3",12,52.810,65.740,"1000;1000;3000;2000","3000;1500;1500;3500","1;1;1;1","52.810;47.570;50.510;48.710","55.700;48.150;48.830;65.740","0.591;0.403;0.938;0.640","1.251;0.758;0.768;2.717","0.388;0.000;0.000;0.000","0.202;0.165;0.171;0.172","0.645;1000000.000;3000000.000;2000000.000","1.238;1.519;1.460;1.451","0.000;0.000;0.000;0.000","0.000;0.000;0.000;0.000","1550387596.899;1000.000;1166.667;1500.000","2423263327.948;987491770.902;1027397260.274;2412129565.817"
"parsec-blackscholes-simsmall-3",13,65.740,94.950,"2000;1500;1500;3000","3000;1000;1000;3000","1;1;1;1","55.700;48.150;48.830;65.740","50.290;48.140;48.330;94.950","1.251;0.758;0.768;2.717","0.938;0.596;0.605;4.838","0.202;0.165;0.171;0.172","0.000;0.367;0.383;0.378","1.238;1.519;1.460;1.451","3000001.578;0.681;0.653;0.662","0.000;0.000;0.000;0.000","0.000;0.000;0.000;0.000","2423263327.948;987491770.902;1027397260.274;2412129565.817","999.999;1468428781.204;1531393568.147;4531722054.381"
"parsec-blackscholes-simsmall-3",14,94.950,67.670,"3000;1000;1000;3000","1500;1500;3000;1500","1;1;1;1","50.290;48.140;48.330;94.950","48.560;55.350;67.380;67.670","0.938;0.596;0.605;4.838","0.514;1.329;2.498;1.349","0.000;0.367;0.383;0.378","0.000;0.367;0.384;0.375","3000001.578;0.681;0.653;0.662","1500000.793;0.682;0.651;0.666","0.000;0.000;0.000;0.000","0.000;0.000;0.000;0.000","999.999;1468428781.204;1531393568.147;4531722054.381","999.999;2199413489.736;4608294930.876;2252252252.252"
"parsec-blackscholes-simsmall-3",15,67.670,96.170,"1500;1500;2000;1500","4000;2500;3500;2500","1;1;1;1","48.560;55.350;67.380;67.670","49.530;73.290;96.170;78.620","0.514;1.329;2.498;1.349","0.781;3.000;4.895;3.070","0.000;0.367;0.384;0.375","0.000;0.367;0.383;0.378","1500000.793;0.682;0.651;0.666","2500000.486;0.682;0.652;0.662","0.000;0.000;0.000;0.000","0.000;0.000;0.000;0.000","999.999;2199413489.736;4608294930.876;2252252252.252","1600.000;3665689149.560;5368098159.509;3776435045.317"
"parsec-blackscholes-simsmall-3",16,96.170,115.420,"2500;2500;3000;2500","2500;3500;2500;4000","1;1;1;1","49.530;73.290;96.170;78.620","49.680;111.530;81.440;115.420","0.781;3.000;4.895;3.070","0.781;6.266;2.775;6.404","0.000;0.367;0.383;0.378","0.000;0.367;0.384;0.376","2500000.486;0.682;0.652;0.662","2500000.684;0.682;0.651;0.665","0.000;0.000;0.000;0.000","0.000;0.000;0.000;0.000","1600.000;3665689149.560;5368098159.509;3776435045.317","1000.000;5131964809.384;3840245775.730;6015037593.985"
"parsec-blackscholes-simsmall-3",17,115.420,70.990,"2500;3500;2500;3500","1000;1000;1000;1000","1;1;1;1","49.680;111.530;81.440;115.420","47.930;69.170;62.800;70.990","0.781;6.266;2.775;6.404","0.403;0.980;1.003;1.001","0.000;0.367;0.384;0.376","0.000;0.365;0.380;0.378","2500000.684;0.682;0.651;0.665","1000000.274;0.684;0.658;0.661","0.000;0.000;0.000;0.000","0.000;0.000;0.000;0.000","1000.000;5131964809.384;3840245775.730;6015037593.985","1000.000;1461988304.094;1519756838.906;1512859304.085"
"parsec-blackscholes-simsmall-3",18,70.990,73.650,"1000;1000;1000;1000","2000;4000;2000;1000","1;1;1;1","47.930;69.170;62.800;70.990","48.760;73.650;72.720;57.670","0.403;0.980;1.003;1.001","0.640;2.409;2.503;0.702","0.000;0.365;0.380;0.378","0.000;0.366;0.385;0.379","1000000.274;0.684;0.658;0.661","2000029.107;0.683;0.649;0.660","0.000;0.000;0.000;0.000","0.000;0.000;0.000;0.000","1000.000;1461988304.094;1519756838.906;1512859304.085","999.985;5856515373.353;3081664098.613;1515151515.152"
"parsec-blackscholes-simsmall-3",19,73.650,85.200,"2000;2000;2000;1000","1500;2000;2500;2500","1;1;1;1","48.760;73.650;72.720;57.670","48.290;70.320;85.200;66.960","0.640;2.409;2.503;0.702","0.514;2.067;3.559;2.098","0.000;0.366;0.385;0.379","0.000;0.369;0.382;0.377","2000029.107;0.683;0.649;0.660","1500064.160;0.678;0.654;0.664","0.000;0.000;0.000;0.000","0.000;0.000;0.000;0.000","999.985;5856515373.353;3081664098.613;1515151515.152","999.957;2949852507.375;3822629969.419;3765060240.964"
"parsec-blackscholes-simsmall-3",20,85.200,88.530,"1500;2000;2500;2000","1000;1500;2500;2000","1;1;1;1","48.290;70.320;85.200;66.960","47.680;60.540;88.530;68.610","0.514;2.067;3.559;2.098","0.403;1.168;3.573;2.098","0.000;0.369;0.382;0.377","0.000;0.368;0.384;0.377","1500064.160;0.678;0.654;0.664","1000000.389;0.680;0.651;0.663","0.000;0.000;0.000;0.000","0.000;0.000;0.000;0.000","999.957;2949852507.375;3822629969.419;3765060240.964","1000.000;2205882352.941;3840245775.730;3016591251.885"
"parsec-blackscholes-simsmall-3",21,88.530,81.000,"1000;1500;2500;2000","3000;4000;1000;1000","1;1;1;1","47.680;60.540;88.530;68.610","48.690;81.000;60.540;55.000","0.403;1.168;3.573;2.098","0.640;3.446;0.646;0.642","0.000;0.368;0.384;0.377","0.000;0.367;0.385;0.379","1000000.389;0.680;0.651;0.663","2000000.778;0.681;0.650;0.660","0.000;0.000;0.000;0.000","0.000;0.000;0.000;0.000","1000.000;2205882352.941;3840245775.730;3016591251.885","1499.999;5873715124.816;1538461538.462;1515151515.152"
"parsec-blackscholes-simsmall-3",22,81.000,68.770,"2000;2500;1000;1000","3000;2000;2500;2500","1;1;1;1","48.690;81.000;60.540;55.000","50.260;68.770;65.270;62.820","0.640;3.446;0.646;0.642","0.938;1.820;1.875;1.852","0.000;0.367;0.385;0.379","0.000;0.366;0.383;0.376","2000000.778;0.681;0.650;0.660","3000001.167;0.683;0.653;0.665","0.000;0.000;0.000;0.000","0.000;0.000;0.000;0.000","1499.999;5873715124.816;1538461538.462;1515151515.152","1000.000;2928257686.676;3828483920.368;3759398496.241"
"parsec-blackscholes-simsmall-3",23,68.770,96.040,"3000;2000;2000;2000","2500;3000;2000;3000","1;1;1;1","50.260;68.770;65.270;62.820","49.800;96.040;65.900;95.030","0.938;1.820;1.875;1.852","0.781;4.731;1.883;4.829","0.000;0.366;0.383;0.376","0.000;0.368;0.385;0.377","3000001.167;0.683;0.653;0.665","2500001.321;0.680;0.649;0.663","0.000;0.000;0.000;0.000","0.000;0.000;0.000;0.000","1000.000;2928257686.676;3828483920.368;3759398496.241","999.999;4411764705.882;3081664098.613;4524886877.828"
"parsec-blackscholes-simsmall-3",24,96.040,74.430,"2500;3000;2000;3000","4000;1500;2500;1500","1;1;1;1","49.800;96.040;65.900;95.030","51.290;64.560;74.430;64.080","0.781;4.731;1.883;4.829","1.110;0.977;2.767;0.997","0.000;0.368;0.385;0.377","0.000;0.364;0.382;0.381","2500001.321;0.680;0.649;0.663","3500035.450;0.686;0.654;0.657","0.000;0.000;0.000;0.000","0.000;0.000;0.000;0.000","999.999;4411764705.882;3081664098.613;4524886877.828","1142.846;2186588921.283;3822629969.419;2283105022.831"
"parsec-blackscholes-simsmall-3",25,74.430,115.450,"3500;1500;2500;1500","2500;2000;4000;1000","1;1;1;1","51.290;64.560;74.430;64.080","50.010;63.760;115.450;53.680","1.110;0.977;2.767;0.997","0.781;1.654;6.507;0.572","0.000;0.364;0.382;0.381","0.000;0.367;0.383;0.375","3500035.450;0.686;0.654;0.657","2500001.527;0.681;0.652;0.667","0.000;0.000;0.000;0.000","0.000;0.000;0.000;0.000","1142.846;2186588921.283;3822629969.419;2283105022.831","999.999;2936857562.408;6134969325.153;1499250374.813"
"parsec-blackscholes-simsmall-3",26,115.450,70.990,"2500;2000;3500;1000","1000;1000;1000;1000","1;1;1;1","50.010;63.760;115.450;53.680","48.030;58.030;70.990;55.520","0.781;1.654;6.507;0.572","0.403;0.986;1.008;0.997","0.000;0.367;0.383;0.375","0.000;0.369;0.383;0.376","2500001.527;0.681;0.652;0.667","1000000.611;0.677;0.652;0.665","0.000;0.000;0.000;0.000","0.000;0.000;0.000;0.000","999.999;2936857562.408;6134969325.153;1499250374.813","999.999;1477104874.446;1533742331.288;1503759398.496"
"parsec-blackscholes-simsmall-3",27,70.990,75.500,"1000;1000;1000;1000","2000;3500;4000;1500","1;1;1;1","48.030;58.030;70.990;55.520","48.800;69.950;75.500;58.360","0.403;0.986;1.008;0.997","0.640;2.409;2.495;1.356","0.000;0.369;0.383;0.376","0.000;0.366;0.383;0.378","1000000.611;0.677;0.652;0.665","2000000.786;0.683;0.652;0.661","0.000;0.000;0.000;0.000","0.000;0.000;0.000;0.000","999.999;1477104874.446;1533742331.288;1503759398.496","1000.000;5124450951.684;6134969325.153;2269288956.127"
"parsec-blackscholes-simsmall-3",28,75.500,99.970,"2000;2000;2000;1500","4000;2000;3500;3000","1;1;1;1","48.800;69.950;75.500;58.360","50.300;65.970;99.970;75.480","0.640;2.409;2.495;1.356","0.938;1.824;4.891;3.068","0.000;0.366;0.383;0.378","0.000;0.368;0.383;0.378","2000000.786;0.683;0.652;0.661","3000001.179;0.680;0.653;0.662","0.000;0.000;0.000;0.000","0.000;0.000;0.000;0.000","1000.000;5124450951.684;6134969325.153;2269288956.127","1333.333;2941176470.588;5359877488.515;4531722054.381"
"parsec-blackscholes-simsmall-3",29,99.970,122.390,"3000;2000;3000;2500","3500;2000;3500;1000","1;1;1;1","50.300;65.970;99.970;75.480","51.370;63.330;122.390;55.440","0.938;1.824;4.891;3.068","1.110;1.662;6.508;0.572","0.000;0.368;0.383;0.378","0.000;0.370;0.383;0.375","3000001.179;0.680;0.653;0.662","3500001.376;0.676;0.652;0.667","0.000;0.000;0.000;0.000","0.000;0.000;0.000;0.000","1333.333;2941176470.588;5359877488.515;4531722054.381","1000.000;2958579881.657;5368098159.509;1499250374.813"
"parsec-blackscholes-simsmall-3",30,122.390,73.720,"3500;2000;3500;1000","1000;1000;1000;1000","1;1;1;1","51.370;63.330;122.390;55.440","48.250;57.460;73.720;55.790","1.110;1.662;6.508;0.572","0.403;0.977;1.010;0.998","0.000;0.370;0.383;0.375","0.000;0.363;0.385;0.377","3500001.376;0.676;0.652;0.667","1000042.135;0.688;0.650;0.664","0.000;0.000;0.000;0.000","0.000;0.000;0.000;0.000","1000.000;2958579881.657;5368098159.509;1499250374.813","999.958;1453488372.093;1538461538.462;1506024096.386"
"parsec-blackscholes-simsmall-3",31,73.720,76.800,"1000;1000;1000;1000","3500;2000;2000;3500","1;1;1;1","48.250;57.460;73.720;55.790","48.850;69.650;76.800;69.650","0.403;0.977;1.010;0.998","0.640;2.411;2.491;2.466","0.000;0.363;0.385;0.377","0.000;0.366;0.383;0.378","1000042.135;0.688;0.650;0.664","2000000.786;0.683;0.653;0.662","0.000;0.000;0.000;0.000","0.000;0.000;0.000;0.000","999.958;1453488372.093;1538461538.462;1506024096.386","1749.999;2928257686.676;3062787136.294;5287009063.444"
"parsec-blackscholes-simsmall-3",32,76.800,68.470,"2000;2000;2000;2000","1000;1000;1500;1500","1;1;1;1","48.850;69.650;76.800;69.650","47.800;56.650;68.470;64.870","0.640;2.411;2.491;2.466","0.403;0.793;1.652;1.635","0.000;0.366;0.383;0.378","0.000;0.370;0.383;0.378","2000000.786;0.683;0.653;0.662","1000000.615;0.675;0.652;0.661","0.000;0.000;0.000;0.000","0.000;0.000;0.000;0.000","1749.999;2928257686.676;3062787136.294;5287009063.444","999.999;1481481481.481;2300613496.933;2269288956.127"
"parsec-blackscholes-simsmall-3",33,68.470,85.020,"1000;1000;1500;1500","3500;3500;3000;1500","1;1;1;1","47.800;56.650;68.470;64.870","48.730;65.430;85.020;58.860","0.403;0.793;1.652;1.635","0.640;2.055;3.571;1.185","0.000;0.370;0.383;0.378","0.000;0.365;0.384;0.377","1000000.615;0.675;0.652;0.661","2000000.786;0.684;0.651;0.664","0.000;0.000;0.000;0.000","0.000;0.000;0.000;0.000","999.999;1481481481.481;2300613496.933;2269288956.127","1749.999;5116959064.327;4608294930.876;2259036144.578"
"parsec-blackscholes-simsmall-3",34,85.020,118.550,"2000;2000;2500;1500","4000;3000;3500;3500","1;1;1;1","48.730;65.430;85.020;58.860","50.280;88.420;118.550;72.170","0.640;2.055;3.571;1.185","0.938;4.190;6.507;2.740","0.000;0.365;0.384;0.377","0.000;0.368;0.383;0.378","2000000.786;0.684;0.651;0.664","3000006.845;0.680;0.652;0.662","0.000;0.000;0.000;0.000","0.000;0.000;0.000;0.000","1749.999;5116959064.327;4608294930.876;2259036144.578","1333.330;4411764705.882;5368098159.509;5287009063.444"
"parsec-blackscholes-simsmall-3",35,118.550,72.250,"3000;3000;3500;2500","1000;1000;1000;1000","1;1;1;1","50.280;88.420;118.550;72.170","48.030;63.590;72.250;59.560","0.938;4.190;6.507;2.740","0.403;0.982;1.002;0.992","0.000;0.368;0.383;0.378","0.000;0.367;0.379;0.373","3000006.845;0.680;0.652;0.662","1000000.282;0.682;0.659;0.671","0.000;0.000;0.000;0.000","0.000;0.000;0.000;0.000","1333.330;4411764705.882;5368098159.509;5287009063.444","1000.000;1466275659.824;1517450682.853;1490312965.723"
"parsec-blackscholes-simsmall-3",36,72.250,71.850,"1000;1000;1000;1000","1500;4000;1500;2000","1;1;1;1","48.030;63.590;72.250;59.560","48.190;71.850;64.770;71.000","0.403;0.982;1.002;0.992","0.514;2.417;1.370;2.475","0.000;0.367;0.379;0.373","0.000;0.368;0.385;0.379","1000000.282;0.682;0.659;0.671","1500000.825;0.680;0.650;0.659","0.000;0.000;0.000;0.000","0.000;0.000;0.000;0.000","1000.000;1466275659.824;1517450682.853;1490312965.723","999.999;5882352941.176;2307692307.692;3034901365.706"
"parsec-blackscholes-simsmall-3",37,71.850,84.150,"1500;2000;1500;2000","2500;1500;3500;2000","1;1;1;1","48.190;71.850;64.770;71.000","49.450;60.630;84.150;69.400","0.514;2.417;1.370;2.475","0.781;1.163;3.560;2.103","0.000;0.368;0.385;0.379","0.000;0.364;0.382;0.378","1500000.825;0.680;0.650;0.659","2500000.993;0.686;0.654;0.661","0.000;0.000;0.000;0.000","0.000;0.000;0.000;0.000","999.999;5882352941.176;2307692307.692;3034901365.706","1000.000;2186588921.283;5351681957.187;3025718608.169"
"parsec-blackscholes-simsmall-3",38,84.150,101.890,"2500;1500;2500;2000","1000;3500;3000;3500","1;1;1;1","49.450;60.630;84.150;69.400","47.890;75.950;101.890;96.990","0.781;1.163;3.560;2.103","0.403;3.002;4.896;4.830","0.000;0.364;0.382;0.378","0.000;0.367;0.383;0.377","2500000.993;0.686;0.654;0.661","1000000.397;0.681;0.652;0.663","0.000;0.000;0.000;0.000","0.000;0.000;0.000;0.000","1000.000;2186588921.283;5351681957.187;3025718608.169","1000.000;5139500734.214;4601226993.865;5279034690.799"
"parsec-blackscholes-simsmall-3",39,101.890,120.010,"1000;2500;3000;3000","1500;4000;3000;3500","1;1;1;1","47.890;75.950;101.890;96.990","48.160;113.220;100.120;120.010","0.403;3.002;4.896;4.830","0.514;6.284;4.329;6.413","0.000;0.367;0.383;0.377","0.000;0.368;0.383;0.377","1000000.397;0.681;0.652;0.663","1500000.384;0.680;0.652;0.663","0.000;0.000;0.000;0.000","0.000;0.000;0.000;0.000","1000.000;5139500734.214;4601226993.865;5279034690.799","1000.000;5882352941.176;4601226993.865;5279034690.799"
"parsec-blackscholes-simsmall-3",40,120.010,72.580,"1500;3500;3000;3500","1000;1000;1000;1000","1;1;1;1","48.160;113.220;100.120;120.010","47.670;70.050;61.460;72.580","0.514;6.284;4.329;6.413","0.403;0.974;0.403;0.995","0.000;0.368;0.383;0.377","0.000;0.362;0.000;0.374","1500000.384;0.680;0.652;0.663","1000071.143;0.691;1000071.143;0.668","0.000;0.000;0.000;0.000","0.000;0.000;0.000;0.000","1000.000;5882352941.176;4601226993.865;5279034690.799","999.929;1447178002.894;999.929;1497005988.024"
"parsec-blackscholes-simsmall-3",41,72.580,64.710,"1000;1000;1000;1000","1500;1000;4000;1500","1;1;1;1","47.670;70.050;61.460;72.580","48.110;57.320;52.210;64.710","0.403;0.974;0.403;0.995","0.514;0.696;0.640;1.358","0.000;0.362;0.000;0.374","0.000;0.371;0.000;0.379","1000071.143;0.691;1000071.143;0.668","1500000.384;0.673;2000000.512;0.659","0.000;0.000;0.000;0.000","0.000;0.000;0.000;0.000","999.929;1447178002.894;999.929;1497005988.024","1000.000;1485884101.040;1999.999;2276176024.279"
"parsec-blackscholes-simsmall-3",42,64.710,83.580,"1500;1000;2000;1500","1500;4000;2500;3500","1;1;1;1","48.110;57.320;52.210;64.710","48.180;66.410;49.980;83.580","0.514;0.696;0.640;1.358","0.514;2.056;0.781;3.515","0.000;0.371;0.000;0.379","0.000;0.366;0.000;0.376","1500000.384;0.673;2000000.512;0.659","1500000.384;0.683;2500000.640;0.665","0.000;0.000;0.000;0.000","0.000;0.000;0.000;0.000","1000.000;1485884101.040;1999.999;2276176024.279","1000.000;5856515373.353;1000.000;5263157894.737"
"parsec-blackscholes-simsmall-3",43,83.580,64.080,"1500;2000;2500;2500","4000;1500;1500;1500","1;1;1;1","48.180;66.410;49.980;83.580","49.450;59.270;48.760;64.080","0.514;2.056;0.781;3.515","0.781;1.166;0.514;1.186","0.000;0.366;0.000;0.376","0.000;0.366;0.000;0.378","1500000.384;0.683;2500000.640;0.665","2500016.479;0.683;1500009.887;0.662","0.000;0.000;0.000;0.000","0.000;0.000;0.000;0.000","1000.000;5856515373.353;1000.000;5263157894.737","1599.989;2196193265.007;999.993;2265861027.190"
"parsec-blackscholes-simsmall-3",44,64.080,80.500,"2500;1500;1500;1500","2500;3000;1500;4000","1;1;1;1","49.450;59.270;48.760;64.080","49.670;80.500;48.510;67.910","0.781;1.166;0.514;1.186","0.781;3.444;0.514;2.182","0.000;0.366;0.000;0.378","0.000;0.367;0.000;0.193","2500016.479;0.683;1500009.887;0.662","2500000.479;0.682;1500000.287;1.297","0.000;0.000;0.000;0.000","0.000;0.000;0.000;0.000","1599.989;2196193265.007;999.993;2265861027.190","1000.000;4398826979.472;1000.000;3084040092.521"
"parsec-blackscholes-simsmall-3",45,80.500,87.610,"2500;2500;1500;2500","3500;4000;4000;4000","1;1;1;1","49.670;80.500;48.510;67.910","87.610;81.500;49.700;52.680","0.781;3.444;0.514;2.182","4.563;3.406;0.781;1.110","0.000;0.367;0.000;0.193","0.260;0.163;0.000;0.000","2500000.479;0.682;1500000.287;1.297","0.957;1.532;2500000.129;3500000.181","0.000;0.000;0.000;0.000","0.000;0.000;0.000;0.000","1000.000;4398826979.472;1000.000;3084040092.521","3657262277.952;2610966057.441;1600.000;1142.857"
"parsec-blackscholes-simsmall-3",46,87.610,70.990,"3500;3500;2500;3500","2000;2500;3500;2000","1;1;1;1","87.610;81.500;49.700;52.680","70.990;55.940;51.470;49.710","4.563;3.406;0.781;1.110","1.882;0.781;1.110;0.640","0.260;0.163;0.000;0.000","0.475;0.000;0.000;0.000","0.957;1.532;2500000.129;3500000.181","0.524;2500000.129;3500000.181;2000000.103","0.000;0.000;0.000;0.000","0.000;0.000;0.000;0.000","3657262277.952;2610966057.441;1600.000;1142.857","3816793893.130;1000.000;1000.000;1000.000"
"parsec-blackscholes-simsmall-3",0,98.580,71.420,"4000;4000;4000;4000","2500;2000;3000;2500","1;1;1;1","98.580;51.480;48.650;50.660","71.420;48.060;49.540;48.790","4.900;1.110;0.403;0.938","2.885;0.640;0.938;0.781","0.474;0.000;0.000;0.000","0.378;0.000;0.000;0.000","0.525;2896597.291;827599.226;2482797.678","0.659;2000009.600;3000014.400;2500012.000","0.000;0.000;0.000;0.000","0.000;0.000;0.000;0.000","-1904761.905;-0.345;-1.208;-0.403","3793626707.132;999.995;999.995;999.995"
"parsec-blackscholes-simsmall-3",1,71.420,55.160,"2500;2000;3000;2500","1000;1000;1000;2000","1;1;1;1","71.420;48.060;49.540;48.790","55.160;47.480;47.850;48.840","2.885;0.640;0.938;0.781","0.684;0.403;0.403;0.640","0.378;0.000;0.000;0.000","0.385;0.000;0.000;0.000","0.659;2000009.600;3000014.400;2500012.000","0.647;1000000.000;1000000.000;2000000.000","0.000;0.000;0.000;0.000","0.000;0.000;0.000;0.000","3793626707.132;999.995;999.995;999.995","1545595054.096;1000.000;1000.000;1000.000"
"parsec-blackscholes-simsmall-3",2,55.160,62.300,"1000;1000;1000;2000","2500;4000;1000;3000","1;1;1;1","55.160;47.480;47.850;48.840","62.300;48.540;47.600;50.340","0.684;0.403;0.403;0.640","1.754;0.640;0.403;0.938","0.385;0.000;0.000;0.000","0.374;0.000;0.000;0.000","0.647;1000000.000;1000000.000;2000000.000","0.665;2000001.000;1000000.500;3000001.500","0.000;0.000;0.000;0.000","0.000;0.000;0.000;0.000","1545595054.096;1000.000;1000.000;1000.000","3759398496.241;1999.999;1000.000;1000.000"
"parsec-blackscholes-simsmall-3",3,62.300,94.920,"2000;2000;1000;3000","3500;1000;4000;2500","1;1;1;1","62.300;48.540;47.600;50.340","94.920;47.620;48.690;49.900","1.754;0.640;0.403;0.938","4.529;0.403;0.640;0.781","0.374;0.000;0.000;0.000","0.378;0.000;0.000;0.000","0.665;2000001.000;1000000.500;3000001.500","0.658;1000000.263;2000000.526;2500000.658","0.000;0.000;0.000;0.000","0.000;0.000;0.000;0.000","3759398496.241;1999.999;1000.000;1000.000","5319148936.170;1000.000;1999.999;1000.000"
"parsec-blackscholes-simsmall-3",4,94.920,61.770,"3000;1000;2000;2500","1000;1000;2000;1000","1;1;1;1","94.920;47.620;48.690;49.900","61.770;47.480;48.900;48.030","4.529;0.403;0.640;0.781","0.684;0.403;0.640;0.403","0.378;0.000;0.000;0.000","0.385;0.000;0.000;0.000","0.658;1000000.263;2000000.526;2500000.658","0.647;1000000.000;2000000.000;1000000.000","0.000;0.000;0.000;0.000","0.000;0.000;0.000;0.000","5319148936.170;1000.000;1999.999;1000.000","1545595054.096;1000.000;1000.000;1000.000"
"parsec-blackscholes-simsmall-3",5,61.770,71.860,"1000;1000;2000;1000","3000;1000;1000;3500","1;1;1;1","61.770;47.480;48.900;48.030","71.860;47.460;47.820;48.830","0.684;0.403;0.640;0.403","2.312;0.403;0.403;0.640","0.385;0.000;0.000;0.000","0.374;0.000;0.000;0.000","0.647;1000000.000;2000000.000;1000000.000","0.665;1000000.000;1000000.000;2000000.000","0.000;0.000;0.000;0.000","0.000;0.000;0.000;0.000","1545595054.096;1000.000;1000.000;1000.000","4511278195.489;1000.000;1000.000;1750.000"
"parsec-blackscholes-simsmall-3",6,71.860,97.920,"2000;1000;1000;2000","4000;2000;2500;3000","1;1;1;1","71.860;47.460;47.820;48.830","97.920;48.580;48.770;50.380","2.312;0.403;0.403;0.640","4.525;0.640;0.640;0.938","0.374;0.000;0.000;0.000","0.378;0.000;0.000;0.000","0.665;1000000.000;1000000.000;2000000.000","0.659;2000007.753;2000007.753;3000011.629","0.000;0.000;0.000;0.000","0.000;0.000;0.000;0.000","4511278195.489;1000.000;1000.000;1750.000","6069802731.411;999.996;1249.995;999.996"
"parsec-blackscholes-simsmall-3",7,97.920,67.430,"3000;2000;2000;3000","1500;2000;2500;2500","1;1;1;1","97.920;48.580;48.770;50.380","67.430;48.770;49.610;49.930","4.525;0.640;0.640;0.938","1.141;0.640;0.781;0.781","0.378;0.000;0.000;0.000","0.381;0.000;0.000;0.000","0.659;2000007.753;2000007.753;3000011.629","0.653;2000000.882;2500001.103;2500001.103","0.000;0.000;0.000;0.000","0.000;0.000;0.000;0.000","6069802731.411;999.996;1249.995;999.996","2297090352.221;1000.000;1000.000;1000.000"
"parsec-blackscholes-simsmall-3",8,67.430,73.650,"1500;2000;2500;2500","2000;2000;1000;1000","1;1;1;1","67.430;48.770;49.610;49.930","73.650;48.830;47.970;48.060","1.141;0.640;0.781;0.781","2.311;0.640;0.403;0.403","0.381;0.000;0.000;0.000","0.374;0.000;0.000;0.000","0.653;2000000.882;2500001.103;2500001.103","0.665;2000004.000;1000002.000;1000002.000","0.000;0.000;0.000;0.000","0.000;0.000;0.000;0.000","2297090352.221;1000.000;1000.000;1000.000","3007518796.992;999.998;999.998;999.998"
"parsec-blackscholes-simsmall-3",9,73.650,99.070,"2000;2000;1000;1000","3500;4000;4000;3500","1;1;1;1","73.650;48.830;47.970;48.060","99.070;50.250;48.810;48.840","2.311;0.640;0.403;0.403","4.554;0.938;0.640;0.640","0.374;0.000;0.000;0.000","0.381;0.000;0.000;0.000","0.665;2000004.000;1000002.000;1000002.000","0.654;3000000.734;2000000.489;2000000.489","0.000;0.000;0.000;0.000","0.000;0.000;0.000;0.000","3007518796.992;999.998;999.998;999.998","5351681957.187;1333.333;2000.000;1750.000"
"parsec-blackscholes-simsmall-3",10,99.070,71.260,"3000;3000;2000;2000","3500;1500;1500;1500","1;1;1;1","99.070;50.250;48.810;48.840","71.260;49.540;49.590;49.540","4.554;0.938;0.640;0.640","2.011;0.881;0.889;0.885","0.381;0.000;0.000;0.000","0.067;0.289;0.295;0.292","0.654;3000000.734;2000000.489;2000000.489","3.717;0.866;0.848;0.856","0.000;0.000;0.000;0.000","0.000;0.000;0.000;0.000","5351681957.187;1333.333;2000.000;1750.000","941619585.687;1732101616.628;1768867924.528;1752336448.598"
"parsec-blackscholes-simsmall-3",11,71.260,77.600,"3500;1500;1500;1500","1000;4000;1500;4000","1;1;1;1","71.260;49.540;49.590;49.540","53.950;77.490;54.180;77.600","2.011;0.881;0.889;0.885","0.403;3.503;1.200;3.515","0.067;0.289;0.295;0.292","0.000;0.375;0.385;0.376","3.717;0.866;0.848;0.856","1000001.001;0.667;0.649;0.665","0.000;0.000;0.000;0.000","0.000;0.000;0.000;0.000","941619585.687;1732101616.628;1768867924.528;1752336448.598","999.999;5997001499.250;2311248073.960;6015037593.985"
"parsec-blackscholes-simsmall-3",12,77.600,113.950,"1000;2500;1500;2500","1500;1500;1500;4000","1;1;1;1","53.950;77.490;54.180;77.600","49.260;58.780;53.150;113.950","0.403;3.503;1.200;3.515","0.514;0.987;0.998;6.405","0.000;0.375;0.385;0.376","0.000;0.372;0.381;0.377","1000001.001;0.667;0.649;0.665","1500000.618;0.672;0.656;0.664","0.000;0.000;0.000;0.000","0.000;0.000;0.000;0.000","999.999;5997001499.250;2311248073.960;6015037593.985","1000.000;2232142857.143;2286585365.854;6024096385.542"
"parsec-blackscholes-simsmall-3",13,113.950,69.920,"1500;1500;1500;3500","1000;1000;1000;1000","1;1;1;1","49.260;58.780;53.150;113.950","47.750;56.350;54.440;69.920","0.514;0.987;0.998;6.405","0.403;1.001;1.009;0.992","0.000;0.372;0.381;0.377","0.000;0.378;0.383;0.373","1500000.618;0.672;0.656;0.664","1000104.241;0.661;0.652;0.670","0.000;0.000;0.000;0.000","0.000;0.000;0.000;0.000","1000.000;2232142857.143;2286585365.854;6024096385.542","999.896;1512859304.085;1533742331.288;1492537313.433"
"parsec-blackscholes-simsmall-3",14,69.920,74.550,"1000;1000;1000;1000","4000;2000;2000;3500","1;1;1;1","47.750;56.350;54.440;69.920","48.740;69.490;69.050;74.550","0.403;1.001;1.009;0.992","0.640;2.448;2.487;2.467","0.000;0.378;0.383;0.373","0.000;0.374;0.382;0.378","1000104.241;0.661;0.652;0.670","2000022.001;0.669;0.655;0.662","0.000;0.000;0.000;0.000","0.000;0.000;0.000;0.000","999.896;1512859304.085;1533742331.288;1492537313.433","1999.978;2989536621.824;3053435114.504;5287009063.444"
"parsec-blackscholes-simsmall-3",15,74.550,98.660,"2000;2000;2000;2000","2500;3500;2500;3500","1;1;1;1","48.740;69.490;69.050;74.550","49.550;96.230;78.170;98.660","0.640;2.448;2.487;2.467","0.781;4.807;3.100;4.821","0.000;0.374;0.382;0.378","0.000;0.375;0.383;0.376","2000022.001;0.669;0.655;0.662","2500001.035;0.667;0.653;0.665","0.000;0.000;0.000;0.000","0.000;0.000;0.000;0.000","1999.978;2989536621.824;3053435114.504;5287009063.444","1000.000;5247376311.844;3828483920.368;5263157894.737"
"parsec-blackscholes-simsmall-3",16,98.660,139.990,"2500;3000;2500;3000","3500;1500;3500;4000","1;1;1;1","49.550;96.230;78.170;98.660","51.240;63.660;108.120;139.990","0.781;4.807;3.100;4.821","1.110;0.931;5.811;8.281","0.000;0.375;0.383;0.376","0.000;0.375;0.382;0.376","2500001.035;0.667;0.653;0.665","3500044.209;0.666;0.655;0.665","0.000;0.000;0.000;0.000","0.000;0.000;0.000;0.000","1000.000;5247376311.844;3828483920.368;5263157894.737","999.987;2252252252.252;5343511450.382;6015037593.985"
"parsec-blackscholes-simsmall-3",17,139.990,77.780,"3500;1500;3500;4000","1000;1000;1000;1000","1;1;1;1","51.240;63.660;108.120;139.990","48.220;58.400;69.050;77.780","1.110;0.931;5.811;8.281","0.403;0.993;1.005;1.001","0.000;0.375;0.382;0.376","0.000;0.374;0.381;0.379","3500044.209;0.666;0.655;0.665","1000000.993;0.669;0.656;0.660","0.000;0.000;0.000;0.000","0.000;0.000;0.000;0.000","999.987;2252252252.252;5343511450.382;6015037593.985","999.999;1494768310.912;1524390243.902;1515151515.152"
"parsec-blackscholes-simsmall-3",18,77.780,77.710,"1000;1000;1000;1000","2000;3000;4000;2500","1;1;1;1","48.220;58.400;69.050;77.780","48.850;70.620;74.720;77.710","0.403;0.993;1.005;1.001","0.640;2.451;2.493;2.455","0.000;0.374;0.381;0.379","0.000;0.375;0.383;0.375","1000000.993;0.669;0.656;0.660","2000058.985;0.667;0.653;0.667","0.000;0.000;0.000;0.000","0.000;0.000;0.000;0.000","999.999;1494768310.912;1524390243.902;1515151515.152","999.971;4497751124.438;6125574272.588;3748125937.031"
"parsec-blackscholes-simsmall-3",19,77.710,100.350,"2000;2000;2000;2000","3000;1000;3500;3000","1;1;1;1","48.850;70.620;74.720;77.710","50.330;54.820;99.600;100.350","0.640;2.451;2.493;2.455","0.938;0.601;4.892;4.823","0.000;0.375;0.383;0.375","0.000;0.377;0.383;0.377","2000058.985;0.667;0.653;0.667","3000038.399;0.663;0.653;0.664","0.000;0.000;0.000;0.000","0.000;0.000;0.000;0.000","999.971;4497751124.438;6125574272.588;3748125937.031","999.987;1508295625.943;5359877488.515;4518072289.157"
"parsec-blackscholes-simsmall-3",20,100.350,141.100,"3000;1000;3000;3000","3500;3000;3500;4000","1;1;1;1","50.330;54.820;99.600;100.350","51.390;59.210;114.260;141.100","0.938;0.601;4.892;4.823","1.110;1.543;5.812;8.294","0.000;0.377;0.383;0.377","0.000;0.374;0.382;0.377","3000038.399;0.663;0.653;0.664","3500000.565;0.669;0.655;0.664","0.000;0.000;0.000;0.000","0.000;0.000;0.000;0.000","999.987;1508295625.943;5359877488.515;4518072289.157","1000.000;4484304932.735;5343511450.382;6024096385.542"
"parsec-blackscholes-simsmall-3",21,141.100,78.310,"3500;2000;3500;4000","1000;1000;1000;1000","1;1;1;1","51.390;59.210;114.260;141.100","48.270;56.380;71.570;78.310","1.110;1.543;5.812;8.294","0.403;1.001;1.004;0.993","0.000;0.374;0.382;0.377","0.000;0.379;0.381;0.374","3500000.565;0.669;0.655;0.664","1000022.161;0.660;0.657;0.669","0.000;0.000;0.000;0.000","0.000;0.000;0.000;0.000","1000.000;4484304932.735;5343511450.382;6024096385.542","999.978;1515151515.152;1522070015.221;1494768310.912"
"parsec-blackscholes-simsmall-3",22,78.310,78.210,"1000;1000;1000;1000","3500;2000;4000;3500","1;1;1;1","48.270;56.380;71.570;78.310","48.870;69.550;76.030;78.210","0.403;1.001;1.004;0.993","0.640;2.450;2.493;2.466","0.000;0.379;0.381;0.374","0.000;0.374;0.383;0.378","1000022.161;0.660;0.657;0.669","2000000.323;0.668;0.653;0.662","0.000;0.000;0.000;0.000","0.000;0.000;0.000;0.000","999.978;1515151515.152;1522070015.221;1494768310.912","1750.000;2994011976.048;6125574272.588;5287009063.444"
"parsec-blackscholes-simsmall-3",23,78.210,100.610,"2000;2000;2000;2000","3500;2500;1000;3500","1;1;1;1","48.870;69.550;76.030;78.210","50.340;78.000;57.390;100.610","0.640;2.450;2.493;2.466","0.938;3.049;0.603;4.820","0.000;0.374;0.383;0.378","0.000;0.375;0.381;0.376","2000000.323;0.668;0.653;0.662","3000000.490;0.667;0.656;0.665","0.000;0.000;0.000;0.000","0.000;0.000;0.000;0.000","1750.000;2994011976.048;6125574272.588;5287009063.444","1166.666;3748125937.031;1524390243.902;5263157894.737"
"parsec-blackscholes-simsmall-3",24,100.610,107.370,"3000;2500;1000;3000","4000;3500;1500;1000","1;1;1;1","50.340;78.000;57.390;100.610","52.280;107.370;55.160;62.940","0.938;3.049;0.603;4.820","1.299;5.734;0.942;0.550","0.000;0.375;0.381;0.376","0.000;0.375;0.385;0.373","3000000.490;0.667;0.656;0.665","4000152.653;0.666;0.650;0.670","0.000;0.000;0.000;0.000","0.000;0.000;0.000;0.000","1166.666;3748125937.031;1524390243.902;5263157894.737","999.962;5255255255.255;2307692307.692;1492537313.433"
"parsec-blackscholes-simsmall-3",25,107.370,82.760,"4000;3500;1500;1000","1000;2000;1000;2000","1;1;1;1","52.280;107.370;55.160;62.940","48.430;82.760;52.470;73.230","1.299;5.734;0.942;0.550","0.403;2.447;0.701;2.468","0.000;0.375;0.385;0.373","0.000;0.374;0.378;0.378","4000152.653;0.666;0.650;0.670","1000000.423;0.669;0.661;0.662","0.000;0.000;0.000;0.000","0.000;0.000;0.000;0.000","999.962;5255255255.255;2307692307.692;1492537313.433","1000.000;2989536621.824;1512859304.085;3021148036.254"
"parsec-blackscholes-simsmall-3",26,82.760,98.470,"1000;2000;1000;2000","1500;1500;1500;4000","1;1;1;1","48.430;82.760;52.470;73.230","48.320;63.360;54.580;98.470","0.403;2.447;0.701;2.468","0.514;1.074;1.083;4.823","0.000;0.374;0.378;0.378","0.000;0.378;0.384;0.377","1000000.423;0.669;0.661;0.662","1500006.748;0.662;0.651;0.664","0.000;0.000;0.000;0.000","0.000;0.000;0.000;0.000","1000.000;2989536621.824;1512859304.085;3021148036.254","999.996;2265861027.190;2304147465.438;6024096385.542"
"parsec-blackscholes-simsmall-3",27,98.470,120.670,"1500;1500;1500;3000","2500;2500;3000;3500","1;1;1;1","48.320;63.360;54.580;98.470","49.520;74.230;71.080;120.670","0.514;1.074;1.083;4.823","0.781;2.725;2.762;6.399","0.000;0.378;0.384;0.377","0.000;0.375;0.382;0.376","1500006.748;0.662;0.651;0.664","2500000.407;0.667;0.655;0.665","0.000;0.000;0.000;0.000","0.000;0.000;0.000;0.000","999.996;2265861027.190;2304147465.438;6024096385.542","1000.000;3748125937.031;4580152671.756;5263157894.737"
"parsec-blackscholes-simsmall-3",28,120.670,73.090,"2500;2500;2500;3500","1000;1000;1000;1000","1;1;1;1","49.520;74.230;71.080;120.670","47.930;60.670;59.330;73.090","0.781;2.725;2.762;6.399","0.403;0.988;1.011;0.997","0.000;0.375;0.382;0.376","0.000;0.370;0.385;0.377","2500000.407;0.667;0.655;0.665","1000000.163;0.675;0.649;0.664","0.000;0.000;0.000;0.000","0.000;0.000;0.000;0.000","1000.000;3748125937.031;4580152671.756;5263157894.737","1000.000;1481481481.481;1540832049.307;1506024096.386"
"parsec-blackscholes-simsmall-3",29,73.090,76.220,"1000;1000;1000;1000","1500;4000;4000;2000","1;1;1;1","47.930;60.670;59.330;73.090","48.190;71.580;70.990;76.220","0.403;0.988;1.011;0.997","0.514;2.468;2.484;2.459","0.000;0.370;0.385;0.377","0.000;0.378;0.381;0.376","1000000.163;0.675;0.649;0.664","1500000.244;0.661;0.656;0.665","0.000;0.000;0.000;0.000","0.000;0.000;0.000;0.000","1000.000;1481481481.481;1540832049.307;1506024096.386","1000.000;6051437216.339;6097560975.610;3007518796.992"
"parsec-blackscholes-simsmall-3",30,76.220,97.890,"1500;2000;2000;2000","3500;1000;4000;1500","1;1;1;1","48.190;71.580;70.990;76.220","49.470;55.220;97.890;61.740","0.514;2.468;2.484;2.459","0.781;0.598;4.892;1.075","0.000;0.378;0.381;0.376","0.000;0.370;0.383;0.378","1500000.244;0.661;0.656;0.665","2500001.019;0.675;0.653;0.661","0.000;0.000;0.000;0.000","0.000;0.000;0.000;0.000","1000.000;6051437216.339;6097560975.610;3007518796.992","1399.999;1481481481.481;6125574272.588;2269288956.127"
"parsec-blackscholes-simsmall-3",31,97.890,91.360,"2500;1000;3000;1500","1500;1500;2500;2500","1;1;1;1","49.470;55.220;97.890;61.740","48.440;56.780;91.360;82.640","0.781;0.598;4.892;1.075","0.514;1.186;3.558;3.510","0.000;0.370;0.383;0.378","0.000;0.378;0.382;0.375","2500001.019;0.675;0.653;0.661","1500000.747;0.662;0.654;0.666","0.000;0.000;0.000;0.000","0.000;0.000;0.000;0.000","1399.999;1481481481.481;6125574272.588;2269288956.127","1000.000;2265861027.190;3822629969.419;3753753753.754"
"parsec-blackscholes-simsmall-3",32,91.360,116.740,"1500;1500;2500;2500","1500;2000;2500;3500","1;1;1;1","48.440;56.780;91.360;82.640","48.270;60.940;81.690;116.740","0.514;1.186;3.558;3.510","0.514;1.673;2.776;6.416","0.000;0.378;0.382;0.375","0.000;0.374;0.385;0.377","1500000.747;0.662;0.654;0.666","1500019.940;0.669;0.650;0.663","0.000;0.000;0.000;0.000","0.000;0.000;0.000;0.000","1000.000;2265861027.190;3822629969.419;3753753753.754","999.987;2989536621.824;3846153846.154;5279034690.799"
"parsec-blackscholes-simsmall-3",33,116.740,71.560,"1500;2000;2500;3500","1000;1000;1000;1000","1;1;1;1","48.270;60.940;81.690;116.740","47.710;56.740;63.440;71.560","0.514;1.673;2.776;6.416","0.403;0.996;1.000;0.994","0.000;0.374;0.385;0.377","0.000;0.375;0.378;0.374","1500019.940;0.669;0.650;0.663","1000115.152;0.666;0.662;0.668","0.000;0.000;0.000;0.000","0.000;0.000;0.000;0.000","999.987;2989536621.824;3846153846.154;5279034690.799","999.885;1501501501.502;1510574018.127;1497005988.024"
"parsec-blackscholes-simsmall-3",34,71.560,75.560,"1000;1000;1000;1000","4000;2000;2500;2000","1;1;1;1","47.710;56.740;63.440;71.560","48.720;69.750;73.200;75.560","0.403;0.996;1.000;0.994","0.640;2.454;2.497;2.464","0.000;0.375;0.378;0.374","0.000;0.375;0.384;0.377","1000115.152;0.666;0.662;0.668","2000009.587;0.666;0.651;0.663","0.000;0.000;0.000;0.000","0.000;0.000;0.000;0.000","999.885;1501501501.502;1510574018.127;1497005988.024","1999.990;3003003003.003;3840245775.730;3016591251.885"
"parsec-blackscholes-simsmall-3",35,75.560,99.380,"2000;2000;2000;2000","3000;1000;3500;3000","1;1;1;1","48.720;69.750;73.200;75.560","50.290;54.350;98.970;99.380","0.640;2.454;2.497;2.464","0.938;0.599;4.884;4.821","0.000;0.375;0.384;0.377","0.000;0.373;0.382;0.376","2000009.587;0.666;0.651;0.663","3000037.495;0.670;0.654;0.665","0.000;0.000;0.000;0.000","0.000;0.000;0.000;0.000","1999.990;3003003003.003;3840245775.730;3016591251.885","999.988;1492537313.433;5351681957.187;4511278195.489"
"parsec-blackscholes-simsmall-3",36,99.380,81.310,"3000;1000;3000;3000","1500;1500;2000;1500","1;1;1;1","50.290;54.350;98.970;99.380","48.580;58.170;81.310;67.850","0.938;0.599;4.884;4.821","0.514;1.350;2.484;1.144","0.000;0.373;0.382;0.376","0.000;0.376;0.381;0.283","3000037.495;0.670;0.654;0.665","1500000.250;0.665;0.656;0.883","0.000;0.000;0.000;0.000","0.000;0.000;0.000;0.000","999.988;1492537313.433;5351681957.187;4511278195.489","1000.000;2255639097.744;3048780487.805;1698754246.886"
"parsec-blackscholes-simsmall-3",37,81.310,101.690,"1500;1500;2000;1500","3500;1500;3500;4000","1;1;1;1","48.580;58.170;81.310;67.850","49.560;55.620;101.690;53.530","0.514;1.350;2.484;1.144","0.781;1.067;4.884;0.781","0.000;0.376;0.381;0.283","0.000;0.373;0.382;0.000","1500000.250;0.665;0.656;0.883","2500084.494;0.670;0.654;2500084.494","0.000;0.000;0.000;0.000","0.000;0.000;0.000;0.000","1000.000;2255639097.744;3048780487.805;1698754246.886","1399.953;2238805970.149;5351681957.187;1599.946"
"parsec-blackscholes-simsmall-3",38,101.690,73.620,"2500;1500;3000;2500","4000;3000;2000;3000","1;1;1;1","49.560;55.620;101.690;53.530","51.260;70.990;73.620;50.880","0.781;1.067;4.884;0.781","1.110;2.730;1.702;0.938","0.000;0.373;0.382;0.000","0.000;0.376;0.384;0.000","2500084.494;0.670;0.654;2500084.494","3500001.041;0.665;0.651;3000000.892","0.000;0.000;0.000;0.000","0.000;0.000;0.000;0.000","1399.953;2238805970.149;5351681957.187;1599.946","1142.857;4511278195.489;3072196620.584;1000.000"
"parsec-blackscholes-simsmall-3",39,73.620,87.450,"3500;2500;2000;3000","1500;1500;4000;1000","1;1;1;1","51.260;70.990;73.620;50.880","48.770;58.760;87.450;48.410","1.110;2.730;1.702;0.938","0.514;1.073;3.772;0.403","0.000;0.376;0.384;0.000","0.000;0.377;0.274;0.000","3500001.041;0.665;0.651;3000000.892","1500039.653;0.664;0.911;1000026.436","0.000;0.000;0.000;0.000","0.000;0.000;0.000;0.000","1142.857;4511278195.489;3072196620.584;1000.000","999.974;2259036144.578;4390779363.337;999.974"
"parsec-blackscholes-simsmall-3",40,87.450,66.280,"1500;1500;3000;1000","3500;2000;1000;3000","1;1;1;1","48.770;58.760;87.450;48.410","49.620;66.280;57.840;49.070","0.514;1.073;3.772;0.403","0.781;2.086;0.403;0.640","0.000;0.377;0.274;0.000","0.000;0.374;0.000;0.000","1500039.653;0.664;0.911;1000026.436","2500001.089;0.669;1000000.436;2000000.871","0.000;0.000;0.000;0.000","0.000;0.000;0.000;0.000","999.974;2259036144.578;4390779363.337;999.974","1399.999;2989536621.824;1000.000;1499.999"
"parsec-blackscholes-simsmall-3",41,66.280,82.570,"2500;2000;1000;2000","1000;2500;1500;2000","1;1;1;1","49.620;66.280;57.840;49.070","47.960;82.570;50.680;49.140","0.781;2.086;0.403;0.640","0.403;3.503;0.514;0.640","0.000;0.374;0.000;0.000","0.000;0.375;0.000;0.000","2500001.089;0.669;1000000.436;2000000.871","1000000.436;0.667;1500000.653;2000000.871","0.000;0.000;0.000;0.000","0.000;0.000;0.000;0.000","1399.999;2989536621.824;1000.000;1499.999","1000.000;3748125937.031;1000.000;1000.000"
"parsec-blackscholes-simsmall-3",42,82.570,69.480,"1000;2500;1500;2000","3000;2000;3500;4000","1;1;1;1","47.960;82.570;50.680;49.140","48.790;69.480;49.820;50.570","0.403;3.503;0.514;0.640","0.640;1.852;0.781;0.938","0.000;0.375;0.000;0.000","0.000;0.376;0.000;0.000","1000000.436;0.667;1500000.653;2000000.871","2000000.871;0.665;2500001.089;3000001.307","0.000;0.000;0.000;0.000","0.000;0.000;0.000;0.000","1000.000;3748125937.031;1000.000;1000.000","1499.999;3007518796.992;1399.999;1333.333"
"parsec-blackscholes-simsmall-3",43,69.480,87.350,"2000;2000;2500;3000","2000;4000;3500;2500","1;1;1;1","48.790;69.480;49.820;50.570","48.910;87.350;51.550;50.080","0.640;1.852;0.781;0.938","0.744;3.949;1.110;0.781","0.000;0.376;0.000;0.000","0.040;0.341;0.000;0.000","2000000.871;0.665;2500001.089;3000001.307","6.242;0.734;3500000.104;2500000.074","0.000;0.000;0.000;0.000","0.000;0.000;0.000;0.000","1499.999;3007518796.992;1399.999;1333.333","320410124.960;5449591280.654;1000.000;1000.000"
"parsec-blackscholes-simsmall-3",44,87.350,74.560,"2000;3000;3500;2500","2500;2000;3500;3500","1;1;1;1","48.910;87.350;51.550;50.080","74.560;57.240;51.870;51.570","0.744;3.949;1.110;0.781","3.146;0.640;1.110;1.110","0.040;0.341;0.000;0.000","0.483;0.000;0.000;0.000","6.242;0.734;3500000.104;2500000.074","0.516;2000000.060;3500000.104;3500000.104","0.000;0.000;0.000;0.000","0.000;0.000;0.000;0.000","320410124.960;5449591280.654;1000.000;1000.000","4844961240.310;1000.000;1000.000;1000.000"
"parsec-blackscholes-simsmall-3",45,74.560,130.850,"2500;2000;3500;3500","3500;2000;3000;2500","1;1;1;1","74.560;57.240;51.870;51.570","130.850;50.210;51.130;50.280","3.146;0.640;1.110;1.110","7.535;0.640;0.938;0.781","0.483;0.000;0.000;0.000","0.484;0.000;0.000;0.000","0.516;2000000.060;3500000.104;3500000.104","0.514;2000007.778;3000011.667;2500009.722","0.000;0.000;0.000;0.000","0.000;0.000;0.000;0.000","4844961240.310;1000.000;1000.000;1000.000","6809338521.401;999.996;999.996;999.996"
"parsec-blackscholes-simsmall-3",0,116.620,51.890,"4000;4000;4000;4000","1000;1000;1000;1000","1;1;1;1","116.620;49.730;50.400;49.730","51.890;46.940;46.970;46.970","1.053;0.403;0.403;0.403","0.949;0.403;0.403;0.403","0.434;0.000;0.000;0.000","0.374;0.000;0.000;0.000","0.574;134092.889;134092.889;134092.889","0.665;1000004.000;1000004.000;1000004.000","0.000;0.000;0.000;0.000","0.000;0.000;0.000;0.000","-1742160.279;-7.458;-7.458;-7.458","1503759398.496;999.996;999.996;999.996"
"parsec-blackscholes-simsmall-3",1,51.890,68.250,"1000;1000;1000;1000","2000;3500;2500;4000","1;1;1;1","51.890;46.940;46.970;46.970","68.250;48.400;48.500;48.500","0.949;0.403;0.403;0.403","2.356;0.640;0.640;0.640","0.374;0.000;0.000;0.000","0.385;0.000;0.000;0.000","0.665;1000004.000;1000004.000;1000004.000","0.646;2000000.000;2000000.000;2000000.000","0.000;0.000;0.000;0.000","0.000;0.000;0.000;0.000","1503759398.496;999.996;999.996;999.996","3095975232.198;1750.000;1250.000;2000.000"
"parsec-blackscholes-simsmall-3",2,68.250,72.180,"2000;2000;2000;2000","2000;2000;1000;1500","1;1;1;1","68.250;48.400;48.500;48.500","72.180;48.690;47.680;48.220","2.356;0.640;0.640;0.640","2.333;0.640;0.403;0.514","0.385;0.000;0.000;0.000","0.380;0.000;0.000;0.000","0.646;2000000.000;2000000.000;2000000.000","0.656;2000012.000;1000006.000;1500009.000","0.000;0.000;0.000;0.000","0.000;0.000;0.000;0.000","3095975232.198;1750.000;1250.000;2000.000","3048780487.805;999.994;999.994;999.994"
"parsec-blackscholes-simsmall-3",3,72.180,97.410,"2000;2000;1000;1500","3000;3500;4000;2000","1;1;1;1","72.180;48.690;47.680;48.220","97.410;50.170;48.700;48.800","2.333;0.640;0.403;0.514","4.524;0.938;0.640;0.640","0.380;0.000;0.000;0.000","0.378;0.000;0.000;0.000","0.656;2000012.000;1000006.000;1500009.000","0.659;3000000.854;2000000.569;2000000.569","0.000;0.000;0.000;0.000","0.000;0.000;0.000;0.000","3048780487.805;999.994;999.994;999.994","4552352048.558;1166.666;1999.999;1000.000"
"parsec-blackscholes-simsmall-3",4,97.410,82.100,"3000;3000;2000;2000","2500;3500;1500;2500","1;1;1;1","97.410;50.170;48.700;48.800","82.100;51.250;48.290;49.600","4.524;0.938;0.640;0.640","2.611;1.110;0.514;0.781","0.378;0.000;0.000;0.000","0.383;0.000;0.000;0.000","0.659;3000000.854;2000000.569;2000000.569","0.650;3500058.800;1500025.200;2500042.000","0.000;0.000;0.000;0.000","0.000;0.000;0.000;0.000","4552352048.558;1166.666;1999.999;1000.000","3846153846.154;999.983;999.983;999.983"
"parsec-blackscholes-simsmall-3",5,82.100,78.800,"2500;3500;1500;2500","2500;1000;2000;3500","1;1;1;1","82.100;51.250;48.290;49.600","78.800;48.160;48.840;51.330","2.611;1.110;0.514;0.781","2.581;0.403;0.640;1.110","0.383;0.000;0.000;0.000","0.377;0.000;0.000;0.000","0.650;3500058.800;1500025.200;2500042.000","0.661;1000000.800;2000001.600;3500002.800","0.000;0.000;0.000;0.000","0.000;0.000;0.000;0.000","3846153846.154;999.983;999.983;999.983","3782148260.212;999.999;999.999;999.999"
"parsec-blackscholes-simsmall-3",6,78.800,100.930,"2500;1000;2000;3500","3000;2000;3000;2500","1;1;1;1","78.800;48.160;48.840;51.330","100.930;48.770;50.380;50.120","2.581;0.403;0.640;1.110","4.578;0.640;0.938;0.781","0.377;0.000;0.000;0.000","0.383;0.000;0.000;0.000","0.661;1000000.800;2000001.600;3500002.800","0.650;2000003.305;3000004.957;2500004.131","0.000;0.000;0.000;0.000","0.000;0.000;0.000;0.000","3782148260.212;999.999;999.999;999.999","4615384615.385;999.998;999.998;999.998"
"parsec-blackscholes-simsmall-3",7,100.930,63.150,"3000;2000;3000;2500","1000;4000;1500;2500","1;1;1;1","100.930;48.770;50.380;50.120","63.150;50.250;48.650;49.920","4.578;0.640;0.938;0.781","0.587;0.938;0.514;0.781","0.383;0.000;0.000;0.000","0.379;0.000;0.000;0.000","0.650;2000003.305;3000004.957;2500004.131","0.657;3000000.000;1500000.000;2500000.000","0.000;0.000;0.000;0.000","0.000;0.000;0.000;0.000","4615384615.385;999.998;999.998;999.998","1522070015.221;1333.333;1000.000;1000.000"
"parsec-blackscholes-simsmall-3",8,63.150,56.900,"1000;3000;1500;2500","1500;4000;3500;3500","1;1;1;1","63.150;50.250;48.650;49.920","56.900;52.190;49.630;51.450","0.587;0.938;0.514;0.781","0.899;1.299;0.781;1.110","0.379;0.000;0.000;0.000","0.376;0.000;0.000;0.000","0.657;3000000.000;1500000.000;2500000.000","0.663;4000002.125;2500001.328;3500001.860","0.000;0.000;0.000;0.000","0.000;0.000;0.000;0.000","1522070015.221;1333.333;1000.000;1000.000","2262443438.914;999.999;1399.999;999.999"
"parsec-blackscholes-simsmall-3",9,56.900,51.730,"1500;4000;2500;3500","1000;3500;3000;3000","1;1;1;1","56.900;52.190;49.630;51.450","51.730;51.670;50.560;50.920","0.899;1.299;0.781;1.110","0.560;1.110;0.938;0.938","0.376;0.000;0.000;0.000","0.378;0.000;0.000;0.000","0.663;4000002.125;2500001.328;3500001.860","0.658;3500035.000;3000030.000;3000030.000","0.000;0.000;0.000;0.000","0.000;0.000;0.000;0.000","2262443438.914;999.999;1399.999;999.999","1519756838.906;999.990;999.990;999.990"
"parsec-blackscholes-simsmall-3",10,51.730,60.240,"1000;3500;3000;3000","3000;3500;1000;2500","1;1;1;1","51.730;51.670;50.560;50.920","60.240;51.610;48.180;50.090","0.560;1.110;0.938;0.938","1.631;1.110;0.403;0.781","0.378;0.000;0.000;0.000","0.386;0.000;0.000;0.000","0.658;3500035.000;3000030.000;3000030.000","0.647;3500019.250;1000005.500;2500013.750","0.000;0.000;0.000;0.000","0.000;0.000;0.000;0.000","1519756838.906;999.990;999.990;999.990","4636785162.287;999.995;999.995;999.995"
"parsec-blackscholes-simsmall-3",11,60.240,75.090,"2000;3500;1000;2500","1000;2500;2000;1000","1;1;1;1","60.240;51.610;48.180;50.090","49.740;75.090;61.820;48.240","1.631;1.110;0.403;0.781","0.403;3.371;2.083;0.632","0.386;0.000;0.000;0.000","0.000;0.357;0.373;0.363","0.647;3500019.250;1000005.500;2500013.750","291.041;0.701;0.671;0.688","0.000;0.000;0.000;0.000","0.000;0.000;0.000;0.000","4636785162.287;999.995;999.995;999.995","3435942.015;3566333808.845;2980625931.446;1453488372.093"
"parsec-blackscholes-simsmall-3",12,75.090,111.480,"1000;2500;2000;1000","4000;4000;1000;2000","1;1;1;1","49.740;75.090;61.820;48.240","48.730;111.480;51.340;58.020","0.403;3.371;2.083;0.632","0.640;6.246;0.575;1.693","0.000;0.357;0.373;0.363","0.000;0.365;0.382;0.381","291.041;0.701;0.671;0.688","2000000.147;0.685;0.655;0.657","0.000;0.000;0.000;0.000","0.000;0.000;0.000;0.000","3435942.015;3566333808.845;2980625931.446;1453488372.093","2000.000;5839416058.394;1526717557.252;3044140030.441"
"parsec-blackscholes-simsmall-3",13,111.480,69.180,"2000;3500;1000;2000","1000;1000;1000;1000","1;1;1;1","48.730;111.480;51.340;58.020","47.750;69.180;54.180;55.240","0.640;6.246;0.575;1.693","0.403;0.989;1.014;0.995","0.000;0.365;0.382;0.381","0.000;0.371;0.386;0.375","2000000.147;0.685;0.655;0.657","1000000.073;0.674;0.647;0.667","0.000;0.000;0.000;0.000","0.000;0.000;0.000;0.000","2000.000;5839416058.394;1526717557.252;3044140030.441","1000.000;1483679525.223;1545595054.096;1499250374.813"
"parsec-blackscholes-simsmall-3",14,69.180,73.610,"1000;1000;1000;1000","2500;3000;3000;2500","1;1;1;1","47.750;69.180;54.180;55.240","48.710;73.610;69.040;69.170","0.403;0.989;1.014;0.995","0.640;2.408;2.492;2.481","0.000;0.371;0.386;0.375","0.000;0.365;0.383;0.381","1000000.073;0.674;0.647;0.667","2000000.147;0.684;0.653;0.657","0.000;0.000;0.000;0.000","0.000;0.000;0.000;0.000","1000.000;1483679525.223;1545595054.096;1499250374.813","1250.000;4385964912.281;4594180704.441;3805175038.052"
"parsec-blackscholes-simsmall-3",15,73.610,97.360,"2000;2000;2000;2000","1000;3500;1500;1500","1;1;1;1","48.710;73.610;69.040;69.170","47.740;97.360;58.110;58.030","0.640;2.408;2.492;2.481","0.403;4.730;1.084;1.074","0.000;0.365;0.383;0.381","0.000;0.368;0.385;0.378","2000000.147;0.684;0.653;0.657","1000000.335;0.680;0.650;0.662","0.000;0.000;0.000;0.000","0.000;0.000;0.000;0.000","1250.000;4385964912.281;4594180704.441;3805175038.052","1000.000;5147058823.529;2307692307.692;2265861027.190"
"parsec-blackscholes-simsmall-3",16,97.360,70.250,"1000;3000;1500;1500","2500;1000;1000;2000","1;1;1;1","47.740;97.360;58.110;58.030","48.700;63.030;52.740;70.250","0.403;4.730;1.084;1.074","0.640;0.692;0.705;2.474","0.000;0.368;0.385;0.378","0.000;0.366;0.382;0.379","1000000.335;0.680;0.650;0.662","2000000.671;0.683;0.654;0.659","0.000;0.000;0.000;0.000","0.000;0.000;0.000;0.000","1000.000;5147058823.529;2307692307.692;2265861027.190","1250.000;1464128843.338;1529051987.768;3034901365.706"
"parsec-blackscholes-simsmall-3",17,70.250,69.050,"2000;1000;1000;2000","2500;2000;4000;2000","1;1;1;1","48.700;63.030;52.740;70.250","49.520;68.150;64.850;69.050","0.640;0.692;0.705;2.474","0.781;2.064;2.123;2.112","0.000;0.366;0.382;0.379","0.000;0.368;0.383;0.381","2000000.671;0.683;0.654;0.659","2500133.338;0.679;0.653;0.657","0.000;0.000;0.000;0.000","0.000;0.000;0.000;0.000","1250.000;1464128843.338;1529051987.768;3034901365.706","999.947;2945508100.147;6125574272.588;3044140030.441"
"parsec-blackscholes-simsmall-3",18,69.050,96.910,"2500;2000;2000;2000","1000;3500;4000;3500","1;1;1;1","49.520;68.150;64.850;69.050","47.890;95.660;95.970;96.910","0.781;2.064;2.123;2.112","0.403;4.712;4.895;4.847","0.000;0.368;0.383;0.381","0.000;0.365;0.383;0.379","2500133.338;0.679;0.653;0.657","1000000.077;0.684;0.652;0.660","0.000;0.000;0.000;0.000","0.000;0.000;0.000;0.000","999.947;2945508100.147;6125574272.588;3044140030.441","1000.000;5116959064.327;6134969325.153;5303030303.030"
"parsec-blackscholes-simsmall-3",19,96.910,68.740,"1000;3000;3000;3000","3000;1000;1000;1500","1;1;1;1","47.890;95.660;95.970;96.910","48.740;62.430;62.130;68.740","0.403;4.712;4.895;4.847","0.640;0.693;0.708;1.350","0.000;0.365;0.383;0.379","0.000;0.367;0.386;0.375","1000000.077;0.684;0.652;0.660","2000002.008;0.681;0.648;0.666","0.000;0.000;0.000;0.000","0.000;0.000;0.000;0.000","1000.000;5116959064.327;6134969325.153;5303030303.030","1499.998;1468428781.204;1543209876.543;2252252252.252"
"parsec-blackscholes-simsmall-3",20,68.740,79.360,"2000;1000;1000;1500","3500;2000;2500;4000","1;1;1;1","48.740;62.430;62.130;68.740","50.280;65.110;65.350;79.360","0.640;0.693;0.708;1.350","0.938;1.820;1.871;3.081","0.000;0.367;0.386;0.375","0.000;0.366;0.382;0.380","2000002.008;0.681;0.648;0.666","3000001.018;0.683;0.655;0.658","0.000;0.000;0.000;0.000","0.000;0.000;0.000;0.000","1499.998;1468428781.204;1543209876.543;2252252252.252","1166.666;2928257686.676;3816793893.130;6079027355.623"
"parsec-blackscholes-simsmall-3",21,79.360,64.610,"3000;2000;2000;2500","1500;1500;1500;1000","1;1;1;1","50.280;65.110;65.350;79.360","48.560;64.200;64.610;59.780","0.938;1.820;1.871;3.081","0.514;1.612;1.656;0.800","0.000;0.366;0.382;0.380","0.000;0.370;0.385;0.377","3000001.018;0.683;0.655;0.658","1500036.509;0.675;0.649;0.663","0.000;0.000;0.000;0.000","0.000;0.000;0.000;0.000","1166.666;2928257686.676;3816793893.130;6079027355.623","999.976;2222222222.222;2311248073.960;1508295625.943"
"parsec-blackscholes-simsmall-3",22,64.610,58.270,"1500;1500;1500;1000","2500;1000;1000;1500","1;1;1;1","48.560;64.200;64.610;59.780","49.540;53.840;54.010;58.270","0.514;1.612;1.656;0.800","0.781;0.631;0.644;1.190","0.000;0.370;0.385;0.377","0.000;0.362;0.382;0.380","1500036.509;0.675;0.649;0.663","2500072.699;0.691;0.654;0.658","0.000;0.000;0.000;0.000","0.000;0.000;0.000;0.000","999.976;2222222222.222;2311248073.960;1508295625.943","999.971;1447178002.894;1529051987.768;2279635258.359"
"parsec-blackscholes-simsmall-3",23,58.270,69.810,"2500;1000;1000;1500","1500;1500;2000;1500","1;1;1;1","49.540;53.840;54.010;58.270","48.430;57.980;69.810;59.300","0.781;0.631;0.644;1.190","0.514;1.338;2.497;1.355","0.000;0.362;0.382;0.380","0.000;0.370;0.384;0.378","2500072.699;0.691;0.654;0.658","1500000.512;0.675;0.651;0.661","0.000;0.000;0.000;0.000","0.000;0.000;0.000;0.000","999.971;1447178002.894;1529051987.768;2279635258.359","1000.000;2222222222.222;3072196620.584;2269288956.127"
"parsec-blackscholes-simsmall-3",24,69.810,97.490,"1500;1500;2000;1500","2500;4000;3000;4000","1;1;1;1","48.430;57.980;69.810;59.300","49.500;74.710;97.490;75.950","0.514;1.338;2.497;1.355","0.781;3.002;4.900;3.073","0.000;0.370;0.384;0.378","0.000;0.367;0.384;0.379","1500000.512;0.675;0.651;0.661","2500000.854;0.681;0.651;0.660","0.000;0.000;0.000;0.000","0.000;0.000;0.000;0.000","1000.000;2222222222.222;3072196620.584;2269288956.127","1000.000;5873715124.816;4608294930.876;6060606060.606"
"parsec-blackscholes-simsmall-3",25,97.490,98.460,"2500;2500;3000;2500","1000;3000;1000;3000","1;1;1;1","49.500;74.710;97.490;75.950","47.900;96.560;61.590;98.460","0.781;3.002;4.900;3.073","0.403;4.711;0.603;4.847","0.000;0.367;0.384;0.379","0.000;0.365;0.379;0.379","2500000.854;0.681;0.651;0.660","1000000.083;0.684;0.659;0.660","0.000;0.000;0.000;0.000","0.000;0.000;0.000;0.000","1000.000;5873715124.816;4608294930.876;6060606060.606","1000.000;4385964912.281;1517450682.853;4545454545.455"
"parsec-blackscholes-simsmall-3",26,98.460,91.310,"1000;3000;1000;3000","4000;2000;4000;2500","1;1;1;1","47.900;96.560;61.590;98.460","48.750;75.580;68.350;91.310","0.403;4.711;0.603;4.847","0.640;2.068;2.128;3.540","0.000;0.365;0.379;0.379","0.000;0.369;0.385;0.380","1000000.083;0.684;0.659;0.660","2000042.167;0.677;0.650;0.658","0.000;0.000;0.000;0.000","0.000;0.000;0.000;0.000","1000.000;4385964912.281;1517450682.853;4545454545.455","1999.958;2954209748.892;6153846153.846;3799392097.264"
"parsec-blackscholes-simsmall-3",27,91.310,97.690,"2000;2000;2000;2500","2500;2000;4000;1000","1;1;1;1","48.750;75.580;68.350;91.310","49.540;68.400;97.690;61.010","0.640;2.068;2.128;3.540","0.781;1.825;4.895;0.601","0.000;0.369;0.385;0.380","0.000;0.368;0.383;0.376","2000042.167;0.677;0.650;0.658","2500000.209;0.680;0.652;0.665","0.000;0.000;0.000;0.000","0.000;0.000;0.000;0.000","1999.958;2954209748.892;6153846153.846;3799392097.264","1000.000;2941176470.588;6134969325.153;1503759398.496"
"parsec-blackscholes-simsmall-3",28,97.690,91.410,"2500;2000;3000;1000","2000;2000;2500;3000","1;1;1;1","49.540;68.400;97.690;61.010","49.030;69.110;91.410;68.270","0.781;1.825;4.895;0.601","0.640;2.061;3.558;2.111","0.000;0.368;0.383;0.376","0.000;0.367;0.382;0.380","2500000.209;0.680;0.652;0.665","2000000.167;0.681;0.654;0.658","0.000;0.000;0.000;0.000","0.000;0.000;0.000;0.000","1000.000;2941176470.588;6134969325.153;1503759398.496","1000.000;2936857562.408;3822629969.419;4559270516.717"
"parsec-blackscholes-simsmall-3",29,91.410,120.620,"2000;2000;2500;2000","3000;4000;3500;3000","1;1;1;1","49.030;69.110;91.410;68.270","50.350;89.970;120.620;90.860","0.640;2.061;3.558;2.111","0.938;4.189;6.512;4.288","0.000;0.367;0.382;0.380","0.000;0.368;0.384;0.379","2000000.167;0.681;0.654;0.658","3000003.036;0.680;0.651;0.660","0.000;0.000;0.000;0.000","0.000;0.000;0.000;0.000","1000.000;2936857562.408;3822629969.419;4559270516.717","999.999;5882352941.176;5376344086.022;4545454545.455"
"parsec-blackscholes-simsmall-3",30,120.620,73.220,"3000;3000;3500;3000","1000;1000;1000;1000","1;1;1;1","50.350;89.970;120.620;90.860","48.070;64.310;73.220;64.720","0.938;4.189;6.512;4.288","0.403;0.975;1.014;0.996","0.000;0.368;0.384;0.379","0.000;0.362;0.386;0.375","3000003.036;0.680;0.651;0.660","1000105.012;0.690;0.647;0.666","0.000;0.000;0.000;0.000","0.000;0.000;0.000;0.000","999.999;5882352941.176;5376344086.022;4545454545.455","999.895;1449275362.319;1545595054.096;1501501501.502"
"parsec-blackscholes-simsmall-3",31,73.220,76.500,"1000;1000;1000;1000","1500;1500;2000;4000","1;1;1;1","48.070;64.310;73.220;64.720","48.210;61.360;76.500;73.090","0.403;0.975;1.014;0.996","0.514;1.338;2.484;2.480","0.000;0.362;0.386;0.375","0.000;0.370;0.381;0.381","1000105.012;0.690;0.647;0.666","1500026.631;0.675;0.656;0.657","0.000;0.000;0.000;0.000","0.000;0.000;0.000;0.000","999.895;1449275362.319;1545595054.096;1501501501.502","999.982;2222222222.222;3048780487.805;6088280060.883"
"parsec-blackscholes-simsmall-3",32,76.500,100.570,"1500;1500;2000;2000","3000;1500;3000;3000","1;1;1;1","48.210;61.360;76.500;73.090","49.470;56.970;100.570;98.380","0.514;1.338;2.484;2.480","0.781;1.056;4.891;4.847","0.000;0.370;0.381;0.381","0.000;0.366;0.383;0.379","1500026.631;0.675;0.656;0.657","2500000.219;0.683;0.653;0.660","0.000;0.000;0.000;0.000","0.000;0.000;0.000;0.000","999.982;2222222222.222;3048780487.805;6088280060.883","1200.000;2196193265.007;4594180704.441;4545454545.455"
"parsec-blackscholes-simsmall-3",33,100.570,83.860,"2500;1500;3000;3000","4000;2500;2500;1500","1;1;1;1","49.470;56.970;100.570;98.380","51.230;71.220;83.860;65.450","0.781;1.056;4.891;4.847","1.110;2.685;2.772;0.994","0.000;0.366;0.383;0.379","0.000;0.367;0.383;0.378","2500000.219;0.683;0.653;0.660","3500001.223;0.681;0.652;0.662","0.000;0.000;0.000;0.000","0.000;0.000;0.000;0.000","1200.000;2196193265.007;4594180704.441;4545454545.455","1142.857;3671071953.010;3834355828.221;2265861027.190"
"parsec-blackscholes-simsmall-3",34,83.860,119.160,"3500;2500;2500;1500","1500;3000;4000;2500","1;1;1;1","51.230;71.220;83.860;65.450","48.760;89.950;119.160;74.970","1.110;2.685;2.772;0.994","0.514;4.192;6.509;2.742","0.000;0.367;0.383;0.378","0.000;0.368;0.383;0.378","3500001.223;0.681;0.652;0.662","1500004.095;0.679;0.652;0.662","0.000;0.000;0.000;0.000","0.000;0.000;0.000;0.000","1142.857;3671071953.010;3834355828.221;2265861027.190","999.997;4418262150.221;6134969325.153;3776435045.317"
"parsec-blackscholes-simsmall-3",35,119.160,72.860,"1500;3000;3500;2500","1000;1000;1000;1000","1;1;1;1","48.760;89.950;119.160;74.970","47.830;64.180;72.860;61.170","0.514;4.192;6.509;2.742","0.403;0.983;1.010;1.008","0.000;0.368;0.383;0.378","0.000;0.367;0.385;0.383","1500004.095;0.679;0.652;0.662","1000000.730;0.681;0.650;0.653","0.000;0.000;0.000;0.000","0.000;0.000;0.000;0.000","999.997;4418262150.221;6134969325.153;3776435045.317","999.999;1468428781.204;1538461538.462;1531393568.147"
"parsec-blackscholes-simsmall-3",36,72.860,76.530,"1000;1000;1000;1000","1500;1000;2500;3500","1;1;1;1","47.830;64.180;72.860;61.170","48.170;55.100;76.530;71.700","0.403;0.983;1.010;1.008","0.514;0.692;2.493;2.461","0.000;0.367;0.385;0.383","0.000;0.366;0.383;0.377","1000000.730;0.681;0.650;0.653","1500000.524;0.683;0.653;0.664","0.000;0.000;0.000;0.000","0.000;0.000;0.000;0.000","999.999;1468428781.204;1538461538.462;1531393568.147","1000.000;1464128843.338;3828483920.368;5271084337.349"
"parsec-blackscholes-simsmall-3",37,76.530,97.820,"1500;1000;2000;2000","4000;2000;2500;3000","1;1;1;1","48.170;55.100;76.530;71.700","49.470;62.680;82.040;97.820","0.514;0.692;2.493;2.461","0.781;1.820;3.108;4.846","0.000;0.366;0.383;0.377","0.000;0.366;0.384;0.379","1500000.524;0.683;0.653;0.664","2500001.474;0.683;0.651;0.660","0.000;0.000;0.000;0.000","0.000;0.000;0.000;0.000","1000.000;1464128843.338;3828483920.368;5271084337.349","1599.999;2928257686.676;3840245775.730;4545454545.455"
"parsec-blackscholes-simsmall-3",38,97.820,87.880,"2500;2000;2500;3000","4000;3500;1500;2000","1;1;1;1","49.470;62.680;82.040;97.820","51.230;87.880;62.030;71.770","0.781;1.820;3.108;4.846","1.110;4.192;0.998;1.692","0.000;0.366;0.384;0.379","0.000;0.368;0.381;0.381","2500001.474;0.683;0.651;0.660","3500001.980;0.680;0.657;0.657","0.000;0.000;0.000;0.000","0.000;0.000;0.000;0.000","1599.999;2928257686.676;3840245775.730;4545454545.455","1142.856;5147058823.529;2283105022.831;3044140030.441"
"parsec-blackscholes-simsmall-3",39,87.880,100.380,"3500;3000;1500;2000","2500;3000;3000;2500","1;1;1;1","51.230;87.880;62.030;71.770","50.010;100.380;78.160;80.270","1.110;4.192;0.998;1.692","0.781;4.739;3.105;3.075","0.000;0.368;0.381;0.381","0.000;0.368;0.384;0.379","3500001.980;0.680;0.657;0.657","2500000.645;0.679;0.651;0.660","0.000;0.000;0.000;0.000","0.000;0.000;0.000;0.000","1142.856;5147058823.529;2283105022.831;3044140030.441","1000.000;4418262150.221;4608294930.876;3787878787.879"
"parsec-blackscholes-simsmall-3",40,100.380,134.120,"2500;3000;2500;2500","1000;4000;2000;1500","1;1;1;1","50.010;100.380;78.160;80.270","48.050;134.120;64.230;60.540","0.781;4.739;3.105;3.075","0.403;7.715;1.442;0.932","0.000;0.368;0.384;0.379","0.000;0.346;0.332;0.376","2500000.645;0.679;0.651;0.660","3289.475;0.723;0.754;0.665","0.000;0.000;0.000;0.000","0.000;0.000;0.000;0.000","1000.000;4418262150.221;4608294930.876;3787878787.879","303999.878;5532503457.815;2652519893.899;2255639097.744"
"parsec-blackscholes-simsmall-3",41,134.120,69.650,"1000;4000;2000;1500","1000;1000;1000;1000","1;1;1;1","48.050;134.120;64.230;60.540","47.700;69.650;51.740;57.820","0.403;7.715;1.442;0.932","0.403;0.403;0.403;1.008","0.000;0.346;0.332;0.376","0.000;0.000;0.000;0.383","3289.475;0.723;0.754;0.665","1000040.453;1000040.453;1000040.453;0.653","0.000;0.000;0.000;0.000","0.000;0.000;0.000;0.000","303999.878;5532503457.815;2652519893.899;2255639097.744","999.960;999.960;999.960;1531393568.147"
"parsec-blackscholes-simsmall-3",42,69.650,64.360,"1000;1000;1000;1000","2500;1500;3000;1500","1;1;1;1","47.700;69.650;51.740;57.820","64.360;54.940;49.070;52.520","0.403;0.403;0.403;1.008","2.196;0.514;0.640;0.754","0.000;0.000;0.000;0.383","0.341;0.000;0.000;0.108","1000040.453;1000040.453;1000040.453;0.653","0.731;1500007.750;2000010.334;2.314","0.000;0.000;0.000;0.000","0.000;0.000;0.000;0.000","999.960;999.960;999.960;1531393568.147","3419972640.219;999.995;1499.992;648228176.318"
"parsec-blackscholes-simsmall-3",43,64.360,71.900,"2000;1500;2000;1500","2000;2500;2500;3000","1;1;1;1","64.360;54.940;49.070;52.520","71.900;50.240;49.830;49.740","2.196;0.514;0.640;0.754","2.432;0.781;0.781;0.781","0.341;0.000;0.000;0.108","0.490;0.000;0.000;0.000","0.731;1500007.750;2000010.334;2.314","0.508;2500046.667;2500046.667;2500046.667","0.000;0.000;0.000;0.000","0.000;0.000;0.000;0.000","3419972640.219;999.995;1499.992;648228176.318","3937007874.016;999.981;999.981;1199.978"
"parsec-blackscholes-simsmall-3",0,101.130,90.180,"4000;4000;4000;4000","3000;1000;3000;2500","1;1;1;1","101.130;51.360;50.690;51.450","90.180;46.940;49.540;48.790","4.996;1.110;0.938;1.110","4.543;0.403;0.938;0.781","0.486;0.000;0.000;0.000","0.380;0.000;0.000;0.000","0.512;3309418.198;2836644.170;3309418.198","0.655;1000000.275;3000000.826;2500000.689","0.000;0.000;0.000;0.000","0.000;0.000;0.000;0.000","-1953125.000;-0.302;-0.353;-0.302","4580152671.756;1000.000;1000.000;1000.000"
"parsec-blackscholes-simsmall-3",1,90.180,136.620,"3000;1000;3000;2500","4000;2000;1000;1000","1;1;1;1","90.180;46.940;49.540;48.790","136.620;48.400;47.850;47.700","4.543;0.403;0.938;0.781","7.723;0.640;0.403;0.403","0.380;0.000;0.000;0.000","0.376;0.000;0.000;0.000","0.655;1000000.275;3000000.826;2500000.689","0.662;2000000.000;1000000.000;1000000.000","0.000;0.000;0.000;0.000","0.000;0.000;0.000;0.000","4580152671.756;1000.000;1000.000;1000.000","6042296072.508;1000.000;1000.000;1000.000"
"parsec-blackscholes-simsmall-3",2,136.620,75.970,"4000;2000;1000;1000","1000;1000;1000;1000","1;1;1;1","136.620;48.400;47.850;47.700","75.970;47.580;47.600;47.550","7.723;0.640;0.403;0.403","0.958;0.403;0.403;0.403","0.376;0.000;0.000;0.000","0.381;0.000;0.000;0.000","0.662;2000000.000;1000000.000;1000000.000","0.654;1000000.000;1000000.000;1000000.000","0.000;0.000;0.000;0.000","0.000;0.000;0.000;0.000","6042296072.508;1000.000;1000.000;1000.000","1529051987.768;1000.000;1000.000;1000.000"
"parsec-blackscholes-simsmall-3",3,75.970,77.160,"1000;1000;1000;1000","3000;1000;4000;4000","1;1;1;1","75.970;47.580;47.600;47.550","77.160;47.470;48.690;48.670","0.958;0.403;0.403;0.403","2.347;0.403;0.640;0.640","0.381;0.000;0.000;0.000","0.382;0.000;0.000;0.000","0.654;1000000.000;1000000.000;1000000.000","0.651;1000004.500;2000009.000;2000009.000","0.000;0.000;0.000;0.000","0.000;0.000;0.000;0.000","1529051987.768;1000.000;1000.000;1000.000","4608294930.876;999.996;1999.991;1999.991"
"parsec-blackscholes-simsmall-3",4,77.160,99.920,"2000;1000;2000;2000","3500;4000;4000;1000","1;1;1;1","77.160;47.470;48.690;48.670","99.920;48.580;50.330;47.750","2.347;0.403;0.640;0.640","4.504;0.640;0.938;0.403","0.382;0.000;0.000;0.000","0.376;0.000;0.000;0.000","0.651;1000004.500;2000009.000;2000009.000","0.663;2000000.621;3000000.931;1000000.310","0.000;0.000;0.000;0.000","0.000;0.000;0.000;0.000","4608294930.876;999.996;1999.991;1999.991","5279034690.799;1999.999;1333.333;1000.000"
"parsec-blackscholes-simsmall-3",5,99.920,142.070,"3000;2000;3000;1000","4000;3000;3000;1500","1;1;1;1","99.920;48.580;50.330;47.750","142.070;50.180;50.660;48.130","4.504;0.640;0.938;0.403","7.805;0.938;0.938;0.514","0.376;0.000;0.000;0.000","0.381;0.000;0.000;0.000","0.663;2000000.621;3000000.931;1000000.310","0.653;3000000.000;3000000.000;1500000.000","0.000;0.000;0.000;0.000","0.000;0.000;0.000;0.000","5279034690.799;1999.999;1333.333;1000.000","6125574272.588;1000.000;1000.000;1000.000"
"parsec-blackscholes-simsmall-3",6,142.070,78.440,"4000;3000;3000;1500","1000;1000;1000;1000","1;1;1;1","142.070;50.180;50.660;48.130","78.440;47.960;48.190;47.660","7.805;0.938;0.938;0.514","0.948;0.403;0.403;0.403","0.381;0.000;0.000;0.000","0.374;0.000;0.000;0.000","0.653;3000000.000;3000000.000;1500000.000","0.666;1000000.000;1000000.000;1000000.000","0.000;0.000;0.000;0.000","0.000;0.000;0.000;0.000","6125574272.588;1000.000;1000.000;1000.000","1501501501.502;1000.000;1000.000;1000.000"
"parsec-blackscholes-simsmall-3",7,78.440,60.680,"1000;1000;1000;1000","1000;2000;2500;3500","1;1;1;1","78.440;47.960;48.190;47.660","60.680;48.730;48.880;48.720","0.948;0.403;0.403;0.403","0.677;0.640;0.640;0.640","0.374;0.000;0.000;0.000","0.376;0.000;0.000;0.000","0.666;1000000.000;1000000.000;1000000.000","0.662;2000000.000;2000000.000;2000000.000","0.000;0.000;0.000;0.000","0.000;0.000;0.000;0.000","1501501501.502;1000.000;1000.000;1000.000","1510574018.127;1000.000;1250.000;1750.000"
"parsec-blackscholes-simsmall-3",8,60.680,66.060,"1000;2000;2000;2000","3500;2000;1000;3000","1;1;1;1","60.680;48.730;48.880;48.720","66.060;48.850;47.840;50.340","0.677;0.640;0.640;0.640","1.781;0.640;0.403;0.938","0.376;0.000;0.000;0.000","0.384;0.000;0.000;0.000","0.662;2000000.000;2000000.000;2000000.000","0.648;2000000.000;1000000.000;3000000.000","0.000;0.000;0.000;0.000","0.000;0.000;0.000;0.000","1510574018.127;1000.000;1250.000;1750.000","5401234567.901;1000.000;1000.000;1000.000"
"parsec-blackscholes-simsmall-3",9,66.060,100.950,"2000;2000;1000;3000","2000;3500;1000;4000","1;1;1;1","66.060;48.850;47.840;50.340","55.290;67.840;47.700;100.950","1.781;0.640;0.403;0.938","0.893;2.898;0.505;6.150","0.384;0.000;0.000;0.000","0.109;0.253;0.260;0.261","0.648;2000000.000;1000000.000;3000000.000","2.283;0.987;0.962;0.957","0.000;0.000;0.000;0.000","0.000;0.000;0.000;0.000","5401234567.901;1000.000;1000.000;1000.000","876040297.854;3546099290.780;1039501039.501;4179728317.659"
"parsec-blackscholes-simsmall-3",10,100.950,139.890,"2000;3000;1000;4000","2000;1500;1500;4000","1;1;1;1","55.290;67.840;47.700;100.950","49.320;55.580;50.480;139.890","0.893;2.898;0.505;6.150","0.640;0.926;0.941;8.364","0.109;0.253;0.260;0.261","0.000;0.370;0.384;0.381","2.283;0.987;0.962;0.957","2000006.000;0.675;0.651;0.657","0.000;0.000;0.000;0.000","0.000;0.000;0.000;0.000","876040297.854;3546099290.780;1039501039.501;4179728317.659","999.997;2222222222.222;2304147465.438;6088280060.883"
"parsec-blackscholes-simsmall-3",11,139.890,77.040,"2000;1500;1500;4000","1000;1000;1000;1000","1;1;1;1","49.320;55.580;50.480;139.890","47.860;54.970;53.540;77.040","0.640;0.926;0.941;8.364","0.403;0.977;1.011;1.001","0.000;0.370;0.384;0.381","0.000;0.364;0.385;0.379","2000006.000;0.675;0.651;0.657","1000000.625;0.687;0.650;0.660","0.000;0.000;0.000;0.000","0.000;0.000;0.000;0.000","999.997;2222222222.222;2304147465.438;6088280060.883","999.999;1455604075.691;1538461538.462;1515151515.152"
"parsec-blackscholes-simsmall-3",12,77.040,77.350,"1000;1000;1000;1000","3000;4000;1500;2500","1;1;1;1","47.860;54.970;53.540;77.040","48.770;68.560;57.210;77.350","0.403;0.977;1.011;1.001","0.640;2.417;1.363;2.472","0.000;0.364;0.385;0.379","0.000;0.368;0.382;0.379","1000000.625;0.687;0.650;0.660","2000001.008;0.680;0.655;0.660","0.000;0.000;0.000;0.000","0.000;0.000;0.000;0.000","999.999;1455604075.691;1538461538.462;1515151515.152","1499.999;5882352941.176;2290076335.878;3787878787.879"
"parsec-blackscholes-simsmall-3",13,77.350,80.450,"2000;2000;1500;2000","1500;1500;2500;1500","1;1;1;1","48.770;68.560;57.210;77.350","48.310;59.100;80.450;63.290","0.640;2.417;1.363;2.472","0.514;1.173;3.568;1.187","0.000;0.368;0.382;0.379","0.000;0.370;0.383;0.378","2000001.008;0.680;0.655;0.660","1500000.690;0.675;0.652;0.661","0.000;0.000;0.000;0.000","0.000;0.000;0.000;0.000","1499.999;5882352941.176;2290076335.878;3787878787.879","1000.000;2222222222.222;3834355828.221;2269288956.127"
"parsec-blackscholes-simsmall-3",14,80.450,99.750,"1500;1500;2500;1500","3500;3000;3000;1500","1;1;1;1","48.310;59.100;80.450;63.290","49.480;75.080;99.750;58.170","0.514;1.173;3.568;1.187","0.781;3.006;4.895;1.077","0.000;0.370;0.383;0.378","0.000;0.368;0.383;0.379","1500000.690;0.675;0.652;0.661","2500000.265;0.680;0.652;0.659","0.000;0.000;0.000;0.000","0.000;0.000;0.000;0.000","1000.000;2222222222.222;3834355828.221;2269288956.127","1400.000;4411764705.882;4601226993.865;2276176024.279"
"parsec-blackscholes-simsmall-3",15,99.750,81.340,"2500;2500;3000;1500","1500;1500;1500;4000","1;1;1;1","49.480;75.080;99.750;58.170","48.430;60.900;67.800;81.340","0.781;3.006;4.895;1.077","0.514;1.165;1.198;3.527","0.000;0.368;0.383;0.379","0.000;0.366;0.384;0.378","2500000.265;0.680;0.652;0.659","1500000.662;0.683;0.651;0.662","0.000;0.000;0.000;0.000","0.000;0.000;0.000;0.000","1400.000;4411764705.882;4601226993.865;2276176024.279","1000.000;2196193265.007;2304147465.438;6042296072.508"
"parsec-blackscholes-simsmall-3",16,81.340,116.290,"1500;1500;1500;2500","3000;3000;4000;3500","1;1;1;1","48.430;60.900;67.800;81.340","49.510;72.230;75.730;116.290","0.514;1.165;1.198;3.527","0.781;2.690;2.771;6.445","0.000;0.366;0.384;0.378","0.000;0.368;0.383;0.379","1500000.662;0.683;0.651;0.662","2500001.988;0.679;0.652;0.659","0.000;0.000;0.000;0.000","0.000;0.000;0.000;0.000","1000.000;2196193265.007;2304147465.438;6042296072.508","1199.999;4418262150.221;6134969325.153;5311077389.985"
"parsec-blackscholes-simsmall-3",17,116.290,71.210,"2500;2500;2500;3500","1000;1000;1000;1000","1;1;1;1","49.510;72.230;75.730;116.290","47.910;59.610;61.330;71.210","0.781;2.690;2.771;6.445","0.403;0.989;1.010;1.002","0.000;0.368;0.383;0.379","0.000;0.371;0.384;0.379","2500001.988;0.679;0.652;0.659","1000005.041;0.674;0.651;0.660","0.000;0.000;0.000;0.000","0.000;0.000;0.000;0.000","1199.999;4418262150.221;6134969325.153;5311077389.985","999.995;1483679525.223;1536098310.292;1515151515.152"
"parsec-blackscholes-simsmall-3",18,71.210,72.050,"1000;1000;1000;1000","3000;1500;3000;1500","1;1;1;1","47.910;59.610;61.330;71.210","48.760;59.330;72.050;63.970","0.403;0.989;1.010;1.002","0.640;1.327;2.492;1.353","0.000;0.371;0.384;0.379","0.000;0.365;0.383;0.377","1000005.041;0.674;0.651;0.660","2000000.964;0.684;0.653;0.663","0.000;0.000;0.000;0.000","0.000;0.000;0.000;0.000","999.995;1483679525.223;1536098310.292;1515151515.152","1499.999;2192982456.140;4594180704.441;2262443438.914"
"parsec-blackscholes-simsmall-3",19,72.050,98.430,"2000;1500;2000;1500","2000;4000;4000;3500","1;1;1;1","48.760;59.330;72.050;63.970","48.890;75.230;98.430;78.150","0.640;1.327;2.492;1.353","0.640;3.007;4.896;3.073","0.000;0.365;0.383;0.377","0.000;0.368;0.383;0.379","2000000.964;0.684;0.653;0.663","2000000.164;0.680;0.652;0.660","0.000;0.000;0.000;0.000","0.000;0.000;0.000;0.000","1499.999;2192982456.140;4594180704.441;2262443438.914","1000.000;5882352941.176;6134969325.153;5303030303.030"
"parsec-blackscholes-simsmall-3",20,98.430,115.860,"2000;2500;3000;2500","2500;3500;2500;4000","1;1;1;1","48.890;75.230;98.430;78.150","49.580;112.920;82.690;115.860","0.640;3.007;4.896;3.073","0.781;6.298;2.776;6.439","0.000;0.368;0.383;0.379","0.000;0.369;0.385;0.379","2000000.164;0.680;0.652;0.660","2500000.568;0.678;0.650;0.660","0.000;0.000;0.000;0.000","0.000;0.000;0.000;0.000","1000.000;5882352941.176;6134969325.153;5303030303.030","1000.000;5162241887.906;3846153846.154;6060606060.606"
"parsec-blackscholes-simsmall-3",21,115.860,71.300,"2500;3500;2500;3500","1000;1000;1000;1000","1;1;1;1","49.580;112.920;82.690;115.860","47.930;69.810;63.570;71.300","0.781;6.298;2.776;6.439","0.403;0.976;1.006;1.007","0.000;0.369;0.385;0.379","0.000;0.363;0.382;0.382","2500000.568;0.678;0.650;0.660","1000012.227;0.689;0.654;0.654","0.000;0.000;0.000;0.000","0.000;0.000;0.000;0.000","1000.000;5162241887.906;3846153846.154;6060606060.606","999.988;1451378809.869;1529051987.768;1529051987.768"
"parsec-blackscholes-simsmall-3",22,71.300,75.320,"1000;1000;1000;1000","4000;2500;1500;2500","1;1;1;1","47.930;69.810;63.570;71.300","48.770;74.280;61.660;75.320","0.403;0.976;1.006;1.007","0.640;2.430;1.369;2.462","0.000;0.363;0.382;0.382","0.000;0.370;0.385;0.377","1000012.227;0.689;0.654;0.654","2000000.757;0.676;0.650;0.664","0.000;0.000;0.000;0.000","0.000;0.000;0.000;0.000","999.988;1451378809.869;1529051987.768;1529051987.768","1999.999;3698224852.071;2307692307.692;3765060240.964"
"parsec-blackscholes-simsmall-3",23,75.320,99.470,"2000;2000;1500;2000","1000;1000;3500;3000","1;1;1;1","48.770;74.280;61.660;75.320","47.780;56.480;77.400;99.470","0.640;2.430;1.369;2.462","0.403;0.595;3.097;4.846","0.000;0.370;0.385;0.377","0.000;0.365;0.382;0.379","2000000.757;0.676;0.650;0.664","1000000.379;0.684;0.654;0.660","0.000;0.000;0.000;0.000","0.000;0.000;0.000;0.000","1999.999;3698224852.071;2307692307.692;3765060240.964","1000.000;1461988304.094;5351681957.187;4545454545.455"
"parsec-blackscholes-simsmall-3",24,99.470,141.230,"1000;1000;2500;3000","4000;2500;2000;4000","1;1;1;1","47.780;56.480;77.400;99.470","48.740;59.940;65.150;141.230","0.403;0.595;3.097;4.846","0.640;1.527;1.567;8.351","0.000;0.365;0.382;0.379","0.000;0.367;0.383;0.379","1000000.379;0.684;0.654;0.660","2000000.757;0.681;0.652;0.659","0.000;0.000;0.000;0.000","0.000;0.000;0.000;0.000","1000.000;1461988304.094;5351681957.187;4545454545.455","1999.999;3671071953.010;3067484662.577;6069802731.411"
"parsec-blackscholes-simsmall-3",25,141.230,78.270,"2000;2000;2000;4000","1000;1000;1000;1000","1;1;1;1","48.740;59.940;65.150;141.230","47.770;56.740;58.650;78.270","0.640;1.527;1.567;8.351","0.403;0.990;1.008;1.000","0.000;0.367;0.383;0.379","0.000;0.372;0.383;0.378","2000000.757;0.681;0.652;0.659","1000083.209;0.672;0.653;0.662","0.000;0.000;0.000;0.000","0.000;0.000;0.000;0.000","1999.999;3671071953.010;3067484662.577;6069802731.411","999.917;1488095238.095;1531393568.147;1510574018.127"
"parsec-blackscholes-simsmall-3",26,78.270,78.230,"1000;1000;1000;1000","2000;1000;2000;2500","1;1;1;1","47.770;56.740;58.650;78.270","48.740;52.410;71.190;78.230","0.403;0.990;1.008;1.000","0.640;0.694;2.496;2.474","0.000;0.372;0.383;0.378","0.000;0.369;0.383;0.379","1000083.209;0.672;0.653;0.662","2000000.757;0.678;0.652;0.660","0.000;0.000;0.000;0.000","0.000;0.000;0.000;0.000","999.917;1488095238.095;1531393568.147;1510574018.127","1000.000;1474926253.687;3067484662.577;3787878787.879"
"parsec-blackscholes-simsmall-3",27,78.230,100.900,"2000;1000;2000;2000","2500;1500;1000;3000","1;1;1;1","48.740;52.410;71.190;78.230","49.550;54.110;55.090;100.900","0.640;0.694;2.496;2.474","0.781;1.059;0.604;4.846","0.000;0.369;0.383;0.379","0.000;0.368;0.382;0.379","2000000.757;0.678;0.652;0.660","2500063.027;0.680;0.654;0.660","0.000;0.000;0.000;0.000","0.000;0.000;0.000;0.000","1000.000;1474926253.687;3067484662.577;3787878787.879","999.975;2205882352.941;1529051987.768;4545454545.455"
"parsec-blackscholes-simsmall-3",28,100.900,82.170,"2500;1500;1000;3000","1000;2000;1500;2000","1;1;1;1","49.550;54.110;55.090;100.900","47.920;68.390;58.850;82.170","0.781;1.059;0.604;4.846","0.403;2.413;1.373;2.461","0.000;0.368;0.382;0.379","0.000;0.367;0.386;0.377","2500063.027;0.680;0.654;0.660","1000010.711;0.682;0.647;0.664","0.000;0.000;0.000;0.000","0.000;0.000;0.000;0.000","999.975;2205882352.941;1529051987.768;4545454545.455","999.989;2932551319.648;2318392581.144;3012048192.771"
"parsec-blackscholes-simsmall-3",29,82.170,101.810,"1000;2000;1500;2000","2500;1500;3000;4000","1;1;1;1","47.920;68.390;58.850;82.170","48.770;57.870;76.150;101.810","0.403;2.413;1.373;2.461","0.640;1.062;3.097;4.847","0.000;0.367;0.386;0.377","0.000;0.370;0.382;0.379","1000010.711;0.682;0.647;0.664","2000000.759;0.676;0.654;0.660","0.000;0.000;0.000;0.000","0.000;0.000;0.000;0.000","999.989;2932551319.648;2318392581.144;3012048192.771","1250.000;2218934911.243;4587155963.303;6060606060.606"
"parsec-blackscholes-simsmall-3",30,101.810,142.320,"2000;1500;2500;3000","1000;3000;2000;4000","1;1;1;1","48.770;57.870;76.150;101.810","47.780;68.510;64.510;142.320","0.640;1.062;3.097;4.847","0.403;2.450;1.566;8.351","0.000;0.370;0.382;0.379","0.000;0.368;0.383;0.380","2000000.759;0.676;0.654;0.660","1000000.379;0.680;0.653;0.658","0.000;0.000;0.000;0.000","0.000;0.000;0.000;0.000","1250.000;2218934911.243;4587155963.303;6060606060.606","1000.000;4411764705.882;3062787136.294;6079027355.623"
"parsec-blackscholes-simsmall-3",31,142.320,78.880,"1000;2500;2000;4000","1000;1000;1000;1000","1;1;1;1","47.780;68.510;64.510;142.320","47.610;58.440;58.350;78.880","0.403;2.450;1.566;8.351","0.403;0.980;1.010;1.001","0.000;0.368;0.383;0.380","0.000;0.365;0.384;0.378","1000000.379;0.680;0.653;0.658","1000008.379;0.684;0.651;0.661","0.000;0.000;0.000;0.000","0.000;0.000;0.000;0.000","1000.000;4411764705.882;3062787136.294;6079027355.623","999.992;1461988304.094;1536098310.292;1512859304.085"
"parsec-blackscholes-simsmall-3",32,78.880,70.980,"1000;1000;1000;1000","2000;3000;4000;1000","1;1;1;1","47.610;58.440;58.350;78.880","48.700;69.920;70.980;61.000","0.403;0.980;1.010;1.001","0.640;2.415;2.493;0.699","0.000;0.365;0.384;0.378","0.000;0.367;0.383;0.375","1000008.379;0.684;0.651;0.661","2000000.759;0.681;0.653;0.666","0.000;0.000;0.000;0.000","0.000;0.000;0.000;0.000","999.992;1461988304.094;1536098310.292;1512859304.085","1000.000;4405286343.612;6125574272.588;1501501501.502"
"parsec-blackscholes-simsmall-3",33,70.980,72.810,"2000;2000;2000;1000","2000;2000;1500;1500","1;1;1;1","48.700;69.920;70.980;61.000","48.880;72.810;62.480;61.770","0.640;2.415;2.493;0.699","0.640;2.434;1.370;1.363","0.000;0.367;0.383;0.375","0.000;0.371;0.385;0.382","2000000.759;0.681;0.653;0.666","2000001.137;0.674;0.650;0.655","0.000;0.000;0.000;0.000","0.000;0.000;0.000;0.000","1000.000;4405286343.612;6125574272.588;1501501501.502","999.999;2967359050.445;2307692307.692;2290076335.878"
"parsec-blackscholes-simsmall-3",34,72.810,83.830,"2000;2000;1500;1500","2000;2500;3000;4000","1;1;1;1","48.880;72.810;62.480;61.770","48.920;83.830;82.590;82.750","0.640;2.434;1.370;1.363","0.640;3.453;3.557;3.532","0.000;0.371;0.385;0.382","0.000;0.368;0.382;0.379","2000001.137;0.674;0.650;0.655","2000009.937;0.680;0.655;0.660","0.000;0.000;0.000;0.000","0.000;0.000;0.000;0.000","999.999;2967359050.445;2307692307.692;2290076335.878","999.995;3676470588.235;4580152671.756;6060606060.606"
"parsec-blackscholes-simsmall-3",35,83.830,115.270,"2000;2500;2500;2500","4000;3500;1000;4000","1;1;1;1","48.920;83.830;82.590;82.750","50.340;115.270;57.670;84.590","0.640;3.453;3.557;3.532","0.938;6.275;0.578;3.591","0.000;0.368;0.382;0.379","0.000;0.367;0.388;0.176","2000009.937;0.680;0.655;0.660","3000001.148;0.681;0.645;1.418","0.000;0.000;0.000;0.000","0.000;0.000;0.000;0.000","999.995;3676470588.235;4580152671.756;6060606060.606","1333.333;5139500734.214;1550387596.899;2820874471.086"
"parsec-blackscholes-simsmall-3",36,115.270,71.020,"3000;3500;1000;3500","1000;1000;1000;1000","1;1;1;1","50.340;115.270;57.670;84.590","48.070;71.020;56.900;56.860","0.938;6.275;0.578;3.591","0.403;0.989;1.009;0.403","0.000;0.367;0.388;0.176","0.000;0.371;0.383;0.000","3000001.148;0.681;0.645;1.418","1000000.383;0.673;0.652;1000000.383","0.000;0.000;0.000;0.000","0.000;0.000;0.000;0.000","1333.333;5139500734.214;1550387596.899;2820874471.086","1000.000;1485884101.040;1533742331.288;1000.000"
"parsec-blackscholes-simsmall-3",37,71.020,70.540,"1000;1000;1000;1000","2000;1000;4000;3500","1;1;1;1","48.070;71.020;56.900;56.860","48.820;57.670;70.540;50.290","0.403;0.989;1.009;0.403","0.640;0.690;2.493;0.640","0.000;0.371;0.383;0.000","0.000;0.363;0.383;0.000","1000000.383;0.673;0.652;1000000.383","2000000.765;0.688;0.653;2000000.765","0.000;0.000;0.000;0.000","0.000;0.000;0.000;0.000","1000.000;1485884101.040;1533742331.288;1000.000","1000.000;1453488372.093;6125574272.588;1749.999"
"parsec-blackscholes-simsmall-3",38,70.540,97.760,"2000;1000;2000;2000","3000;1500;3000;2500","1;1;1;1","48.820;57.670;70.540;50.290","50.330;56.690;97.760;49.910","0.640;0.690;2.493;0.640","0.938;1.065;4.894;0.781","0.000;0.363;0.383;0.000","0.000;0.371;0.383;0.000","2000000.765;0.688;0.653;2000000.765","3000005.154;0.673;0.652;2500004.295","0.000;0.000;0.000;0.000","0.000;0.000;0.000;0.000","1000.000;1453488372.093;6125574272.588;1749.999","999.998;2228826151.560;4601226993.865;999.998"
"parsec-blackscholes-simsmall-3",39,97.760,62.280,"3000;1500;3000;2500","2500;1000;1000;2000","1;1;1;1","50.330;56.690;97.760;49.910","49.850;52.060;62.280;49.330","0.938;1.065;4.894;0.781","0.781;0.632;0.647;0.640","0.000;0.371;0.383;0.000","0.000;0.363;0.386;0.000","3000005.154;0.673;0.652;2500004.295","2500001.795;0.689;0.647;2000001.436","0.000;0.000;0.000;0.000","0.000;0.000;0.000;0.000","999.998;2228826151.560;4601226993.865;999.998","999.999;1451378809.869;1545595054.096;999.999"
"parsec-blackscholes-simsmall-3",40,62.280,63.670,"2500;1000;1000;2000","3500;4000;2500;1000","1;1;1;1","49.850;52.060;62.280;49.330","51.330;59.720;63.670;48.060","0.781;0.632;0.647;0.640","1.110;1.663;1.695;0.403","0.000;0.363;0.386;0.000","0.000;0.370;0.382;0.000","2500001.795;0.689;0.647;2000001.436","3500000.763;0.675;0.655;1000000.218","0.000;0.000;0.000;0.000","0.000;0.000;0.000;0.000","999.999;1451378809.869;1545595054.096;999.999","1000.000;5925925925.926;3816793893.130;1000.000"
"parsec-blackscholes-simsmall-3",41,63.670,83.060,"3500;2000;2000;1000","2000;1500;2500;2000","1;1;1;1","51.330;59.720;63.670;48.060","49.380;57.080;83.060;48.940","1.110;1.663;1.695;0.403","0.640;1.168;3.554;0.640","0.000;0.370;0.382;0.000","0.000;0.368;0.382;0.000","3500000.763;0.675;0.655;1000000.218","2000000.818;0.680;0.655;2000000.818","0.000;0.000;0.000;0.000","0.000;0.000;0.000;0.000","1000.000;5925925925.926;3816793893.130;1000.000","1000.000;2205882352.941;3816793893.130;1000.000"
"parsec-blackscholes-simsmall-3",42,83.060,56.260,"2000;1500;2500;2000","2000;1500;4000;3500","1;1;1;1","49.380;57.080;83.060;48.940","49.060;54.340;56.260;50.510","0.640;1.168;3.554;0.640","0.640;0.979;1.110;0.938","0.000;0.368;0.382;0.000","0.000;0.365;0.000;0.000","2000000.818;0.680;0.655;2000000.818","2000001.485;0.684;3500002.599;3000002.228","0.000;0.000;0.000;0.000","0.000;0.000;0.000;0.000","1000.000;2205882352.941;3816793893.130;1000.000","999.999;2192982456.140;1142.856;1166.666"
"parsec-blackscholes-simsmall-3",43,56.260,73.800,"2000;1500;3500;3000","3000;3500;1500;2000","1;1;1;1","49.060;54.340;56.260;50.510","50.380;73.800;49.760;49.380","0.640;0.979;1.110;0.938","0.938;3.007;0.514;0.640","0.000;0.365;0.000;0.000","0.000;0.368;0.000;0.000","2000001.485;0.684;3500002.599;3000002.228","3000015.428;0.680;1500007.714;2000010.285","0.000;0.000;0.000;0.000","0.000;0.000;0.000;0.000","999.999;2192982456.140;1142.856;1166.666","999.995;5147058823.529;999.995;999.995"
"parsec-blackscholes-simsmall-3",44,73.800,82.980,"3000;2500;1500;2000","3000;3000;1000;1000","1;1;1;1","50.380;73.800;49.760;49.380","82.980;67.560;48.080;48.040","0.938;3.007;0.514;0.640","4.014;2.195;0.403;0.403","0.000;0.368;0.000;0.000","0.316;0.122;0.000;0.000","3000015.428;0.680;1500007.714;2000010.285","0.788;2.053;1000000.146;1000000.146","0.000;0.000;0.000;0.000","0.000;0.000;0.000;0.000","999.995;5147058823.529;999.995;999.995","3807106598.985;1461276181.198;1000.000;1000.000"
"parsec-blackscholes-simsmall-3",45,82.980,64.530,"3000;3000;1000;1000","1500;2500;2000;1000","1;1;1;1","82.980;67.560;48.080;48.040","64.530;52.110;48.960;47.770","4.014;2.195;0.403;0.403","1.321;0.781;0.640;0.403","0.316;0.122;0.000;0.000","0.480;0.000;0.000;0.000","0.788;2.053;1000000.146;1000000.146","0.519;2500001.202;2000000.962;1000000.481","0.000;0.000;0.000;0.000","0.000;0.000;0.000;0.000","3807106598.985;1461276181.198;1000.000;1000.000","2890173410.405;1000.000;1000.000;1000.000"
"parsec-blackscholes-simsmall-3",46,64.530,91.170,"1500;2500;2000;1000","3000;1000;1500;3000","1;1;1;1","64.530;52.110;48.960;47.770","91.170;48.170;48.480;48.830","1.321;0.781;0.640;0.403","4.070;0.403;0.514;0.640","0.480;0.000;0.000;0.000","0.480;0.000;0.000;0.000","0.519;2500001.202;2000000.962;1000000.481","0.519;1000010.081;1500015.121;2000020.162","0.000;0.000;0.000;0.000","0.000;0.000;0.000;0.000","2890173410.405;1000.000;1000.000;1000.000","5780346820.809;999.990;999.990;1499.985"
"parsec-blackscholes-simsmall-3",0,99.050,51.130,"4000;4000;4000;4000","1000;4000;1500;3500","1;1;1;1","99.050;48.310;48.760;48.600","46.940;51.130;47.510;50.350","7.000;0.640;0.781;0.403","0.539;1.299;0.514;1.110","0.443;0.000;0.000;0.000","0.373;0.000;0.000;0.000","0.562;224537.655;280672.069;112268.828","0.668;4000016.000;1500006.000;3500014.000","0.000;0.000;0.000;0.000","0.000;0.000;0.000;0.000","-1779359.431;-4.454;-3.563;-8.907","1497005988.024;999.996;999.996;999.996"
"parsec-blackscholes-simsmall-3",1,51.130,56.290,"1000;4000;1500;3500","2500;4000;2500;4000","1;1;1;1","46.940;51.130;47.510;50.350","56.290;52.210;49.270;52.280","0.539;1.299;0.514;1.110","1.495;1.299;0.781;1.299","0.373;0.000;0.000;0.000","0.385;0.000;0.000;0.000","0.668;4000016.000;1500006.000;3500014.000","0.649;4000000.000;2500000.000;4000000.000","0.000;0.000;0.000;0.000","0.000;0.000;0.000;0.000","1497005988.024;999.996;999.996;999.996","3852080123.267;1000.000;1000.000;1000.000"
"parsec-blackscholes-simsmall-3",2,56.290,60.050,"2000;4000;2500;4000","2000;3500;2500;1500","1;1;1;1","56.290;52.210;49.270;52.280","60.050;51.610;49.660;48.990","1.495;1.299;0.781;1.299","1.604;1.110;0.781;0.514","0.385;0.000;0.000;0.000","0.378;0.000;0.000;0.000","0.649;4000000.000;2500000.000;4000000.000","0.658;3500000.000;2500000.000;1500000.000","0.000;0.000;0.000;0.000","0.000;0.000;0.000;0.000","3852080123.267;1000.000;1000.000;1000.000","3039513677.812;1000.000;1000.000;1000.000"
"parsec-blackscholes-simsmall-3",3,60.050,93.840,"2000;3500;2500;1500","3000;1000;2500;3500","1;1;1;1","60.050;51.610;49.660;48.990","93.840;48.230;49.770;49.700","1.604;1.110;0.781;0.514","4.509;0.403;0.781;0.781","0.378;0.000;0.000;0.000","0.378;0.000;0.000;0.000","0.658;3500000.000;2500000.000;1500000.000","0.662;1000000.297;2500000.742;2500000.742","0.000;0.000;0.000;0.000","0.000;0.000;0.000;0.000","3039513677.812;1000.000;1000.000;1000.000","4531722054.381;1000.000;1000.000;1400.000"
"parsec-blackscholes-simsmall-3",4,93.840,80.660,"3000;1000;2500;2500","2500;3500;2500;3500","1;1;1;1","93.840;48.230;49.770;49.700","80.660;48.780;49.820;51.380","4.509;0.403;0.781;0.781","2.607;0.640;0.781;1.110","0.378;0.000;0.000;0.000","0.383;0.000;0.000;0.000","0.662;1000000.297;2500000.742;2500000.742","0.652;2000002.400;2500003.000;3500004.200","0.000;0.000;0.000;0.000","0.000;0.000;0.000;0.000","4531722054.381;1000.000;1000.000;1400.000","3834355828.221;1749.998;999.999;999.999"
"parsec-blackscholes-simsmall-3",5,80.660,116.420,"2500;2000;2500;3500","4000;2000;1000;3500","1;1;1;1","80.660;48.780;49.820;51.380","116.420;48.850;48.030;51.710","2.607;0.640;0.781;1.110","5.977;0.640;0.403;1.110","0.383;0.000;0.000;0.000","0.378;0.000;0.000;0.000","0.652;2000002.400;2500003.000;3500004.200","0.662;2000000.415;1000000.207;3500000.726","0.000;0.000;0.000;0.000","0.000;0.000;0.000;0.000","3834355828.221;1749.998;999.999;999.999","6042296072.508;1000.000;1000.000;1000.000"
"parsec-blackscholes-simsmall-3",6,116.420,71.620,"3500;2000;1000;3500","1000;1000;1000;1000","1;1;1;1","116.420;48.850;48.030;51.710","71.620;47.740;47.690;48.420","5.977;0.640;0.403;1.110","0.970;0.403;0.403;0.403","0.378;0.000;0.000;0.000","0.391;0.000;0.000;0.000","0.662;2000000.415;1000000.207;3500000.726","0.640;1000020.000;1000020.000;1000020.000","0.000;0.000;0.000;0.000","0.000;0.000;0.000;0.000","6042296072.508;1000.000;1000.000;1000.000","1562500000.000;999.980;999.980;999.980"
"parsec-blackscholes-simsmall-3",7,71.620,57.940,"1000;1000;1000;1000","1000;3000;3000;1000","1;1;1;1","71.620;47.740;47.690;48.420","57.940;48.670;48.750;47.810","0.970;0.403;0.403;0.403","0.679;0.640;0.640;0.403","0.391;0.000;0.000;0.000","0.378;0.000;0.000;0.000","0.640;1000020.000;1000020.000;1000020.000","0.658;2000016.000;2000016.000;1000008.000","0.000;0.000;0.000;0.000","0.000;0.000;0.000;0.000","1562500000.000;999.980;999.980;999.980","1519756838.906;1499.988;1499.988;999.992"
"parsec-blackscholes-simsmall-3",8,57.940,64.330,"1000;2000;2000;1000","3500;3000;1500;2000","1;1;1;1","57.940;48.670;48.750;47.810","64.330;50.220;48.330;48.790","0.679;0.640;0.640;0.403","1.755;0.938;0.514;0.640","0.378;0.000;0.000;0.000","0.377;0.000;0.000;0.000","0.658;2000016.000;2000016.000;1000008.000","0.664;3000000.000;1500000.000;2000000.000","0.000;0.000;0.000;0.000","0.000;0.000;0.000;0.000","1519756838.906;1499.988;1499.988;999.992","5271084337.349;1000.000;1000.000;1000.000"
"parsec-blackscholes-simsmall-3",9,64.330,96.550,"2000;3000;1500;2000","3500;1000;1000;1000","1;1;1;1","64.330;50.220;48.330;48.790","96.550;47.980;47.730;47.810","1.755;0.938;0.514;0.640","4.559;0.403;0.403;0.403","0.377;0.000;0.000;0.000","0.383;0.000;0.000;0.000","0.664;3000000.000;1500000.000;2000000.000","0.653;1000009.900;1000009.900;1000009.900","0.000;0.000;0.000;0.000","0.000;0.000;0.000;0.000","5271084337.349;1000.000;1000.000;1000.000","5359877488.515;999.990;999.990;999.990"
"parsec-blackscholes-simsmall-3",10,96.550,65.360,"3000;1000;1000;1000","2000;3500;4000;3500","1;1;1;1","96.550;47.980;47.730;47.810","65.360;59.020;59.640;59.520","4.559;0.403;0.403;0.403","1.153;1.838;1.895;1.885","0.383;0.000;0.000;0.000","0.110;0.248;0.259;0.257","0.653;1000009.900;1000009.900;1000009.900","2.256;1.009;0.964;0.972","0.000;0.000;0.000;0.000","0.000;0.000;0.000;0.000","5359877488.515;999.990;999.990;999.990","886524822.695;3468780971.259;4149377593.361;3600823045.267"
"parsec-blackscholes-simsmall-3",11,65.360,93.110,"2000;2000;2000;2000","3000;1500;2500;4000","1;1;1;1","65.360;59.020;59.640;59.520","52.490;54.840;75.150;93.110","1.153;1.838;1.895;1.885","0.938;1.052;3.078;4.812","0.110;0.248;0.259;0.257","0.000;0.363;0.379;0.375","2.256;1.009;0.964;0.972","3000001.006;0.689;0.659;0.666","0.000;0.000;0.000;0.000","0.000;0.000;0.000;0.000","886524822.695;3468780971.259;4149377593.361;3600823045.267","1000.000;2177068214.804;3793626707.132;6006006006.006"
"parsec-blackscholes-simsmall-3",12,93.110,73.920,"3000;1500;2500;3000","2000;2000;2000;1000","1;1;1;1","52.490;54.840;75.150;93.110","49.260;68.240;73.920;60.850","0.938;1.052;3.078;4.812","0.640;2.408;2.462;0.698","0.000;0.363;0.379;0.375","0.000;0.365;0.377;0.374","3000001.006;0.689;0.659;0.666","2000000.671;0.684;0.664;0.669","0.000;0.000;0.000;0.000","0.000;0.000;0.000;0.000","1000.000;2177068214.804;3793626707.132;6006006006.006","1000.000;2923976608.187;3012048192.771;1494768310.912"
"parsec-blackscholes-simsmall-3",13,73.920,94.200,"2000;2000;2000;1000","2000;3000;2500;2500","1;1;1;1","49.260;68.240;73.920;60.850","49.040;94.200;79.650;64.490","0.640;2.408;2.462;0.698","0.640;4.678;3.075;1.853","0.000;0.365;0.377;0.374","0.000;0.362;0.379;0.376","2000000.671;0.684;0.664;0.669","2000002.675;0.690;0.660;0.665","0.000;0.000;0.000;0.000","0.000;0.000;0.000;0.000","1000.000;2923976608.187;3012048192.771;1494768310.912","999.999;4347826086.957;3787878787.879;3759398496.241"
"parsec-blackscholes-simsmall-3",14,94.200,101.430,"2000;3000;2500;2000","2000;3000;2000;2000","1;1;1;1","49.040;94.200;79.650;64.490","48.980;101.430;69.050;64.940","0.640;4.678;3.075;1.853","0.640;4.712;1.862;1.846","0.000;0.362;0.379;0.376","0.000;0.366;0.379;0.374","2000002.675;0.690;0.660;0.665","2000054.004;0.683;0.660;0.669","0.000;0.000;0.000;0.000","0.000;0.000;0.000;0.000","999.999;4347826086.957;3787878787.879;3759398496.241","999.973;4392386530.015;3030303030.303;2989536621.824"
"parsec-blackscholes-simsmall-3",15,101.430,104.090,"2000;3000;2000;2000","2000;3000;3000;2000","1;1;1;1","48.980;101.430;69.050;64.940","48.950;104.090;97.450;65.090","0.640;4.712;1.862;1.846","0.640;4.711;4.850;1.854","0.000;0.366;0.379;0.374","0.000;0.365;0.379;0.377","2000054.004;0.683;0.660;0.669","2000021.337;0.684;0.660;0.664","0.000;0.000;0.000;0.000","0.000;0.000;0.000;0.000","999.973;4392386530.015;3030303030.303;2989536621.824","999.989;4385964912.281;4545454545.455;3012048192.771"
"parsec-blackscholes-simsmall-3",16,104.090,105.310,"2000;3000;3000;2000","3500;3000;2500;3500","1;1;1;1","48.950;104.090;97.450;65.090","50.340;105.310;85.890;95.480","0.640;4.711;4.850;1.854","0.938;4.706;3.077;4.808","0.000;0.365;0.379;0.377","0.000;0.365;0.379;0.375","2000021.337;0.684;0.660;0.664","3000044.012;0.685;0.659;0.667","0.000;0.000;0.000;0.000","0.000;0.000;0.000;0.000","999.989;4385964912.281;4545454545.455;3012048192.771","1166.650;4379562043.796;3793626707.132;5247376311.844"
"parsec-blackscholes-simsmall-3",17,105.310,110.760,"3000;3000;2500;3000","4000;3000;3500;1000","1;1;1;1","50.340;105.310;85.890;95.480","52.270;95.100;110.760;60.420","0.938;4.706;3.077;4.808","1.299;3.750;5.768;0.551","0.000;0.365;0.379;0.375","0.000;0.363;0.378;0.375","3000044.012;0.685;0.659;0.667","4000000.511;0.688;0.661;0.667","0.000;0.000;0.000;0.000","0.000;0.000;0.000;0.000","1166.650;4379562043.796;3793626707.132;5247376311.844","1000.000;4360465116.279;5295007564.297;1499250374.813"
"parsec-blackscholes-simsmall-3",18,110.760,70.410,"4000;3000;3500;1000","1000;1000;1000;1000","1;1;1;1","52.270;95.100;110.760;60.420","48.430;67.170;70.410;57.670","1.299;3.750;5.768;0.551","0.403;0.984;0.999;0.999","0.000;0.363;0.378;0.375","0.000;0.368;0.377;0.378","4000000.511;0.688;0.661;0.667","1000000.128;0.679;0.663;0.662","0.000;0.000;0.000;0.000","0.000;0.000;0.000;0.000","1000.000;4360465116.279;5295007564.297;1499250374.813","1000.000;1472754050.074;1508295625.943;1510574018.127"
"parsec-blackscholes-simsmall-3",19,70.410,73.560,"1000;1000;1000;1000","3000;3000;1500;4000","1;1;1;1","48.430;67.170;70.410;57.670","48.910;73.560;63.990;70.350","0.403;0.984;0.999;0.999","0.640;2.397;1.360;2.451","0.000;0.368;0.377;0.378","0.000;0.363;0.381;0.374","1000000.128;0.679;0.663;0.662","2000000.926;0.688;0.657;0.668","0.000;0.000;0.000;0.000","0.000;0.000;0.000;0.000","1000.000;1472754050.074;1508295625.943;1510574018.127","1499.999;4360465116.279;2283105022.831;5988023952.096"
"parsec-blackscholes-simsmall-3",20,73.560,70.350,"2000;2000;1500;2000","2500;2000;1500;1500","1;1;1;1","48.910;73.560;63.990;70.350","49.620;70.350;59.640;60.100","0.640;2.397;1.360;2.451","0.781;2.048;1.185;1.182","0.000;0.363;0.381;0.374","0.000;0.364;0.377;0.375","2000000.926;0.688;0.657;0.668","2500007.510;0.687;0.663;0.666","0.000;0.000;0.000;0.000","0.000;0.000;0.000;0.000","1499.999;4360465116.279;2283105022.831;5988023952.096","999.997;2911208151.383;2262443438.914;2252252252.252"
"parsec-blackscholes-simsmall-3",21,70.350,81.810,"2500;2000;1500;1500","1000;2000;3000;4000","1;1;1;1","49.620;70.350;59.640;60.100","47.950;69.440;81.810;81.290","0.781;2.048;1.185;1.182","0.403;2.055;3.529;3.505","0.000;0.364;0.377;0.375","0.000;0.366;0.378;0.375","2500007.510;0.687;0.663;0.666","1000000.339;0.683;0.661;0.667","0.000;0.000;0.000;0.000","0.000;0.000;0.000;0.000","999.997;2911208151.383;2262443438.914;2252252252.252","1000.000;2928257686.676;4538577912.254;5997001499.250"
"parsec-blackscholes-simsmall-3",22,81.810,95.840,"1000;2000;2500;2500","3500;4000;1000;1000","1;1;1;1","47.950;69.440;81.810;81.290","48.780;95.840;57.780;57.400","0.403;2.055;3.529;3.505","0.640;4.695;0.602;0.599","0.000;0.366;0.378;0.375","0.000;0.364;0.379;0.372","1000000.339;0.683;0.661;0.667","2000160.260;0.687;0.660;0.672","0.000;0.000;0.000;0.000","0.000;0.000;0.000;0.000","1000.000;2928257686.676;4538577912.254;5997001499.250","1749.860;5822416302.766;1515151515.152;1488095238.095"
"parsec-blackscholes-simsmall-3",23,95.840,118.080,"2000;3000;1000;1000","3000;3500;3500;2000","1;1;1;1","48.780;95.840;57.780;57.400","50.310;118.080;62.030;61.700","0.640;4.695;0.602;0.599","0.938;6.248;1.689;1.681","0.000;0.364;0.379;0.372","0.000;0.365;0.379;0.377","2000160.260;0.687;0.660;0.672","3000001.018;0.684;0.659;0.664","0.000;0.000;0.000;0.000","0.000;0.000;0.000;0.000","1749.860;5822416302.766;1515151515.152;1488095238.095","1000.000;5116959064.327;5311077389.985;3012048192.771"
"parsec-blackscholes-simsmall-3",24,118.080,71.920,"3000;3500;2000;2000","1000;1000;1000;1000","1;1;1;1","50.310;118.080;62.030;61.700","48.060;71.920;57.390;57.070","0.938;6.248;1.689;1.681","0.403;0.970;0.999;0.990","0.000;0.365;0.379;0.377","0.000;0.359;0.378;0.371","3000001.018;0.684;0.659;0.664","1000017.339;0.696;0.662;0.673","0.000;0.000;0.000;0.000","0.000;0.000;0.000;0.000","1000.000;5116959064.327;5311077389.985;3012048192.771","999.983;1436781609.195;1510574018.127;1485884101.040"
"parsec-blackscholes-simsmall-3",25,71.920,70.310,"1000;1000;1000;1000","4000;1000;2000;2000","1;1;1;1","48.060;71.920;57.390;57.070","48.800;58.240;70.310;70.040","0.403;0.970;0.999;0.990","0.640;0.694;2.472;2.465","0.000;0.359;0.378;0.371","0.000;0.369;0.379;0.377","1000017.339;0.696;0.662;0.673","2000000.679;0.678;0.660;0.663","0.000;0.000;0.000;0.000","0.000;0.000;0.000;0.000","999.983;1436781609.195;1510574018.127;1485884101.040","1999.999;1474926253.687;3030303030.303;3016591251.885"
"parsec-blackscholes-simsmall-3",26,70.310,97.170,"2000;1000;2000;2000","1500;1000;3000;2000","1;1;1;1","48.800;58.240;70.310;70.040","48.320;52.880;97.170;66.130","0.640;0.694;2.472;2.465","0.514;0.594;4.852;1.853","0.000;0.369;0.379;0.377","0.000;0.364;0.379;0.376","2000000.679;0.678;0.660;0.663","1500000.509;0.686;0.659;0.665","0.000;0.000;0.000;0.000","0.000;0.000;0.000;0.000","1999.999;1474926253.687;3030303030.303;3016591251.885","1000.000;1457725947.522;4552352048.558;3007518796.992"
"parsec-blackscholes-simsmall-3",27,97.170,104.100,"1500;1000;3000;2000","1500;1000;3000;1500","1;1;1;1","48.320;52.880;97.170;66.130","48.230;50.810;104.100;57.870","0.514;0.594;4.852;1.853","0.514;0.595;4.852;1.067","0.000;0.364;0.379;0.376","0.000;0.364;0.379;0.373","1500000.509;0.686;0.659;0.665","1500020.012;0.686;0.659;0.671","0.000;0.000;0.000;0.000","0.000;0.000;0.000;0.000","1000.000;1457725947.522;4552352048.558;3007518796.992","999.987;1457725947.522;4552352048.558;2235469448.584"
"parsec-blackscholes-simsmall-3",28,104.100,93.460,"1500;1000;3000;1500","3500;1000;2500;1000","1;1;1;1","48.230;50.810;104.100;57.870","49.470;50.280;93.460;52.220","0.514;0.595;4.852;1.067","0.781;0.635;3.539;0.641","0.000;0.364;0.379;0.373","0.000;0.368;0.379;0.377","1500020.012;0.686;0.659;0.671","2500080.853;0.679;0.659;0.664","0.000;0.000;0.000;0.000","0.000;0.000;0.000;0.000","999.987;1457725947.522;4552352048.558;2235469448.584","1399.955;1472754050.074;3793626707.132;1506024096.386"
"parsec-blackscholes-simsmall-3",29,93.460,120.680,"2500;1000;2500;1000","1500;3500;4000;3000","1;1;1;1","49.470;50.280;93.460;52.220","48.420;58.760;120.680;59.760","0.781;0.635;3.539;0.641","0.514;1.645;6.430;1.673","0.000;0.368;0.379;0.377","0.000;0.364;0.378;0.374","2500080.853;0.679;0.659;0.664","1500020.476;0.687;0.661;0.669","0.000;0.000;0.000;0.000","0.000;0.000;0.000;0.000","1399.955;1472754050.074;3793626707.132;1506024096.386","999.986;5094614264.920;6051437216.339;4484304932.735"
"parsec-blackscholes-simsmall-3",30,120.680,73.350,"1500;2000;3500;2000","1000;1000;1000;1000","1;1;1;1","48.420;58.760;120.680;59.760","47.730;55.670;73.350;56.320","0.514;1.645;6.430;1.673","0.403;0.973;0.999;1.000","0.000;0.364;0.378;0.374","0.000;0.361;0.377;0.378","1500020.476;0.687;0.661;0.669","1000039.277;0.692;0.663;0.661","0.000;0.000;0.000;0.000","0.000;0.000;0.000;0.000","999.986;5094614264.920;6051437216.339;4484304932.735","999.961;1445086705.202;1508295625.943;1512859304.085"
"parsec-blackscholes-simsmall-3",31,73.350,68.810,"1000;1000;1000;1000","3500;2500;1500;1000","1;1;1;1","47.730;55.670;73.350;56.320","48.710;68.810;65.270;52.130","0.403;0.973;0.999;1.000","0.640;2.410;1.362;0.700","0.000;0.361;0.377;0.378","0.000;0.366;0.381;0.375","1000039.277;0.692;0.663;0.661","2000002.683;0.683;0.656;0.666","0.000;0.000;0.000;0.000","0.000;0.000;0.000;0.000","999.961;1445086705.202;1508295625.943;1512859304.085","1749.998;3660322108.346;2286585365.854;1501501501.502"
"parsec-blackscholes-simsmall-3",32,68.810,84.100,"2000;2000;1500;1000","1000;1000;4000;2500","1;1;1;1","48.710;68.810;65.270;52.130","47.750;54.380;84.100;64.300","0.640;2.410;1.362;0.700","0.403;0.631;3.531;2.093","0.000;0.366;0.381;0.375","0.000;0.361;0.378;0.375","2000002.683;0.683;0.656;0.666","1000046.151;0.692;0.661;0.666","0.000;0.000;0.000;0.000","0.000;0.000;0.000;0.000","1749.998;3660322108.346;2286585365.854;1501501501.502","999.954;1445086705.202;6051437216.339;3753753753.754"
"parsec-blackscholes-simsmall-3",33,84.100,94.850,"1000;1000;2500;2000","2500;2500;2500;4000","1;1;1;1","47.750;54.380;84.100;64.300","48.710;61.990;82.940;94.850","0.403;0.631;3.531;2.093","0.640;1.811;3.074;4.811","0.000;0.361;0.378;0.375","0.000;0.363;0.379;0.375","1000046.151;0.692;0.661;0.666","2000000.557;0.688;0.660;0.666","0.000;0.000;0.000;0.000","0.000;0.000;0.000;0.000","999.954;1445086705.202;6051437216.339;3753753753.754","1250.000;3633720930.233;3787878787.879;6006006006.006"
"parsec-blackscholes-simsmall-3",34,94.850,117.620,"2000;2000;2500;3000","3500;2000;3500;1500","1;1;1;1","48.710;61.990;82.940;94.850","50.270;61.850;117.620;63.810","0.640;1.811;3.074;4.811","0.938;1.654;6.443;0.988","0.000;0.363;0.379;0.375","0.000;0.367;0.379;0.373","2000000.557;0.688;0.660;0.666","3000001.036;0.682;0.660;0.671","0.000;0.000;0.000;0.000","0.000;0.000;0.000;0.000","1250.000;3633720930.233;3787878787.879;6006006006.006","1166.666;2932551319.648;5303030303.030;2235469448.584"
"parsec-blackscholes-simsmall-3",35,117.620,72.080,"3000;2000;3500;1500","1000;1000;1000;1000","1;1;1;1","50.270;61.850;117.620;63.810","48.030;56.810;72.080;58.410","0.938;1.654;6.443;0.988","0.403;0.977;1.000;0.998","0.000;0.367;0.379;0.373","0.000;0.363;0.378;0.377","3000001.036;0.682;0.660;0.671","1000000.345;0.688;0.661;0.664","0.000;0.000;0.000;0.000","0.000;0.000;0.000;0.000","1166.666;2932551319.648;5303030303.030;2235469448.584","1000.000;1453488372.093;1512859304.085;1506024096.386"
"parsec-blackscholes-simsmall-3",36,72.080,75.950,"1000;1000;1000;1000","1500;2000;3000;3500","1;1;1;1","48.030;56.810;72.080;58.410","48.200;69.180;75.950;70.590","0.403;0.977;1.000;0.998","0.514;2.397;2.475;2.450","0.000;0.363;0.378;0.377","0.000;0.363;0.379;0.374","1000000.345;0.688;0.661;0.664","1500005.476;0.688;0.659;0.668","0.000;0.000;0.000;0.000","0.000;0.000;0.000;0.000","1000.000;1453488372.093;1512859304.085;1506024096.386","999.996;2906976744.186;4552352048.558;5239520958.084"
"parsec-blackscholes-simsmall-3",37,75.950,85.440,"1500;2000;2000;2000","2000;2000;3000;1500","1;1;1;1","48.200;69.180;75.950;70.590","48.800;65.530;85.440;59.000","0.514;2.397;2.475;2.450","0.640;1.819;3.580;1.074","0.000;0.363;0.379;0.374","0.000;0.365;0.256;0.378","1500005.476;0.688;0.659;0.668","2000000.302;0.684;0.977;0.662","0.000;0.000;0.000;0.000","0.000;0.000;0.000;0.000","999.996;2906976744.186;4552352048.558;5239520958.084","1000.000;2923976608.187;3070624360.287;2265861027.190"
"parsec-blackscholes-simsmall-3",38,85.440,75.880,"2000;2000;3000;1500","3000;1500;1500;3000","1;1;1;1","48.800;65.530;85.440;59.000","50.300;57.610;57.280;75.880","0.640;1.819;3.580;1.074","0.938;1.057;0.514;3.049","0.000;0.365;0.256;0.378","0.000;0.366;0.000;0.375","2000000.302;0.684;0.977;0.662","3000001.459;0.683;1500000.729;0.667","0.000;0.000;0.000;0.000","0.000;0.000;0.000;0.000","1000.000;2923976608.187;3070624360.287;2265861027.190","1000.000;2196193265.007;1000.000;4497751124.438"
"parsec-blackscholes-simsmall-3",39,75.880,114.230,"3000;1500;1500;2500","3000;2500;3000;4000","1;1;1;1","50.300;57.610;57.280;75.880","50.570;71.150;50.570;114.230","0.938;1.057;0.514;3.049","0.938;2.672;0.781;6.389","0.000;0.366;0.000;0.375","0.000;0.364;0.000;0.375","3000001.459;0.683;1500000.729;0.667","3000000.477;0.686;2500000.397;0.667","0.000;0.000;0.000;0.000","0.000;0.000;0.000;0.000","1000.000;2196193265.007;1000.000;4497751124.438","1000.000;3644314868.805;1200.000;5997001499.250"
"parsec-blackscholes-simsmall-3",40,114.230,70.410,"3000;2500;2500;3500","1000;1000;1000;1000","1;1;1;1","50.570;71.150;50.570;114.230","48.120;59.080;48.250;70.410","0.938;2.672;0.781;6.389","0.403;0.971;0.403;0.991","0.000;0.364;0.000;0.375","0.000;0.360;0.000;0.373","3000000.477;0.686;2500000.397;0.667","1000000.159;0.695;1000000.159;0.671","0.000;0.000;0.000;0.000","0.000;0.000;0.000;0.000","1000.000;3644314868.805;1200.000;5997001499.250","1000.000;1438848920.863;1000.000;1490312965.723"
"parsec-blackscholes-simsmall-3",41,70.410,70.150,"1000;1000;1000;1000","3500;4000;1000;1000","1;1;1;1","48.120;59.080;48.250;70.410","48.820;70.150;47.880;57.440","0.403;0.971;0.403;0.991","0.640;2.411;0.403;0.700","0.000;0.360;0.000;0.373","0.000;0.366;0.000;0.377","1000000.159;0.695;1000000.159;0.671","2000000.318;0.683;1000000.159;0.663","0.000;0.000;0.000;0.000","0.000;0.000;0.000;0.000","1000.000;1438848920.863;1000.000;1490312965.723","1750.000;5856515373.353;1000.000;1508295625.943"
"parsec-blackscholes-simsmall-3",42,70.150,92.250,"2000;2000;1000;1000","2000;3000;4000;4000","1;1;1;1","48.820;70.150;47.880;57.440","48.910;92.250;48.900;64.040","0.640;2.411;0.403;0.700","0.640;4.414;0.640;1.847","0.000;0.366;0.000;0.377","0.000;0.337;0.000;0.374","2000000.318;0.683;1000000.159;0.663","6535.949;0.742;2000000.318;0.668","0.000;0.000;0.000;0.000","0.000;0.000;0.000;0.000","1750.000;5856515373.353;1000.000;1508295625.943","305999.940;4043126684.636;2000.000;5988023952.096"
"parsec-blackscholes-simsmall-3",43,92.250,63.170,"2000;3000;2000;2000","1000;3500;4000;2000","1;1;1;1","48.910;92.250;48.900;64.040","47.810;58.450;50.490;63.170","0.640;4.414;0.640;1.847","0.403;1.110;0.938;1.682","0.000;0.337;0.000;0.374","0.000;0.000;0.000;0.377","6535.949;0.742;2000000.318;0.668","1000000.159;3500000.556;3000000.477;0.663","0.000;0.000;0.000;0.000","0.000;0.000;0.000;0.000","305999.940;4043126684.636;2000.000;5988023952.096","1000.000;1000.000;1333.333;3016591251.885"
"parsec-blackscholes-simsmall-3",44,63.170,57.960,"1000;3500;3000;2000","3500;1500;2500;1500","1;1;1;1","47.810;58.450;50.490;63.170","57.960;50.490;50.050;53.960","0.403;1.110;0.938;1.682","1.669;0.514;0.781;0.780","0.000;0.000;0.000;0.377","0.281;0.000;0.000;0.150","1000000.159;3500000.556;3000000.477;0.663","0.885;1500000.140;2500000.233;1.670","0.000;0.000;0.000;0.000","0.000;0.000;0.000;0.000","1000.000;1000.000;1333.333;3016591251.885","3954802259.887;1000.000;1000.000;898203592.814"
"parsec-blackscholes-simsmall-3",45,57.960,105.530,"2000;1500;2500;1500","4000;2000;1500;1500","1;1;1;1","57.960;50.490;50.050;53.960","105.530;49.060;48.700;48.560","1.669;0.514;0.781;0.780","5.623;0.640;0.514;0.514","0.281;0.000;0.000;0.150","0.482;0.000;0.000;0.000","0.885;1500000.140;2500000.233;1.670","0.517;2000000.190;1500000.143;1500000.143","0.000;0.000;0.000;0.000","0.000;0.000;0.000;0.000","3954802259.887;1000.000;1000.000;898203592.814","7736943907.157;1000.000;1000.000;1000.000"
"parsec-blackscholes-simsmall-3",0,145.750,51.890,"4000;4000;4000;4000","1000;1000;1000;1000","1;1;1;1","145.750;50.100;49.480;48.030","51.890;46.940;46.970;46.970","9.617;0.938;0.781;0.403","0.949;0.403;0.403;0.403","0.475;0.000;0.000;0.000","0.374;0.000;0.000;0.000","0.524;1630945.036;1359120.863;543648.345","0.665;1000002.000;1000002.000;1000002.000","0.000;0.000;0.000;0.000","0.000;0.000;0.000;0.000","-1908396.947;-0.613;-0.736;-1.839","1503759398.496;999.998;999.998;999.998"
"parsec-blackscholes-simsmall-3",1,51.890,50.280,"1000;1000;1000;1000","1000;3500;3000;3500","1;1;1;1","51.890;46.940;46.970;46.970","50.280;48.400;48.500;48.500","0.949;0.403;0.403;0.403","0.681;0.640;0.640;0.640","0.374;0.000;0.000;0.000","0.381;0.000;0.000;0.000","0.665;1000002.000;1000002.000;1000002.000","0.653;2000000.000;2000000.000;2000000.000","0.000;0.000;0.000;0.000","0.000;0.000;0.000;0.000","1503759398.496;999.998;999.998;999.998","1531393568.147;1750.000;1500.000;1750.000"
"parsec-blackscholes-simsmall-3",2,50.280,60.880,"1000;2000;2000;2000","2000;1500;4000;4000","1;1;1;1","50.280;48.400;48.500;48.500","60.880;48.090;50.250;50.250","0.681;0.640;0.640;0.640","1.781;0.514;0.938;0.938","0.381;0.000;0.000;0.000","0.384;0.000;0.000;0.000","0.653;2000000.000;2000000.000;2000000.000","0.649;1500000.000;3000000.000;3000000.000","0.000;0.000;0.000;0.000","0.000;0.000;0.000;0.000","1531393568.147;1750.000;1500.000;1750.000","3081664098.613;1000.000;1333.333;1333.333"
"parsec-blackscholes-simsmall-3",3,60.880,59.860,"2000;1500;3000;3000","2000;4000;4000;3500","1;1;1;1","60.880;48.090;50.250;50.250","59.860;49.330;52.330;51.430","1.781;0.514;0.938;0.938","1.482;0.781;1.299;1.110","0.384;0.000;0.000;0.000","0.378;0.000;0.000;0.000","0.649;1500000.000;3000000.000;3000000.000","0.659;2500002.500;4000004.000;3500003.500","0.000;0.000;0.000;0.000","0.000;0.000;0.000;0.000","3081664098.613;1000.000;1333.333;1333.333","3034901365.706;1599.998;999.999;999.999"
"parsec-blackscholes-simsmall-3",4,59.860,94.760,"2000;2500;4000;3500","3000;1500;1500;1500","1;1;1;1","59.860;49.330;52.330;51.430","94.760;48.300;49.030;48.860","1.482;0.781;1.299;1.110","4.570;0.514;0.514;0.514","0.378;0.000;0.000;0.000","0.382;0.000;0.000;0.000","0.659;2500002.500;4000004.000;3500003.500","0.651;1500000.496;1500000.496;1500000.496","0.000;0.000;0.000;0.000","0.000;0.000;0.000;0.000","3034901365.706;1599.998;999.999;999.999","4608294930.876;1000.000;1000.000;1000.000"
"parsec-blackscholes-simsmall-3",5,94.760,119.130,"3000;1500;1500;1500","3500;3000;1000;4000","1;1;1;1","94.760;48.300;49.030;48.860","119.130;49.400;47.920;49.680","4.570;0.514;0.514;0.514","5.994;0.781;0.403;0.781","0.382;0.000;0.000;0.000","0.377;0.000;0.000;0.000","0.651;1500000.496;1500000.496;1500000.496","0.660;2500019.278;1000007.711;2500019.278","0.000;0.000;0.000;0.000","0.000;0.000;0.000;0.000","4608294930.876;1000.000;1000.000;1000.000","5303030303.030;1199.991;999.992;1599.988"
"parsec-blackscholes-simsmall-3",6,119.130,72.040,"3500;2500;1000;2500","1000;1000;1000;1000","1;1;1;1","119.130;49.400;47.920;49.680","72.040;47.810;47.670;48.000","5.994;0.781;0.403;0.781","0.953;0.403;0.403;0.403","0.377;0.000;0.000;0.000","0.378;0.000;0.000;0.000","0.660;2500019.278;1000007.711;2500019.278","0.659;1000000.000;1000000.000;1000000.000","0.000;0.000;0.000;0.000","0.000;0.000;0.000;0.000","5303030303.030;1199.991;999.992;1599.988","1517450682.853;1000.000;1000.000;1000.000"
"parsec-blackscholes-simsmall-3",7,72.040,76.130,"1000;1000;1000;1000","2000;3000;2500;4000","1;1;1;1","72.040;47.810;47.670;48.000","76.130;48.680;48.740;48.820","0.953;0.403;0.403;0.403","2.362;0.640;0.640;0.640","0.378;0.000;0.000;0.000","0.386;0.000;0.000;0.000","0.659;1000000.000;1000000.000;1000000.000","0.645;2000011.000;2000011.000;2000011.000","0.000;0.000;0.000;0.000","0.000;0.000;0.000;0.000","1517450682.853;1000.000;1000.000;1000.000","3100775193.798;1499.992;1249.993;1999.989"
"parsec-blackscholes-simsmall-3",8,76.130,86.350,"2000;2000;2000;2000","2500;1000;1000;1000","1;1;1;1","76.130;48.680;48.740;48.820","86.350;47.700;47.790;47.820","2.362;0.640;0.640;0.640","3.299;0.403;0.403;0.403","0.386;0.000;0.000;0.000","0.376;0.000;0.000;0.000","0.645;2000011.000;2000011.000;2000011.000","0.662;1000000.400;1000000.400;1000000.400","0.000;0.000;0.000;0.000","0.000;0.000;0.000;0.000","3100775193.798;1499.992;1249.993;1999.989","3776435045.317;1000.000;1000.000;1000.000"
"parsec-blackscholes-simsmall-3",9,86.350,118.890,"2500;1000;1000;1000","4000;1500;1500;2000","1;1;1;1","86.350;47.700;47.790;47.820","118.890;48.070;48.160;48.770","3.299;0.403;0.403;0.403","6.074;0.514;0.514;0.640","0.376;0.000;0.000;0.000","0.380;0.000;0.000;0.000","0.662;1000000.400;1000000.400;1000000.400","0.655;1503685.230;1503685.230;2004913.639","0.000;0.000;0.000;0.000","0.000;0.000;0.000;0.000","3776435045.317;1000.000;1000.000;1000.000","6106870229.008;997.549;997.549;997.549"
"parsec-blackscholes-simsmall-3",10,118.890,65.580,"3500;1500;1500;2000","1000;1000;1000;1000","1;1;1;1","118.890;48.070;48.160;48.770","65.580;51.050;51.460;51.300","6.074;0.514;0.514;0.640","0.408;0.911;0.947;0.933","0.380;0.000;0.000;0.000","0.000;0.322;0.344;0.335","0.655;1503685.230;1503685.230;2004913.639","68.648;0.777;0.726;0.746","0.000;0.000;0.000;0.000","0.000;0.000;0.000;0.000","6106870229.008;997.549;997.549;997.549","14567066.775;1287001287.001;1377410468.320;1340482573.727"
"parsec-blackscholes-simsmall-3",11,65.580,67.950,"1000;1000;1000;1000","2000;2000;2500;2500","1;1;1;1","65.580;51.050;51.460;51.300","53.380;67.070;67.950;67.660","0.408;0.911;0.947;0.933","0.640;2.421;2.489;2.468","0.000;0.322;0.344;0.335","0.000;0.368;0.382;0.378","68.648;0.777;0.726;0.746","2000000.639;0.679;0.654;0.662","0.000;0.000;0.000;0.000","0.000;0.000;0.000;0.000","14567066.775;1287001287.001;1377410468.320;1340482573.727","1000.000;2945508100.147;3822629969.419;3776435045.317"
"parsec-blackscholes-simsmall-3",12,67.950,94.070,"2000;2000;2000;2000","1500;3500;2000;1500","1;1;1;1","53.380;67.070;67.950;67.660","49.320;94.070;65.360;57.380","0.640;2.421;2.489;2.468","0.514;4.716;1.888;1.075","0.000;0.368;0.382;0.378","0.000;0.366;0.387;0.378","2000000.639;0.679;0.654;0.662","1500000.983;0.683;0.646;0.661","0.000;0.000;0.000;0.000","0.000;0.000;0.000;0.000","1000.000;2945508100.147;3822629969.419;3776435045.317","999.999;5124450951.684;3095975232.198;2269288956.127"
"parsec-blackscholes-simsmall-3",13,94.070,96.330,"1500;3000;2000;1500","1500;1000;3000;4000","1;1;1;1","49.320;94.070;65.360;57.380","48.300;60.230;96.330;75.050","0.514;4.716;1.888;1.075","0.514;0.598;4.906;3.061","0.000;0.366;0.387;0.378","0.000;0.371;0.385;0.377","1500000.983;0.683;0.646;0.661","1500000.483;0.674;0.650;0.664","0.000;0.000;0.000;0.000","0.000;0.000;0.000;0.000","999.999;5124450951.684;3095975232.198;2269288956.127","1000.000;1483679525.223;4615384615.385;6024096385.542"
"parsec-blackscholes-simsmall-3",14,96.330,114.110,"1500;1000;3000;2500","2500;3000;1500;3500","1;1;1;1","48.300;60.230;96.330;75.050","49.500;62.210;64.380;114.110","0.514;0.598;4.906;3.061","0.781;1.651;1.000;6.429","0.000;0.371;0.385;0.377","0.000;0.366;0.383;0.378","1500000.483;0.674;0.650;0.664","2500001.643;0.683;0.653;0.662","0.000;0.000;0.000;0.000","0.000;0.000;0.000;0.000","1000.000;1483679525.223;4615384615.385;6024096385.542","999.999;4392386530.015;2297090352.221;5287009063.444"
"parsec-blackscholes-simsmall-3",15,114.110,70.210,"2500;2000;1500;3500","1000;1000;1000;1000","1;1;1;1","49.500;62.210;64.380;114.110","47.920;57.270;58.760;70.210","0.781;1.651;1.000;6.429","0.403;0.987;1.013;0.999","0.000;0.366;0.383;0.378","0.000;0.369;0.386;0.377","2500001.643;0.683;0.653;0.662","1000000.657;0.677;0.647;0.663","0.000;0.000;0.000;0.000","0.000;0.000;0.000;0.000","999.999;4392386530.015;2297090352.221;5287009063.444","999.999;1477104874.446;1545595054.096;1508295625.943"
"parsec-blackscholes-simsmall-3",16,70.210,71.220,"1000;1000;1000;1000","3000;1000;3500;1000","1;1;1;1","47.920;57.270;58.760;70.210","48.770;52.510;71.220;57.180","0.403;0.987;1.013;0.999","0.640;0.690;2.496;0.698","0.000;0.369;0.386;0.377","0.000;0.363;0.383;0.374","1000000.657;0.677;0.647;0.663","2000000.800;0.688;0.652;0.669","0.000;0.000;0.000;0.000","0.000;0.000;0.000;0.000","999.999;1477104874.446;1545595054.096;1508295625.943","1499.999;1453488372.093;5368098159.509;1494768310.912"
"parsec-blackscholes-simsmall-3",17,71.220,98.150,"2000;1000;2000;1000","4000;3000;3500;2500","1;1;1;1","48.770;52.510;71.220;57.180","50.290;61.460;98.150;64.020","0.640;0.690;2.496;0.698","0.938;1.825;4.907;1.864","0.000;0.363;0.383;0.374","0.000;0.368;0.385;0.379","2000000.800;0.688;0.652;0.669","3000053.477;0.680;0.650;0.659","0.000;0.000;0.000;0.000","0.000;0.000;0.000;0.000","1499.999;1453488372.093;5368098159.509;1494768310.912","1333.310;4411764705.882;5384615384.615;3793626707.132"
"parsec-blackscholes-simsmall-3",18,98.150,89.320,"3000;2000;3000;2000","3500;3000;1000;3000","1;1;1;1","50.290;61.460;98.150;64.020","51.360;87.030;61.570;89.320","0.938;1.825;4.907;1.864","1.110;4.181;0.576;4.277","0.000;0.368;0.385;0.379","0.000;0.367;0.384;0.378","3000053.477;0.680;0.650;0.659","3500002.890;0.682;0.651;0.662","0.000;0.000;0.000;0.000","0.000;0.000;0.000;0.000","1333.310;4411764705.882;5384615384.615;3793626707.132","999.999;4398826979.472;1536098310.292;4531722054.381"
"parsec-blackscholes-simsmall-3",19,89.320,69.920,"3500;3000;1000;3000","3000;2000;3500;1500","1;1;1;1","51.360;87.030;61.570;89.320","50.770;69.920;65.550;63.660","1.110;4.181;0.576;4.277","0.938;1.822;1.878;1.072","0.000;0.367;0.384;0.378","0.000;0.367;0.384;0.376","3500002.890;0.682;0.651;0.662","3000001.212;0.682;0.651;0.665","0.000;0.000;0.000;0.000","0.000;0.000;0.000;0.000","999.999;4398826979.472;1536098310.292;4531722054.381","1000.000;2932551319.648;5376344086.022;2255639097.744"
"parsec-blackscholes-simsmall-3",20,69.920,82.870,"3000;2000;2000;1500","1500;2000;2000;4000","1;1;1;1","50.770;69.920;65.550;63.660","48.700;69.270;68.890;82.870","0.938;1.822;1.878;1.072","0.514;2.070;2.138;3.517","0.000;0.367;0.384;0.376","0.000;0.370;0.387;0.377","3000001.212;0.682;0.651;0.665","1500006.488;0.676;0.646;0.664","0.000;0.000;0.000;0.000","0.000;0.000;0.000;0.000","1000.000;2932551319.648;5376344086.022;2255639097.744","999.996;2958579881.657;3095975232.198;6024096385.542"
"parsec-blackscholes-simsmall-3",21,82.870,95.750,"1500;2000;2000;2500","1000;3500;1000;2500","1;1;1;1","48.700;69.270;68.890;82.870","47.810;95.750;54.700;82.210","0.514;2.070;2.138;3.517","0.403;4.706;0.605;3.075","0.000;0.370;0.387;0.377","0.000;0.365;0.383;0.379","1500006.488;0.676;0.646;0.664","1000008.404;0.685;0.652;0.660","0.000;0.000;0.000;0.000","0.000;0.000;0.000;0.000","999.996;2958579881.657;3095975232.198;6024096385.542","999.992;5109489051.095;1533742331.288;3787878787.879"
"parsec-blackscholes-simsmall-3",22,95.750,77.050,"1000;3000;1000;2500","1500;1000;1500;2000","1;1;1;1","47.810;95.750;54.700;82.210","48.150;62.430;58.650;77.050","0.403;4.706;0.605;3.075","0.514;0.695;1.366;2.470","0.000;0.365;0.383;0.379","0.000;0.370;0.383;0.378","1000008.404;0.685;0.652;0.660","1500024.991;0.676;0.653;0.661","0.000;0.000;0.000;0.000","0.000;0.000;0.000;0.000","999.992;5109489051.095;1533742331.288;3787878787.879","999.983;1479289940.828;2297090352.221;3025718608.169"
"parsec-blackscholes-simsmall-3",23,77.050,86.370,"1500;1000;1500;2000","1000;4000;1000;2500","1;1;1;1","48.150;62.430;58.650;77.050","47.670;67.770;52.300;86.370","0.514;0.695;1.366;2.470","0.403;2.056;0.648;3.524","0.000;0.370;0.383;0.378","0.000;0.366;0.388;0.378","1500024.991;0.676;0.653;0.661","1000000.661;0.683;0.644;0.662","0.000;0.000;0.000;0.000","0.000;0.000;0.000;0.000","999.983;1479289940.828;2297090352.221;3025718608.169","999.999;5856515373.353;1552795031.056;3776435045.317"
"parsec-blackscholes-simsmall-3",24,86.370,95.720,"1000;2000;1000;2500","2500;3000;1500;1500","1;1;1;1","47.670;67.770;52.300;86.370","48.700;95.720;54.370;63.590","0.403;2.056;0.648;3.524","0.640;4.732;1.081;1.071","0.000;0.366;0.388;0.378","0.000;0.368;0.382;0.375","1000000.661;0.683;0.644;0.662","2000000.678;0.680;0.654;0.666","0.000;0.000;0.000;0.000","0.000;0.000;0.000;0.000","999.999;5856515373.353;1552795031.056;3776435045.317","1250.000;4411764705.882;2293577981.651;2252252252.252"
"parsec-blackscholes-simsmall-3",25,95.720,89.630,"2000;3000;1500;1500","2500;2500;1500;4000","1;1;1;1","48.700;95.720;54.370;63.590","49.530;89.630;56.060;83.260","0.640;4.732;1.081;1.071","0.781;3.446;1.202;3.530","0.000;0.368;0.382;0.375","0.000;0.367;0.386;0.378","2000000.678;0.680;0.654;0.666","2500038.324;0.681;0.647;0.661","0.000;0.000;0.000;0.000","0.000;0.000;0.000;0.000","1250.000;4411764705.882;2293577981.651;2252252252.252","999.985;3671071953.010;2318392581.144;6051437216.339"
"parsec-blackscholes-simsmall-3",26,89.630,116.780,"2500;2500;1500;2500","3000;2000;2000;3500","1;1;1;1","49.530;89.630;56.060;83.260","50.430;69.920;60.740;116.780","0.781;3.446;1.202;3.530","0.938;1.651;1.699;6.409","0.000;0.367;0.386;0.378","0.000;0.366;0.383;0.377","2500038.324;0.681;0.647;0.661","3000000.989;0.683;0.652;0.664","0.000;0.000;0.000;0.000","0.000;0.000;0.000;0.000","999.985;3671071953.010;2318392581.144;6051437216.339","1000.000;2928257686.676;3067484662.577;5271084337.349"
"parsec-blackscholes-simsmall-3",27,116.780,71.590,"3000;2000;2000;3500","1000;1000;1000;1000","1;1;1;1","50.430;69.920;60.740;116.780","48.080;60.250;56.730;71.590","0.938;1.651;1.699;6.409","0.403;0.987;1.014;1.001","0.000;0.366;0.383;0.377","0.000;0.370;0.386;0.379","3000000.989;0.683;0.652;0.664","1000000.330;0.675;0.647;0.660","0.000;0.000;0.000;0.000","0.000;0.000;0.000;0.000","1000.000;2928257686.676;3067484662.577;5271084337.349","1000.000;1481481481.481;1545595054.096;1515151515.152"
"parsec-blackscholes-simsmall-3",28,71.590,75.460,"1000;1000;1000;1000","4000;1500;1500;2500","1;1;1;1","48.080;60.250;56.730;71.590","48.810;60.030;58.650;75.460","0.403;0.987;1.014;1.001","0.640;1.326;1.366;2.461","0.000;0.370;0.386;0.379","0.000;0.365;0.383;0.377","1000000.330;0.675;0.647;0.660","2000001.330;0.685;0.653;0.664","0.000;0.000;0.000;0.000","0.000;0.000;0.000;0.000","1000.000;1481481481.481;1545595054.096;1515151515.152","1999.999;2189781021.898;2297090352.221;3765060240.964"
"parsec-blackscholes-simsmall-3",29,75.460,99.410,"2000;1500;1500;2000","3500;3000;2500;4000","1;1;1;1","48.810;60.030;58.650;75.460","50.310;75.690;76.100;99.410","0.640;1.326;1.366;2.461","0.938;3.002;3.117;4.833","0.000;0.365;0.383;0.377","0.000;0.367;0.386;0.377","2000001.330;0.685;0.653;0.664","3000036.795;0.681;0.648;0.663","0.000;0.000;0.000;0.000","0.000;0.000;0.000;0.000","1999.999;2189781021.898;2297090352.221;3765060240.964","1166.652;4405286343.612;3858024691.358;6033182503.771"
"parsec-blackscholes-simsmall-3",30,99.410,105.210,"3000;2500;2500;3000","1000;2500;1500;3000","1;1;1;1","50.310;75.690;76.100;99.410","48.050;79.410;60.210;105.210","0.938;3.002;3.117;4.833","0.403;3.007;1.082;4.841","0.000;0.367;0.386;0.377","0.000;0.368;0.383;0.378","3000036.795;0.681;0.648;0.663","1000010.867;0.680;0.653;0.661","0.000;0.000;0.000;0.000","0.000;0.000;0.000;0.000","1166.652;4405286343.612;3858024691.358;6033182503.771","999.989;3676470588.235;2297090352.221;4538577912.254"
"parsec-blackscholes-simsmall-3",31,105.210,142.850,"1000;2500;1500;3000","1000;2500;1500;4000","1;1;1;1","48.050;79.410;60.210;105.210","47.680;74.310;55.200;142.850","0.403;3.007;1.082;4.841","0.403;2.451;0.944;8.317","0.000;0.368;0.383;0.378","0.000;0.368;0.386;0.378","1000010.867;0.680;0.653;0.661","1000000.267;0.680;0.647;0.662","0.000;0.000;0.000;0.000","0.000;0.000;0.000;0.000","999.989;3676470588.235;2297090352.221;4538577912.254","1000.000;3676470588.235;2318392581.144;6042296072.508"
"parsec-blackscholes-simsmall-3",32,142.850,79.090,"1000;2500;1500;4000","1000;1000;1000;1000","1;1;1;1","47.680;74.310;55.200;142.850","47.600;60.780;55.710;79.090","0.403;2.451;0.944;8.317","0.403;0.987;1.007;1.000","0.000;0.368;0.386;0.378","0.000;0.370;0.382;0.378","1000000.267;0.680;0.647;0.662","1000045.117;0.676;0.654;0.662","0.000;0.000;0.000;0.000","0.000;0.000;0.000;0.000","1000.000;3676470588.235;2318392581.144;6042296072.508","999.955;1479289940.828;1529051987.768;1510574018.127"
"parsec-blackscholes-simsmall-3",33,79.090,70.000,"1000;1000;1000;1000","3000;1000;3000;1500","1;1;1;1","47.600;60.780;55.710;79.090","48.690;54.000;70.000;67.270","0.403;0.987;1.007;1.000","0.640;0.689;2.500;1.350","0.000;0.370;0.382;0.378","0.000;0.363;0.385;0.376","1000045.117;0.676;0.654;0.662","2000000.534;0.689;0.650;0.665","0.000;0.000;0.000;0.000","0.000;0.000;0.000;0.000","999.955;1479289940.828;1529051987.768;1510574018.127","1500.000;1451378809.869;4615384615.385;2255639097.744"
"parsec-blackscholes-simsmall-3",34,70.000,97.570,"2000;1000;2000;1500","1000;1000;3000;3000","1;1;1;1","48.690;54.000;70.000;67.270","47.750;50.910;97.570;79.770","0.640;0.689;2.500;1.350","0.403;0.598;4.906;3.064","0.000;0.363;0.385;0.376","0.000;0.371;0.385;0.377","2000000.534;0.689;0.650;0.665","1000000.269;0.673;0.650;0.663","0.000;0.000;0.000;0.000","0.000;0.000;0.000;0.000","1500.000;1451378809.869;4615384615.385;2255639097.744","1000.000;1485884101.040;4615384615.385;4524886877.828"
"parsec-blackscholes-simsmall-3",35,97.570,104.770,"1000;1000;3000;2500","3000;3500;3000;1500","1;1;1;1","47.750;50.910;97.570;79.770","48.720;61.090;104.770;62.340","0.403;0.598;4.906;3.064","0.640;1.820;4.909;1.078","0.000;0.371;0.385;0.377","0.000;0.366;0.385;0.381","1000000.269;0.673;0.650;0.663","2000000.909;0.683;0.650;0.657","0.000;0.000;0.000;0.000","0.000;0.000;0.000;0.000","1000.000;1485884101.040;4615384615.385;4524886877.828","1499.999;5124450951.684;4615384615.385;2283105022.831"
"parsec-blackscholes-simsmall-3",36,104.770,93.240,"2000;2000;3000;1500","1500;3500;2000;2000","1;1;1;1","48.720;61.090;104.770;62.340","48.290;93.240;76.230;65.400","0.640;1.820;4.909;1.078","0.514;4.730;1.878;1.851","0.000;0.366;0.385;0.381","0.000;0.368;0.384;0.375","2000000.909;0.683;0.650;0.657","1500000.682;0.680;0.651;0.666","0.000;0.000;0.000;0.000","0.000;0.000;0.000;0.000","1499.999;5124450951.684;4615384615.385;2283105022.831","1000.000;5147058823.529;3072196620.584;3003003003.003"
"parsec-blackscholes-simsmall-3",37,93.240,92.190,"1500;3000;2000;2000","3000;2000;2000;3500","1;1;1;1","48.290;93.240;76.230;65.400","49.480;71.510;69.870;92.190","0.514;4.730;1.878;1.851","0.781;1.821;1.888;4.469","0.000;0.368;0.384;0.375","0.000;0.367;0.387;0.342","1500000.682;0.680;0.651;0.666","2500000.672;0.682;0.646;0.731","0.000;0.000;0.000;0.000","0.000;0.000;0.000;0.000","1000.000;5147058823.529;3072196620.584;3003003003.003","1200.000;2932551319.648;3095975232.198;4787961696.306"
"parsec-blackscholes-simsmall-3",38,92.190,74.780,"2500;2000;2000;3000","1000;1000;2000;2000","1;1;1;1","49.480;71.510;69.870;92.190","47.900;56.840;74.780;58.360","0.781;1.821;1.888;4.469","0.403;0.695;2.499;0.640","0.000;0.367;0.387;0.342","0.000;0.369;0.384;0.000","2500000.672;0.682;0.646;0.731","1000022.265;0.677;0.651;2000044.530","0.000;0.000;0.000;0.000","0.000;0.000;0.000;0.000","1200.000;2932551319.648;3095975232.198;4787961696.306","999.978;1477104874.446;3072196620.584;999.978"
"parsec-blackscholes-simsmall-3",39,74.780,71.440,"1000;1000;2000;2000","3000;1500;2000;2500","1;1;1;1","47.900;56.840;74.780;58.360","48.760;57.160;71.440;50.700","0.403;0.695;2.499;0.640","0.640;1.164;2.133;0.781","0.000;0.369;0.384;0.000","0.000;0.365;0.386;0.000","1000022.265;0.677;0.651;2000044.530","2000002.534;0.685;0.648;2500003.168","0.000;0.000;0.000;0.000","0.000;0.000;0.000;0.000","999.978;1477104874.446;3072196620.584;999.978","1499.998;2189781021.898;3086419753.086;999.999"
"parsec-blackscholes-simsmall-3",40,71.440,98.930,"2000;1500;2000;2500","3000;1000;3500;2500","1;1;1;1","48.760;57.160;71.440;50.700","50.300;51.550;98.930;50.080","0.640;1.164;2.133;0.781","0.938;0.597;4.912;0.781","0.000;0.365;0.386;0.000","0.000;0.370;0.385;0.000","2000002.534;0.685;0.648;2500003.168","3000000.813;0.676;0.649;2500000.677","0.000;0.000;0.000;0.000","0.000;0.000;0.000;0.000","1499.998;2189781021.898;3086419753.086;999.999","1000.000;1479289940.828;5392912172.573;1000.000"
"parsec-blackscholes-simsmall-3",41,98.930,61.880,"3000;1000;3000;2500","4000;1000;1000;2000","1;1;1;1","50.300;51.550;98.930;50.080","52.250;49.360;61.880;49.370","0.938;0.597;4.912;0.781","1.299;0.546;0.553;0.640","0.000;0.370;0.385;0.000","0.000;0.363;0.381;0.000","3000000.813;0.676;0.649;2500000.677","4000001.084;0.688;0.657;2000000.542","0.000;0.000;0.000;0.000","0.000;0.000;0.000;0.000","1000.000;1479289940.828;5392912172.573;1000.000","1000.000;1453488372.093;1522070015.221;1000.000"
"parsec-blackscholes-simsmall-3",42,61.880,57.580,"4000;1000;1000;2000","4000;1000;2000;1000","1;1;1;1","52.250;49.360;61.880;49.370","52.600;48.610;57.580;48.070","1.299;0.546;0.553;0.640","1.299;0.549;1.149;0.403","0.000;0.363;0.381;0.000","0.000;0.371;0.211;0.000","4000001.084;0.688;0.657;2000000.542","4000001.068;0.673;1.187;1000000.267","0.000;0.000;0.000;0.000","0.000;0.000;0.000;0.000","1000.000;1453488372.093;1522070015.221;1000.000","1000.000;1485884101.040;1684919966.302;1000.000"
"parsec-blackscholes-simsmall-3",43,57.580,62.820,"4000;1000;2000;1000","2500;3000;2000;4000","1;1;1;1","52.600;48.610;57.580;48.070","50.280;62.820;50.020;48.940","1.299;0.549;1.149;0.403","0.781;2.057;0.640;0.640","0.000;0.371;0.211;0.000","0.000;0.366;0.000;0.000","4000001.068;0.673;1.187;1000000.267","2500006.918;0.683;2000005.534;2000005.534","0.000;0.000;0.000;0.000","0.000;0.000;0.000;0.000","1000.000;1485884101.040;1684919966.302;1000.000","999.997;4392386530.015;999.997;1999.994"
"parsec-blackscholes-simsmall-3",44,62.820,75.640,"2500;2000;2000;2000","3500;3000;1000;4000","1;1;1;1","50.280;62.820;50.020;48.940","75.640;72.570;48.080;50.500","0.781;2.057;0.640;0.640","3.570;2.900;0.403;0.938","0.000;0.366;0.000;0.000","0.185;0.222;0.000;0.000","2500006.918;0.683;2000005.534;2000005.534","1.343;1.127;1000000.199;3000000.596","0.000;0.000;0.000;0.000","0.000;0.000;0.000;0.000","999.997;4392386530.015;999.997;1999.994","2606105733.433;2661934338.953;1000.000;1333.333"
"parsec-blackscholes-simsmall-3",45,75.640,55.080,"3500;3000;1000;3000","1000;4000;3000;2500","1;1;1;1","75.640;72.570;48.080;50.500","55.080;53.190;48.950;50.040","3.570;2.900;0.403;0.938","0.583;1.299;0.640;0.781","0.185;0.222;0.000;0.000","0.481;0.000;0.000;0.000","1.343;1.127;1000000.199;3000000.596","0.518;4000000.794;2000000.397;2500000.497","0.000;0.000;0.000;0.000","0.000;0.000;0.000;0.000","2606105733.433;2661934338.953;1000.000;1333.333","1930501930.502;1000.000;1500.000;1000.000"
"parsec-blackscholes-simsmall-3",46,55.080,64.060,"1000;4000;2000;2500","3000;3500;3500;2000","1;1;1;1","55.080;53.190;48.950;50.040","64.060;51.840;50.500;49.300","0.583;1.299;0.640;0.781","1.908;1.110;0.938;0.640","0.481;0.000;0.000;0.000","0.485;0.000;0.000;0.000","0.518;4000000.794;2000000.397;2500000.497","0.513;3500037.445;3000032.096;2000021.397","0.000;0.000;0.000;0.000","0.000;0.000;0.000;0.000","1930501930.502;1000.000;1500.000;1000.000","5847953216.374;999.989;1166.654;999.989"
"parsec-blackscholes-simsmall-3",0,98.900,108.190,"4000;4000;4000;4000","3500;2000;3500;3000","1;1;1;1","98.900;48.970;49.550;49.180","108.190;48.060;50.350;49.540","5.586;0.403;0.640;0.640","6.158;0.640;1.110;0.938","0.477;0.000;0.000;0.000","0.392;0.000;0.000;0.000","0.522;655872.711;1311745.423;1311745.423","0.638;2000000.531;3500000.930;3000000.797","0.000;0.000;0.000;0.000","0.000;0.000;0.000;0.000","-1915708.812;-1.525;-0.762;-0.762","5485893416.928;1000.000;1000.000;1000.000"
"parsec-blackscholes-simsmall-3",1,108.190,62.780,"3500;2000;3500;3000","1000;4000;3500;3500","1;1;1;1","108.190;48.060;50.350;49.540","62.780;50.000;51.390;51.230","6.158;0.640;1.110;0.938","0.563;0.938;1.110;1.110","0.392;0.000;0.000;0.000","0.385;0.000;0.000;0.000","0.638;2000000.531;3500000.930;3000000.797","0.649;3000090.000;3500105.000;3500105.000","0.000;0.000;0.000;0.000","0.000;0.000;0.000;0.000","5485893416.928;1000.000;1000.000;1000.000","1540832049.307;1333.293;999.970;999.970"
"parsec-blackscholes-simsmall-3",2,62.780,72.630,"1000;3000;3500;3500","3000;1500;1000;1000","1;1;1;1","62.780;50.000;51.390;51.230","72.630;48.390;48.290;48.240","0.563;0.938;1.110;1.110","2.354;0.514;0.403;0.403","0.385;0.000;0.000;0.000","0.384;0.000;0.000;0.000","0.649;3000090.000;3500105.000;3500105.000","0.648;1500012.750;1000008.500;1000008.500","0.000;0.000;0.000;0.000","0.000;0.000;0.000;0.000","1540832049.307;1333.293;999.970;999.970","4629629629.630;999.992;999.992;999.992"
"parsec-blackscholes-simsmall-3",3,72.630,86.110,"2000;1500;1000;1000","2500;2500;3000;1500","1;1;1;1","72.630;48.390;48.290;48.240","86.110;49.420;48.890;48.260","2.354;0.514;0.403;0.403","3.411;0.781;0.640;0.514","0.384;0.000;0.000;0.000","0.395;0.000;0.000;0.000","0.648;1500012.750;1000008.500;1000008.500","0.633;2500000.000;2000000.000;1500000.000","0.000;0.000;0.000;0.000","0.000;0.000;0.000;0.000","4629629629.630;999.992;999.992;999.992","3949447077.409;1000.000;1500.000;1000.000"
"parsec-blackscholes-simsmall-3",4,86.110,60.180,"2500;2500;2000;1500","1000;2000;2000;2000","1;1;1;1","86.110;49.420;48.890;48.260","60.180;48.930;48.980;48.840","3.411;0.781;0.640;0.514","0.683;0.640;0.640;0.640","0.395;0.000;0.000;0.000","0.384;0.000;0.000;0.000","0.633;2500000.000;2000000.000;1500000.000","0.648;2000000.000;2000000.000;2000000.000","0.000;0.000;0.000;0.000","0.000;0.000;0.000;0.000","3949447077.409;1000.000;1500.000;1000.000","1543209876.543;1000.000;1000.000;1000.000"
"parsec-blackscholes-simsmall-3",5,60.180,57.260,"1000;2000;2000;2000","1500;2500;4000;1000","1;1;1;1","60.180;48.930;48.980;48.840","57.260;49.530;50.420;47.810","0.683;0.640;0.640;0.640","1.041;0.781;0.938;0.403","0.384;0.000;0.000;0.000","0.385;0.000;0.000;0.000","0.648;2000000.000;2000000.000;2000000.000","0.647;2500001.508;3000001.810;1000000.603","0.000;0.000;0.000;0.000","0.000;0.000;0.000;0.000","1543209876.543;1000.000;1000.000;1000.000","2318392581.144;999.999;1333.333;999.999"
"parsec-blackscholes-simsmall-3",6,57.260,72.690,"1500;2500;3000;1000","3000;4000;2500;1000","1;1;1;1","57.260;49.530;50.420;47.810","72.690;51.170;49.950;47.620","1.041;0.781;0.938;0.403","2.638;1.110;0.781;0.403","0.385;0.000;0.000;0.000","0.390;0.000;0.000;0.000","0.647;2500001.508;3000001.810;1000000.603","0.641;3500000.000;2500000.000;1000000.000","0.000;0.000;0.000;0.000","0.000;0.000;0.000;0.000","2318392581.144;999.999;1333.333;999.999","4680187207.488;1142.857;1000.000;1000.000"
"parsec-blackscholes-simsmall-3",7,72.690,115.600,"2500;3500;2500;1000","4000;1500;3500;2000","1;1;1;1","72.690;51.170;49.950;47.620","115.600;48.680;51.460;48.710","2.638;1.110;0.781;0.403","6.125;0.514;1.110;0.640","0.390;0.000;0.000;0.000","0.387;0.000;0.000;0.000","0.641;3500000.000;2500000.000;1000000.000","0.643;1500000.416;3500000.971;2000000.555","0.000;0.000;0.000;0.000","0.000;0.000;0.000;0.000","4680187207.488;1142.857;1000.000;1000.000","6220839813.375;1000.000;1000.000;1000.000"
"parsec-blackscholes-simsmall-3",8,115.600,70.880,"3500;1500;3500;2000","1000;1000;1000;1000","1;1;1;1","115.600;48.680;51.460;48.710","70.880;47.740;48.360;47.770","6.125;0.514;1.110;0.640","0.964;0.403;0.403;0.403","0.387;0.000;0.000;0.000","0.387;0.000;0.000;0.000","0.643;1500000.416;3500000.971;2000000.555","0.646;1000000.000;1000000.000;1000000.000","0.000;0.000;0.000;0.000","0.000;0.000;0.000;0.000","6220839813.375;1000.000;1000.000;1000.000","1547987616.099;1000.000;1000.000;1000.000"
"parsec-blackscholes-simsmall-3",9,70.880,76.070,"1000;1000;1000;1000","3000;1000;2000;2500","1;1;1;1","70.880;47.740;48.360;47.770","76.070;47.560;48.930;48.750","0.964;0.403;0.403;0.403","2.400;0.403;0.640;0.640","0.387;0.000;0.000;0.000","0.397;0.000;0.000;0.000","0.646;1000000.000;1000000.000;1000000.000","0.630;1000004.500;2000009.000;2000009.000","0.000;0.000;0.000;0.000","0.000;0.000;0.000;0.000","1547987616.099;1000.000;1000.000;1000.000","4761904761.905;999.996;999.996;1249.994"
"parsec-blackscholes-simsmall-3",10,76.070,56.480,"2000;1000;2000;2000","1000;3500;2000;1000","1;1;1;1","76.070;47.560;48.930;48.750","56.480;55.200;55.820;47.860","2.400;0.403;0.640;0.640","0.546;1.504;1.555;0.550","0.397;0.000;0.000;0.000","0.188;0.179;0.189;0.187","0.630;1000004.500;2000009.000;2000009.000","1.331;1.398;1.323;1.339","0.000;0.000;0.000;0.000","0.000;0.000;0.000;0.000","4761904761.905;999.996;999.996;1249.994","751314800.902;2503576537.911;1511715797.430;746825989.544"
"parsec-blackscholes-simsmall-3",11,56.480,78.190,"1000;2000;2000;1000","1000;2500;2000;3500","1;1;1;1","56.480;55.200;55.820;47.860","49.810;78.190;64.880;62.450","0.546;1.504;1.555;0.550","0.403;3.442;2.124;2.106","0.188;0.179;0.189;0.187","0.000;0.367;0.383;0.379","1.331;1.398;1.323;1.339","1000000.400;0.682;0.652;0.660","0.000;0.000;0.000;0.000","0.000;0.000;0.000;0.000","751314800.902;2503576537.911;1511715797.430;746825989.544","1000.000;3665689149.560;3067484662.577;5303030303.030"
"parsec-blackscholes-simsmall-3",12,78.190,94.280,"1000;2500;2000;2000","3500;2500;1500;4000","1;1;1;1","49.810;78.190;64.880;62.450","48.730;79.140;56.960;94.280","0.403;3.442;2.124;2.106","0.640;3.002;1.085;4.848","0.000;0.367;0.383;0.379","0.000;0.367;0.385;0.379","1000000.400;0.682;0.652;0.660","2000000.671;0.681;0.650;0.660","0.000;0.000;0.000;0.000","0.000;0.000;0.000;0.000","1000.000;3665689149.560;3067484662.577;5303030303.030","1749.999;3671071953.010;2307692307.692;6060606060.606"
"parsec-blackscholes-simsmall-3",13,94.280,118.750,"2000;2500;1500;3000","3500;3000;1000;3500","1;1;1;1","48.730;79.140;56.960;94.280","50.290;91.810;50.810;118.750","0.640;3.002;1.085;4.848","0.938;4.179;0.575;6.431","0.000;0.367;0.385;0.379","0.000;0.367;0.382;0.378","2000000.671;0.681;0.650;0.660","3000001.006;0.682;0.654;0.661","0.000;0.000;0.000;0.000","0.000;0.000;0.000;0.000","1749.999;3671071953.010;2307692307.692;6060606060.606","1166.666;4398826979.472;1529051987.768;5295007564.297"
"parsec-blackscholes-simsmall-3",14,118.750,71.780,"3000;3000;1000;3500","1000;1000;1000;1000","1;1;1;1","50.290;91.810;50.810;118.750","48.040;64.840;54.190;71.780","0.938;4.179;0.575;6.431","0.403;0.987;1.008;0.997","0.000;0.367;0.382;0.378","0.000;0.370;0.383;0.376","3000001.006;0.682;0.654;0.661","1000001.002;0.676;0.653;0.665","0.000;0.000;0.000;0.000","0.000;0.000;0.000;0.000","1166.666;4398826979.472;1529051987.768;5295007564.297","999.999;1479289940.828;1531393568.147;1503759398.496"
"parsec-blackscholes-simsmall-3",15,71.780,72.290,"1000;1000;1000;1000","1500;2000;2500;1000","1;1;1;1","48.040;64.840;54.190;71.780","48.190;72.290;69.270;57.960","0.403;0.987;1.008;0.997","0.514;2.411;2.503;0.705","0.000;0.370;0.383;0.376","0.000;0.366;0.385;0.382","1000001.002;0.676;0.653;0.665","1500000.753;0.683;0.649;0.655","0.000;0.000;0.000;0.000","0.000;0.000;0.000;0.000","999.999;1479289940.828;1531393568.147;1503759398.496","999.999;2928257686.676;3852080123.267;1526717557.252"
"parsec-blackscholes-simsmall-3",16,72.290,96.970,"1500;2000;2000;1000","3000;1500;3000;1500","1;1;1;1","48.190;72.290;69.270;57.960","49.450;59.590;96.970;56.810","0.514;2.411;2.503;0.705","0.781;1.055;4.895;1.076","0.000;0.366;0.385;0.382","0.000;0.365;0.383;0.379","1500000.753;0.683;0.649;0.655","2500001.205;0.685;0.652;0.660","0.000;0.000;0.000;0.000","0.000;0.000;0.000;0.000","999.999;2928257686.676;3852080123.267;1526717557.252","1199.999;2189781021.898;4601226993.865;2272727272.727"
"parsec-blackscholes-simsmall-3",17,96.970,140.320,"2500;1500;3000;1500","2500;2500;4000;3000","1;1;1;1","49.450;59.590;96.970;56.810","49.670;69.350;140.320;69.150","0.781;1.055;4.895;1.076","0.781;2.445;8.409;2.501","0.000;0.365;0.383;0.379","0.000;0.367;0.383;0.379","2500001.205;0.685;0.652;0.660","2500000.427;0.682;0.653;0.660","0.000;0.000;0.000;0.000","0.000;0.000;0.000;0.000","1199.999;2189781021.898;4601226993.865;2272727272.727","1000.000;3665689149.560;6125574272.588;4545454545.455"
"parsec-blackscholes-simsmall-3",18,140.320,77.560,"2500;2500;4000;2500","1000;1000;1000;1000","1;1;1;1","49.670;69.350;140.320;69.150","47.930;58.980;77.560;58.890","0.781;2.445;8.409;2.501","0.403;0.988;1.007;0.997","0.000;0.367;0.383;0.379","0.000;0.371;0.382;0.376","2500000.427;0.682;0.653;0.660","1000037.082;0.674;0.654;0.665","0.000;0.000;0.000;0.000","0.000;0.000;0.000;0.000","1000.000;3665689149.560;6125574272.588;4545454545.455","999.963;1483679525.223;1529051987.768;1503759398.496"
"parsec-blackscholes-simsmall-3",19,77.560,77.980,"1000;1000;1000;1000","3500;3500;2000;1500","1;1;1;1","47.930;58.980;77.560;58.890","48.760;70.090;77.980;59.460","0.403;0.988;1.007;0.997","0.640;2.408;2.497;1.363","0.000;0.371;0.382;0.376","0.000;0.365;0.384;0.382","1000037.082;0.674;0.654;0.665","2000031.341;0.684;0.651;0.655","0.000;0.000;0.000;0.000","0.000;0.000;0.000;0.000","999.963;1483679525.223;1529051987.768;1503759398.496","1749.973;5116959064.327;3072196620.584;2290076335.878"
"parsec-blackscholes-simsmall-3",20,77.980,82.880,"2000;2000;2000;1500","1500;2500;1000;4000","1;1;1;1","48.760;70.090;77.980;59.460","48.290;82.880;58.630;81.120","0.640;2.408;2.497;1.363","0.514;3.444;0.644;3.526","0.000;0.365;0.384;0.382","0.000;0.367;0.382;0.378","2000031.341;0.684;0.651;0.655","1500003.706;0.682;0.654;0.662","0.000;0.000;0.000;0.000","0.000;0.000;0.000;0.000","1749.973;5116959064.327;3072196620.584;2290076335.878","999.998;3665689149.560;1529051987.768;6042296072.508"
"parsec-blackscholes-simsmall-3",21,82.880,86.480,"1500;2500;1000;2500","1500;2000;1000;2500","1;1;1;1","48.290;82.880;58.630;81.120","48.220;71.970;53.480;86.480","0.514;3.444;0.644;3.526","0.514;2.056;0.648;3.532","0.000;0.367;0.382;0.378","0.000;0.366;0.387;0.379","1500003.706;0.682;0.654;0.662","1500000.706;0.683;0.646;0.660","0.000;0.000;0.000;0.000","0.000;0.000;0.000;0.000","999.998;3665689149.560;1529051987.768;6042296072.508","1000.000;2928257686.676;1547987616.099;3787878787.879"
"parsec-blackscholes-simsmall-3",22,86.480,117.930,"1500;2000;1000;2500","2000;4000;2500;3500","1;1;1;1","48.220;71.970;53.480;86.480","48.790;90.760;60.880;117.930","0.514;2.056;0.648;3.532","0.640;4.191;1.699;6.447","0.000;0.366;0.387;0.379","0.000;0.368;0.383;0.379","1500000.706;0.683;0.646;0.660","2000000.458;0.680;0.653;0.659","0.000;0.000;0.000;0.000","0.000;0.000;0.000;0.000","1000.000;2928257686.676;1547987616.099;3787878787.879","1000.000;5882352941.176;3828483920.368;5311077389.985"
"parsec-blackscholes-simsmall-3",23,117.930,71.920,"2000;3000;2000;3500","1000;1000;1000;1000","1;1;1;1","48.790;90.760;60.880;117.930","47.770;64.700;57.010;71.920","0.640;4.191;1.699;6.447","0.403;0.987;1.008;1.003","0.000;0.368;0.383;0.379","0.000;0.370;0.383;0.380","2000000.458;0.680;0.653;0.659","1000000.229;0.676;0.653;0.658","0.000;0.000;0.000;0.000","0.000;0.000;0.000;0.000","1000.000;5882352941.176;3828483920.368;5311077389.985","1000.000;1479289940.828;1531393568.147;1519756838.906"
"parsec-blackscholes-simsmall-3",24,71.920,75.650,"1000;1000;1000;1000","3000;2500;3000;4000","1;1;1;1","47.770;64.700;57.010;71.920","48.720;72.310;70.320;75.650","0.403;0.987;1.008;1.003","0.640;2.408;2.491;2.469","0.000;0.370;0.383;0.380","0.000;0.365;0.383;0.378","1000000.229;0.676;0.653;0.658","2000000.458;0.684;0.653;0.661","0.000;0.000;0.000;0.000","0.000;0.000;0.000;0.000","1000.000;1479289940.828;1531393568.147;1519756838.906","1500.000;3654970760.234;4594180704.441;6051437216.339"
"parsec-blackscholes-simsmall-3",25,75.650,97.620,"2000;2000;2000;2000","3000;2000;3500;2000","1;1;1;1","48.720;72.310;70.320;75.650","50.270;67.020;97.620;68.910","0.640;2.408;2.491;2.469","0.938;1.821;4.897;1.863","0.000;0.365;0.383;0.378","0.000;0.367;0.383;0.379","2000000.458;0.684;0.653;0.661","3000000.687;0.682;0.652;0.659","0.000;0.000;0.000;0.000","0.000;0.000;0.000;0.000","1500.000;3654970760.234;4594180704.441;6051437216.339","1000.000;2932551319.648;5368098159.509;3034901365.706"
"parsec-blackscholes-simsmall-3",26,97.620,97.720,"3000;2000;3000;2000","1500;3000;1500;3500","1;1;1;1","50.270;67.020;97.620;68.910","48.560;95.540;65.940;97.720","0.938;1.821;4.897;1.863","0.514;4.729;1.084;4.848","0.000;0.367;0.383;0.379","0.000;0.367;0.385;0.379","3000000.687;0.682;0.652;0.659","1500000.512;0.681;0.650;0.660","0.000;0.000;0.000;0.000","0.000;0.000;0.000;0.000","1000.000;2932551319.648;5368098159.509;3034901365.706","1000.000;4405286343.612;2307692307.692;5303030303.030"
"parsec-blackscholes-simsmall-3",27,97.720,102.530,"1500;3000;1500;3000","3000;3000;1000;1000","1;1;1;1","48.560;95.540;65.940;97.720","49.540;102.530;54.740;62.100","0.514;4.729;1.084;4.848","0.781;4.734;0.605;0.602","0.000;0.367;0.385;0.379","0.000;0.368;0.385;0.379","1500000.512;0.681;0.650;0.660","2500000.853;0.680;0.650;0.660","0.000;0.000;0.000;0.000","0.000;0.000;0.000;0.000","1000.000;4405286343.612;2307692307.692;5303030303.030","1200.000;4411764705.882;1538461538.462;1515151515.152"
"parsec-blackscholes-simsmall-3",28,102.530,92.060,"2500;3000;1000;1000","1500;2500;1000;3000","1;1;1;1","49.540;102.530;54.740;62.100","48.450;92.060;51.950;68.450","0.781;4.734;0.605;0.602","0.514;3.448;0.644;2.106","0.000;0.368;0.385;0.379","0.000;0.367;0.382;0.379","2500000.853;0.680;0.650;0.660","1500000.512;0.681;0.655;0.660","0.000;0.000;0.000;0.000","0.000;0.000;0.000;0.000","1200.000;4411764705.882;1538461538.462;1515151515.152","1000.000;3671071953.010;1526717557.252;4545454545.455"
"parsec-blackscholes-simsmall-3",29,92.060,118.260,"1500;2500;1000;2000","2000;3500;2500;3000","1;1;1;1","48.450;92.060;51.950;68.450","48.860;118.260;60.210;90.940","0.514;3.448;0.644;2.106","0.640;6.249;1.704;4.289","0.000;0.367;0.382;0.379","0.000;0.365;0.385;0.379","1500000.512;0.681;0.655;0.660","2000000.683;0.684;0.650;0.660","0.000;0.000;0.000;0.000","0.000;0.000;0.000;0.000","1000.000;3671071953.010;1526717557.252;4545454545.455","1000.000;5116959064.327;3846153846.154;4545454545.455"
"parsec-blackscholes-simsmall-3",30,118.260,72.550,"2000;3500;2000;3000","1000;1000;1000;1000","1;1;1;1","48.860;118.260;60.210;90.940","47.800;72.550;56.570;64.830","0.640;6.249;1.704;4.289","0.403;0.986;1.001;1.000","0.000;0.365;0.385;0.379","0.000;0.369;0.379;0.378","2000000.683;0.684;0.650;0.660","1000000.341;0.677;0.660;0.661","0.000;0.000;0.000;0.000","0.000;0.000;0.000;0.000","1000.000;5116959064.327;3846153846.154;4545454545.455","1000.000;1477104874.446;1515151515.152;1512859304.085"
"parsec-blackscholes-simsmall-3",31,72.550,75.540,"1000;1000;1000;1000","2000;4000;1500;3500","1;1;1;1","47.800;72.550;56.570;64.830","48.740;75.540;58.720;73.070","0.403;0.986;1.001;1.000","0.640;2.410;1.370;2.473","0.000;0.369;0.379;0.378","0.000;0.366;0.385;0.379","1000000.341;0.677;0.660;0.661","2000000.466;0.683;0.649;0.660","0.000;0.000;0.000;0.000","0.000;0.000;0.000;0.000","1000.000;1477104874.446;1515151515.152;1512859304.085","1000.000;5856515373.353;2311248073.960;5303030303.030"
"parsec-blackscholes-simsmall-3",32,75.540,75.940,"2000;2000;1500;2000","3000;1500;3500;1000","1;1;1;1","48.740;75.540;58.720;73.070","50.290;61.300;75.940;55.940","0.640;2.410;1.370;2.473","0.938;1.055;3.098;0.602","0.000;0.366;0.385;0.379","0.000;0.364;0.383;0.378","2000000.466;0.683;0.649;0.660","3000001.007;0.686;0.653;0.661","0.000;0.000;0.000;0.000","0.000;0.000;0.000;0.000","1000.000;5856515373.353;2311248073.960;5303030303.030","1000.000;2186588921.283;5359877488.515;1512859304.085"
"parsec-blackscholes-simsmall-3",33,75.940,85.640,"3000;1500;2500;1000","2500;1500;2500;3000","1;1;1;1","50.290;61.300;75.940;55.940","49.830;58.800;85.640;66.250","0.938;1.055;3.098;0.602","0.781;1.173;3.574;2.107","0.000;0.364;0.383;0.378","0.000;0.370;0.384;0.379","3000001.007;0.686;0.653;0.661","2500037.025;0.675;0.651;0.660","0.000;0.000;0.000;0.000","0.000;0.000;0.000;0.000","1000.000;2186588921.283;5359877488.515;1512859304.085","999.985;2222222222.222;3840245775.730;4545454545.455"
"parsec-blackscholes-simsmall-3",34,85.640,80.620,"2500;1500;2500;2000","2000;3000;1500;1000","1;1;1;1","49.830;58.800;85.640;66.250","49.110;80.620;64.400;54.270","0.781;1.173;3.574;2.107","0.640;3.447;1.199;0.642","0.000;0.370;0.384;0.379","0.000;0.367;0.385;0.378","2500037.025;0.675;0.651;0.660","2000060.466;0.681;0.650;0.661","0.000;0.000;0.000;0.000","0.000;0.000;0.000;0.000","999.985;2222222222.222;3840245775.730;4545454545.455","999.970;4405286343.612;2307692307.692;1512859304.085"
"parsec-blackscholes-simsmall-3",35,80.620,113.950,"2000;2500;1500;1000","4000;3500;3000;1500","1;1;1;1","49.110;80.620;64.400;54.270","50.390;113.950;74.510;54.180","0.640;3.447;1.199;0.642","0.938;6.244;2.764;0.997","0.000;0.367;0.385;0.378","0.000;0.365;0.382;0.380","2000060.466;0.681;0.650;0.661","3000001.705;0.685;0.655;0.658","0.000;0.000;0.000;0.000","0.000;0.000;0.000;0.000","999.970;4405286343.612;2307692307.692;1512859304.085","1333.333;5109489051.095;4580152671.756;2279635258.359"
"parsec-blackscholes-simsmall-3",36,113.950,70.580,"3000;3500;2500;1500","1000;1000;1000;1000","1;1;1;1","50.390;113.950;74.510;54.180","48.080;70.580;60.900;55.080","0.938;6.244;2.764;0.997","0.403;0.989;1.015;0.995","0.000;0.365;0.382;0.380","0.000;0.371;0.388;0.375","3000001.705;0.685;0.655;0.658","1000011.147;0.673;0.645;0.667","0.000;0.000;0.000;0.000","0.000;0.000;0.000;0.000","1333.333;5109489051.095;4580152671.756;2279635258.359","999.989;1485884101.040;1550387596.899;1499250374.813"
"parsec-blackscholes-simsmall-3",37,70.580,71.830,"1000;1000;1000;1000","4000;1500;2000;3000","1;1;1;1","48.080;70.580;60.900;55.080","48.810;63.520;71.830;69.470","0.403;0.989;1.015;0.995","0.640;1.324;2.490;2.481","0.000;0.371;0.388;0.375","0.000;0.364;0.382;0.381","1000011.147;0.673;0.645;0.667","2000000.424;0.687;0.654;0.657","0.000;0.000;0.000;0.000","0.000;0.000;0.000;0.000","999.989;1485884101.040;1550387596.899;1499250374.813","2000.000;2183406113.537;3058103975.535;4566210045.662"
"parsec-blackscholes-simsmall-3",38,71.830,79.650,"2000;1500;2000;2000","3500;3500;2500;1500","1;1;1;1","48.810;63.520;71.830;69.470","50.310;77.290;79.650;58.350","0.640;1.324;2.490;2.481","0.938;3.002;3.102;1.074","0.000;0.364;0.382;0.381","0.000;0.367;0.383;0.378","2000000.424;0.687;0.654;0.657","3000001.211;0.681;0.652;0.662","0.000;0.000;0.000;0.000","0.000;0.000;0.000;0.000","2000.000;2183406113.537;3058103975.535;4566210045.662","1166.666;5139500734.214;3834355828.221;2265861027.190"
"parsec-blackscholes-simsmall-3",39,79.650,109.180,"3000;2500;2500;1500","4000;3000;4000;3000","1;1;1;1","50.310;77.290;79.650;58.350","52.250;79.520;109.180;69.250","0.938;3.002;3.102;1.074","1.299;3.093;5.830;2.498","0.000;0.367;0.383;0.378","0.000;0.278;0.383;0.378","3000001.211;0.681;0.652;0.662","24844.722;0.898;0.652;0.661","0.000;0.000;0.000;0.000","0.000;0.000;0.000;0.000","1166.666;5139500734.214;3834355828.221;2265861027.190","160999.990;3340757238.307;6134969325.153;4538577912.254"
"parsec-blackscholes-simsmall-3",40,109.180,84.050,"4000;3000;3500;2500","1500;1500;2000;1500","1;1;1;1","52.250;79.520;109.180;69.250","48.940;55.500;84.050;61.820","1.299;3.093;5.830;2.498","0.514;0.514;2.501;1.363","0.000;0.278;0.383;0.378","0.000;0.000;0.385;0.382","24844.722;0.898;0.652;0.661","1500000.509;1500000.509;0.650;0.655","0.000;0.000;0.000;0.000","0.000;0.000;0.000;0.000","160999.990;3340757238.307;6134969325.153;4538577912.254","1000.000;1000.000;3076923076.923;2290076335.878"
"parsec-blackscholes-simsmall-3",41,84.050,97.720,"1500;1500;2000;1500","2500;4000;3000;4000","1;1;1;1","48.940;55.500;84.050;61.820","49.660;49.790;97.720;76.730","0.514;0.514;2.501;1.363","0.781;0.781;4.454;3.071","0.000;0.000;0.385;0.382","0.000;0.000;0.341;0.378","1500000.509;1500000.509;0.650;0.655","16025.646;2500000.848;0.734;0.661","0.000;0.000;0.000;0.000","0.000;0.000;0.000;0.000","1000.000;1000.000;3076923076.923;2290076335.878","155999.952;1599.999;4087193460.490;6051437216.339"
"parsec-blackscholes-simsmall-3",42,97.720,110.150,"2500;2500;3000;2500","3500;3500;2500;2500","1;1;1;1","49.660;49.790;97.720;76.730","110.150;51.380;60.770;57.890","0.781;0.781;4.454;3.071","6.418;1.110;0.781;1.100","0.000;0.000;0.341;0.378","0.400;0.000;0.000;0.061","16025.646;2500000.848;0.734;0.661","0.622;3500017.059;2500012.185;4.072","0.000;0.000;0.000;0.000","0.000;0.000;0.000;0.000","155999.952;1599.999;4087193460.490;6051437216.339","5627009646.302;999.995;999.995;613948919.450"
"parsec-blackscholes-simsmall-3",43,110.150,70.150,"3500;3500;2500;2500","1000;1000;1000;1000","1;1;1;1","110.150;51.380;60.770;57.890","70.150;48.320;51.720;49.790","6.418;1.110;0.781;1.100","1.121;0.403;0.403;0.403","0.400;0.000;0.000;0.061","0.480;0.000;0.000;0.000","0.622;3500017.059;2500012.185;4.072","0.519;1000000.874;1000000.874;1000000.874","0.000;0.000;0.000;0.000","0.000;0.000;0.000;0.000","5627009646.302;999.995;999.995;613948919.450","1926782273.603;999.999;999.999;999.999"
"parsec-blackscholes-simsmall-3",44,70.150,80.290,"1000;1000;1000;1000","2500;1500;1500;1000","1;1;1;1","70.150;48.320;51.720;49.790","80.290;48.320;48.630;47.880","1.121;0.403;0.403;0.403","2.862;0.514;0.514;0.403","0.480;0.000;0.000;0.000","0.486;0.000;0.000;0.000","0.519;1000000.874;1000000.874;1000000.874","0.512;1500000.561;1500000.561;1000000.374","0.000;0.000;0.000;0.000","0.000;0.000;0.000;0.000","1926782273.603;999.999;999.999;999.999","4882812500.000;1000.000;1000.000;1000.000"
